‼,※［＃「※」は「！！」、第3水準1-8-75、39-15］
‼,※［＃「※」は「！！」、第3水準1-8-75、89-15］
〻,※［＃「※」は「二の字点」、第3水準1-2-22、112-9］
〻,※［＃「※」は「二の字点」、第3水準1-2-22、116-15］
〻,※［＃「※」は「二の字点」、第3水準1-2-22、119-5］
〻,※［＃「※」は「二の字点」、第3水準1-2-22、130-13］
〻,※［＃「※」は「二の字点」、第3水準1-2-22、142-15］
〻,※［＃「※」は「二の字点」、第3水準1-2-22、147-15］
〻,※［＃「※」は「二の字点」、第3水準1-2-22、161-5］
〻,※［＃「※」は「二の字点」、第3水準1-2-22、162-2］
〻,※［＃「※」は「二の字点」、第3水準1-2-22、163-12］
〻,※［＃「※」は「二の字点」、第3水準1-2-22、163-17］
〻,※［＃「※」は「二の字点」、第3水準1-2-22、163-6］
〻,※［＃「※」は「二の字点」、第3水準1-2-22、165-1］
〻,※［＃「※」は「二の字点」、第3水準1-2-22、167-3］
〻,※［＃「※」は「二の字点」、第3水準1-2-22、168-6］
〻,※［＃「※」は「二の字点」、第3水準1-2-22、168-7］
〻,※［＃「※」は「二の字点」、第3水準1-2-22、169-15］
〻,※［＃「※」は「二の字点」、第3水準1-2-22、169-16］
〻,※［＃「※」は「二の字点」、第3水準1-2-22、170-2］
〻,※［＃「※」は「二の字点」、第3水準1-2-22、170-3］
〻,※［＃「※」は「二の字点」、第3水準1-2-22、171-7］
〻,※［＃「※」は「二の字点」、第3水準1-2-22、172-16］
〻,※［＃「※」は「二の字点」、第3水準1-2-22、173-14］
〻,※［＃「※」は「二の字点」、第3水準1-2-22、26-7］
〻,※［＃「※」は「二の字点」、第3水準1-2-22、28-3］
〻,※［＃「※」は「二の字点」、第3水準1-2-22、29-12］
〻,※［＃「※」は「二の字点」、第3水準1-2-22、29-2］
〻,※［＃「※」は「二の字点」、第3水準1-2-22、32-14］
〻,※［＃「※」は「二の字点」、第3水準1-2-22、6-12］
〻,※［＃「※」は「二の字点」、第3水準1-2-22、82-12］
〻,※［＃「※」は「二の字点」、第3水準1-2-22、84-5］
〻,※［＃「※」は二の字点、第3水準1-2-22、198-1］
〻,※［＃「※」は二の字点、第3水準1-2-22、198-2］
〻,※［＃「※」は二の字点、第3水準1-2-22、200-6］
〻,※［＃「※」は二の字点、第3水準1-2-22、200-7］
〻,※［＃「※」は二の字点、第3水準1-2-22、200-9］
〻,※［＃「※」は二の字点、第3水準1-2-22、201-10］
〻,※［＃「※」は二の字点、第3水準1-2-22、201-6］
〻,※［＃「※」は二の字点、第3水準1-2-22、202-6］
〻,※［＃「※」は二の字点、第3水準1-2-22、202-7］
〻,※［＃「※」は二の字点、第3水準1-2-22、202-8］
〻,※［＃「※」は二の字点、第3水準1-2-22、287-下-13］
〻,※［＃「※」は二の字点、第3水準1-2-22、292-上-26］
〻,※［＃「※」は二の字点、第3水準1-2-22、67-13］
〻,※［＃「※」は二の字点、第3水準1-2-22、70-14］
〻,※［＃「※」は二の字点、第3水準1-2-22、70-16］
〽,※［＃「※」は「歌記号」、第三水準1-3-28、107-16］
〽,※［＃「※」は歌記号、第3水準1-3-28、215-9］
㒵,※［＃「※」は「白＋はち」、第3水準1-14-51、13-11］
㒵,※［＃「※」は「白＋はち」、第3水準1-14-51、143-11］
㒵,※［＃「※」は「白＋はち」、第3水準1-14-51、143-3］
㒵,※［＃「※」は「白＋はち」、第3水準1-14-51、148-1］
㒵,※［＃「※」は「白＋はち」、第3水準1-14-51、38-10］
㒵,※［＃「※」は「白＋はち」、第3水準1-14-51、48-4］
㒵,※［＃「※」は「白＋はち」、第3水準1-14-51、69-14］
㒵,※［＃「※」は「白＋はち」、第3水準1-14-51、69-9］
㒵,※［＃「※」は「白＋はち」、第3水準1-14-51、81-7］
㒵,※［＃「※」は「白＋はち」、第3水準1-14-51、89-10］
㒵,※［＃「※」は「白＋はち」、第3水準1-14-51、89-2］
㒵,※［＃「※」は「白＋はち」、第3水準1-14-51、91-14］
㒵,※［＃「※」は「白＋はち」、第3水準1-14-51、92-6］
㒵,※［＃「※」は「白＋はち」、第3水準1-14-51、93-4］
㒵,※［＃「兵」の「丘」に代えて「白」、第3水準1-14-51］
㒵,※［＃「白／八」、第3水準1-14-51］
㔟,※［＃「（甥のへん＋丸）／力」、第4水準2-3-40］
㕝,※［＃「古／又」、第4水準2-3-61］
㕞,※［＃「刷のへん＋又」、第4水準2-3-62］
㕮,※［＃「口＋父」、第4水準2-3-71］
㗅,※［＃「口＋胡」、第4水準2-4-15］
㘅,※［＃「口＋銜」、第4水準2-4-42］
㝫,※［＃「宀／隆」、第4水準2-8-9］
㝫,※［＃「宀／（嶐－山）」、第4水準2-8-9］
㝵,※［＃「得のつくり」、第4水準2-8-12］
㟽,※［＃「山＋票」、第4水準2-8-60］
㡡,※［＃「巾＋厨」、第4水準2-8-91］
㩮,※［＃「てへん＋擧」、第4水準2-13-59］
㩳,※［＃「てへん＋雙」、第4水準2-13-63］
㮈,※［＃「木＋奈」、第4水準2-15-9］
㮶,※［＃「木＋朔」、第3水準1-85-94］
㰏,※［＃「木＋（たけかんむり／高）」、第3水準1-86-26］
㷀,※［＃「煢－冖」、第4水準2-79-80］
㷀,※［＃「（火＋火）／訊のつくり」、第4水準2-79-80］
㷔,※［＃「※」は「火へん＋「稲」のつくり」、第4水準2-79-87、570-1］
㷔,※［＃「火＋稲のつくり」、第4水準2-79-87］
㸅,※［＃「火＋竹かんむり／（皀＋卩）」、第4水準2-80-8］
㹠,※［＃「けものへん＋屯」、第4水準2-80-31］
䇳,※［＃「竹かんむり／銭のつくり」、第4水準2-83-40］
䏰,※［＃「月＋忍」、第4水準2-85-34］
䑛,※［＃「祗」の「示」に代えて「舌」、第3水準1-90-58］
䑛,※［＃「舌＋低のつくり」、第3水準1-90-58］
䒾,※［＃「くさかんむり／衣」、第4水準2-86-18］
䔥,※［＃「くさかんむり／粛」、第4水準2-86-77］
䕃,※［＃「「蔭」の「陰のつくり」に代えて「人がしら／髟のへん」、第4水準2-86-78］
䕃,※［＃「蔭」の「陰のつくり」に代えて「人がしら／髟のへん」、第4水準2-86-78］
䖝,※［＃「丿／虫」、第3水準1-91-49］
䘏,※［＃「血＋おおざと」、第4水準2-88-4］
䘏,※［＃「衄のへん＋おおざと」、第4水準2-88-4］
䟽,※［＃「足へん＋流のつくり」、第4水準2-89-31］
䠖,※［＃「足へん＋咨」、第4水準2-89-41］
䠖,※［＃「足へん＋諮のつくり」、第4水準2-89-41］
䢵,※［＃「云＋おおざと」、第4水準2-90-7］
䬻,※［＃「飲のへん＋銭のつくり」、第4水準2-92-53］
䰗,※［＃「鬥＜亀」、第3水準1-94-30］
丏,※［＃「眄のつくり」、第4水準2-1-3］
丨,※［＃「十－一」、第3水準1-14-4］
丫,※［＃「Ｙ」に似た字、第4水準2-1-6］
丯,※［＃「挈－刀－手」、第3水準1-14-5］
丰,※［＃「三を貫いて縦棒、第3水準1-14-6］
丰,※［＃「耒－人」、第3水準1-14-6］
丰,※［＃「蚌のつくり」、第3水準1-14-6］
丰,※［＃「蚌－虫」、第3水準1-14-6］
乀,※［＃「乂－丿」、第4水準2-1-8］
么,※［＃「公の右上の欠けたもの」、第4水準2-1-10］
亍,※［＃「行のつくり」、第3水準1-14-7］
亹,※［＃「亠／興」の「具－目」に代えて「冖／且」、第4水準2-1-20］
亹,※［＃「亠／（「覺」の「爻」に代えて「同」、「見」に代えて「且」）、第4水準2-1-20］
亻,※［＃「にんべん」、第4水準2-1-21］
仐,※［＃「人がしら／十」、第4水準2-1-26］
仡,※［＃「にんべん＋乞」、第3水準1-14-8］
份,※［＃「※」は「にんべん＋分」、第3水準1-14-9、323-下22］
份,※［＃「※」は「にんべん＋分」、第3水準1-14-9、367-下9］
份,※［＃「にんべん＋分」、第3水準1-14-9］
份,※［＃「にんべん＋扮のつくり」、第3水準1-14-9］
仿,※［＃「にんべん＋方」、第3水準1-14-10］
伃,※［＃「にんべん＋予」、第3水準1-14-11、18-下-6］
伃,※［＃「にんべん＋予」、第3水準1-14-11］
伷,※［＃「にんべん＋由」、第4水準2-1-34］
佈,※［＃「にんべん＋布」、第3水準1-14-14］
佉,※［＃「にんべん＋去」、第3水準1-14-15］
佔,※［＃「にんべん＋占」、第4水準2-1-36］
佟,※［＃「にんべん＋（鼕－鼓）」、第3水準1-14-17］
你,※［＃「にんべん＋尓」、第3水準1-14-13］
你,※［＃「にんべん＋欠」の「人」に代えて「小」、第3水準1-14-13］
佪,※［＃「にんべん＋回」、第3水準1-14-18］
佺,※［＃「にんべん＋全」、第4水準2-1-41］
佽,※［＃「にんべん＋（咨－口）」、第4水準2-1-42］
佾,※［＃「にんべん＋（八がしら／月）」、第3水準1-14-20］
佾,※［＃「にんべん＋（八／月）」、読みは「いつ」、第3水準1-14-20］
侂,※［＃「にんべん＋（广＋托のつくり）」、第4水準2-1-43］
侔,※［＃「にんべん＋牟」、第3水準1-14-22］
侗,※［＃「にんべん＋同」、第3水準1-14-23］
俅,※［＃「にんべん＋求」、第4水準2-1-50］
俋,※［＃「にんべん＋邑」、第4水準2-1-51］
俏,※［＃「にんべん＋峭のつくり」、第4水準2-1-52］
俏,※［＃「にんべん＋悄のつくり」、第4水準2-1-52］
俏,※［＃「にんべん＋肖」、第4水準2-1-52］
倀,※［＃「にんべん＋長」、第4水準2-1-56］
倐,※［＃「※」は「條の左+灸」、第4水準2-1-57、202-6］
倐,※［＃「倏」の「犬」に代えて「火」、第4水準2-1-57］
倐,※［＃「倏の俗字（犬が火）」、第4水準2-1-57、127-下1］
倘,※［＃「にんべん＋尚」、第3水準1-14-30］
倘,※［＃「にんべん＋淌のつくり」、第3水準1-14-30］
倜,※［＃「にんべん＋周」、第4水準2-1-59］
倜,※［＃「にんべん＋蜩のつくり」、第4水準2-1-59］
倞,※［＃「にんべん＋京」、第4水準2-1-60］
倮,※［＃「にんべん＋果」、第3水準1-14-32］
倻,※［＃「にんべん＋耶」、第3水準1-14-34］
偁,※［＃「俘」の「子」に代えて「冉の４画目左右に突き出る」、第3水準1-14-35］
偎,※［＃「にんべん＋畏」、第4水準2-1-65］
偓,※［＃「にんべん＋屋」、第4水準2-1-66］
偪,※［＃「にんべん＋福のつくり」、第4水準2-1-70］
傒,※［＃「にんべん＋奚」、第4水準2-1-74］
傔,※［＃「にんべん＋慊のつくり」、第3水準1-14-36］
傕,※［＃「にんべん＋確のつくり」、第4水準2-1-76］
傖,※［＃「にんべん＋倉」、第4水準2-1-77］
傪,※［＃「にんべん＋參」、第4水準2-1-79］
傱,※［＃「にんべん＋從」、第4水準2-1-81］
僄,※［＃「にんべん＋票」、第4水準2-1-84］
僇,※［＃「にんべん＋繆のつくり」、第4水準2-1-85］
僎,※［＃「にんべん＋饌のつくり」、第4水準2-1-88］
僦,※［＃「※」は「にんべん」に「就」、第3水準1-14-40、43-6］
僦,※［＃「にんべん＋就」、第3水準1-14-40］
僩,※［＃「にんべん＋燗のつくり」、第4水準2-1-93］
儃,※［＃「にんべん＋亶」、第3水準1-14-43］
儆,※［＃「にんべん＋敬」、第3水準1-14-42］
儈,※［＃「にんべん＋會」、第4水準2-3-1］
儋,※［＃「にんべん＋擔のつくり」、第3水準1-14-44］
儋,※［＃「にんべん＋瞻－目」、第3水準1-14-44］
儗,※［＃「にんべん＋疑」、第4水準2-3-3］
儛,※［＃「にんべん＋舞」、第4水準2-3-4］
儞,※［＃「にんべん＋爾」、第3水準1-14-45］
儵,※［＃「條」の「木」に代えて「黨－尚」、第3水準1-14-46］
兕,※［＃「「凹／儿」」、第3水準1-14-49］
兕,※［＃「凹／儿」、第3水準1-14-49］
兗,※［＃「亠／兌」、第3水準1-14-50］
凞,※［＃「にすい＋熈」、第3水準1-14-55］
凞,※［＃「冫＋熈」、第3水準1-14-55］
凞,※［＃「熈」の「ノ」の左側に「冫」、第3水準1-14-55］
凞,※［＃「（冫＋熈－れんが）／れんが」、第3水準1-14-55］
凮,※［＃「凪」の「止」に代えて「百」、第3水準1-14-57］
凳,※［＃「登／几」、第4水準2-3-19］
凴,※［＃「※」は「にすい＋馬＋几」、第4水準2-3-20、172-2］
凴,※［＃「馮／几」、第4水準2-3-20］
刁,※［＃「刀」の「ノ」が横向き、第3水準1-14-58］
刁,※［＃「刀」の「丿」が横向き、第3水準1-14-58］
刓,※［＃「頑のへん＋りっとう」、第3水準1-14-60］
刕,※［＃「刀／（刀＋刀）」、第3水準1-14-61］
刖,※［＃「※」は「月＋りっとう」、第4水準2-3-23、55-5］
刖,※［＃「月＋りっとう」、第4水準2-3-23］
刖,※［＃「月＋りつとう」、第4水準2-3-23］
剉,※［＃「兀＋王」、第3水準1-14-62］
剉,※［＃「坐＋りっとう」、第3水準1-14-62、52-2］
剉,※［＃「坐＋りっとう」、第3水準1-14-62、55-3］
剉,※［＃「坐＋りっとう」、第3水準1-14-62］
剕,※［＃「非＋りっとう」、第4水準2-3-25］
剕,※［＃「（緋－糸）＋りっとう」、第4水準2-3-25］
剗,※［＃「戔＋りっとう」、第3水準1-14-63］
剗,※［＃「（戈／戈）＋りっとう」、第3水準1-14-63］
剜,※［＃「宛＋りっとう」、第4水準2-3-26］
剡,※［＃「炎＋りっとう」、第3水準1-14-64］
劂,※［＃「厥＋りっとう」、第4水準2-3-30］
劄,※［＃「答＋りっとう」、第4水準2-3-29］
劓,※［＃「鼻＋りっとう」、第3水準1-14-65］
劓,※［＃「鼻＋りつとう」、第3水準1-14-65］
劓,※［＃「鼾のへん＋りっとう」、第3水準1-14-65］
勑,※［＃「來＋力」、第4水準2-3-41］
勖,※［＃「瑁のつくり＋力」、第3水準1-14-70］
勛,※［＃「員＋力」、第3水準1-14-71］
勰,※［＃「協のつくり＋思」、第3水準1-14-73］
匀,※［＃「※」は「勹＋二」、第3水準1-14-75、113-9］
匀,※［＃「※」は「勹＋二」、第3水準1-14-75、34-3］
匀,※［＃「※」は「勹＋二」、第3水準1-14-75、61-2］
匀,※［＃「※」は「均のつくり」、読みは「にほ」、第3水準1-14-75、145-5］
匀,※［＃「※」は「均のつくり」、読みは「にほひ」、第3水準1-14-75、123-2］
匀,※［＃「※」は「均のつくり」、読みは「にほひ」、第3水準1-14-75、145-3］
匀,※［＃「均」のつくり、第3水準1-14-75］
匀,※［＃「均のつくり」、第3水準1-14-75］
匀,※［＃「均－土」、第3水準1-14-75］
匀,※［＃「均－土へん」、第3水準1-14-75］
匀,※［＃「鈞のつくり」、第3水準1-14-75］
匇,※［＃「※」は「つつみがまえ」＋「夕」、第3水準1-14-76、128-6］
匇,※［＃「※」は「つつみがまえ」＋「夕」、第3水準1-14-76、205-14］
匇,※［＃「※」は「つつみがまえ」＋「夕」、第3水準1-14-76、41-18］
匇,※［＃「※」は「つつみがまえ」＋「夕」、第3水準1-14-76、46-2］
匇,※［＃「※」は「つつみがまえ＋夕」、第3水準1-14-76、452-5］
匇,※［＃「※」は「勹」の中に「夕」、第3水準1-14-76、152-上-2］
匇,※［＃「※」は「勹」の中に「夕」、第3水準1-14-76、277-上-2］
匇,※［＃「つつみがまえ＋夕」、第3水準1-14-76］
匇,※［＃「つつみがまえ＋夕」、読みは「そう」、第3水準1-14-76、30-8］
匇,※［＃「勹〈夕」、第3水準1-14-76］
匇,※［＃「勹＋夕」、第3水準1-14-76］
匇,※［＃「勹／夕」、第3水準1-14-76］
匇,※［＃「勹＜夕」、第3水準1-14-76］
匜,※［＃「匚＜也」、第3水準1-14-77］
匵,※［＃「匚＜續のつくり」、第4水準2-3-47］
匾,※［＃「匚＋扁」、第4水準2-3-48］
匾,※［＃「匚＜扁」、第4水準2-3-48］
匾,※［＃「匸＜扁」、第4水準2-3-48］
匾,※［＃「匸＜編のつくり」の「戸」に代えて「戸の旧字」、第4水準2-3-48］
卬,※［＃「仰」から「にんべん」を取ったもの、読みは「ぎょう」、第4水準2-3-53］
卬,※［＃「昂－日」、第4水準2-3-53］
卬,※［＃「（項－頁）＋卩」、第4水準2-3-53］
卺,※［＃「※」は「丞」の「一」のかわりに「巳」、第4水準2-3-54、13-11］
卺,※［＃「丞／己」、第4水準2-3-54］
卺,※［＃「丞／犯のつくり」、第4水準2-3-54］
卺,※［＃「丞／（厄－厂）」、第4水準2-3-54］
厓,※［＃「※」は「涯－さんずい」、第3水準1-14-82、82-15］
厓,※［＃「※」は「涯－さんずい」、第3水準1-14-82、86-15］
厓,※［＃「厂＋圭」、第3水準1-14-82］
厓,※［＃「涯のつくり」、第3水準1-14-82］
厲,※［＃「※」は「勵－力」、第3水準1-14-84、106-1］
厲,※［＃「※」は「勵－力」、第3水準1-14-84、205-2］
厲,※［＃「※」は「勵－力」、第3水準1-14-84、22-4］
厲,※［＃「がんだれ＋萬」、第3水準1-14-84］
厲,※［＃「厂＋万」、第3水準1-14-84］
厲,※［＃「厂＋萬」、第3水準1-14-84］
厴,※［＃「厂＋（厭－厂）／甲」、第4水準2-3-56］
叕,※［＃「綴－糸」、第4水準2-3-63］
叚,※［＃「暇－日」、第4水準2-3-64］
叚,※［＃「蝦－虫」、第4水準2-3-64］
叵,※［＃「匚＜口」、第4水準2-3-67］
吒,※［＃「咤－宀」、第3水準1-14-85］
吧,※［＃「口＋巴」、第3水準1-14-86］
呃,※［＃「口＋厄」、第4水準2-3-72］
呍,※［＃「口＋云」、第3水準1-14-87］
呕,※［＃「口＋区」、第4水準2-3-68］
呢,※［＃「口＋尼」、第4水準2-3-73］
呦,※［＃「口＋幼」、第4水準2-3-74］
呴,※［＃「口＋句」、第3水準1-14-90］
呿,※［＃「口＋去」、第3水準1-14-91］
咈,※［＃「口＋弗」、第3水準1-14-92］
咍,※［＃「口＋台」、第4水準2-3-77］
咖,※［＃「※」は「口＋加」、第3水準1-14-93、181-8］
咖,※［＃「口＋加」、第3水準1-14-93］
咜,※［＃「※」は「口へん＋它」、第3水準1-14-88、38-4］
咜,※［＃「※」は「口＋它」、第3水準1-14-88、154-13］
咜,※［＃「※」は「口＋它」、読みは「た」、第3水準1-14-88、362-16］
咜,※［＃「口へん＋它」、第3水準1-14-88、読みは「タ」、94上-20］
咜,※［＃「口＋它」、第3水準1-14-88］
咜,※［＃「口＋它」、読みは「た」、第3水準1-14-88、362-16］
咜,※［＃「口＋它」（咤の俗字）、よみは「た」、第3水準1-14-88、127-上9］
咡,※［＃「※」は「口＋耳」、第3水準1-14-94、140-8］
咡,※［＃「※」は「口＋耳」、第3水準1-14-94、196-3］
咡,※［＃「※」は「口＋耳」、第3水準1-14-94、213-16］
咡,※［＃「※」は「口＋耳」、第3水準1-14-94、59-6］
咡,※［＃「※」は「口＋耳」、第3水準1-14-94、読みは「ささや」、196-6］
咡,※［＃「※」は「口＋耳」、第3水準1-14-94、読みは「ささや」、213-17］
咡,※［＃「※」は「口＋耳」、第3水準1-14-94、読みは「ささや」、215-9］
咡,※［＃「口＋耳」、第3水準1-14-94］
咩,※［＃「口＋羊」、第3水準1-15-1］
咷,※［＃「口＋兆」、第4水準2-3-83］
咿,※［＃「口＋伊」、第4水準2-3-85］
哃,※［＃「口＋同」、第4水準2-3-86］
哆,※［＃「口＋多」、第3水準1-15-2］
哬,※［＃「口＋何」、第4水準2-3-88］
哱,※［＃「口＋孛」、第4水準2-3-90］
唁,※［＃「口＋言」、第4水準2-3-93］
唉,※［＃「口＋矣」、第4水準2-3-94］
唎,※［＃「口＋利」、第3水準1-15-4、314-6］
唎,※［＃「口＋利」、第3水準1-15-4］
唫,※［＃「口＋金」、第3水準1-15-5］
唵,※［＃「※」は「俺」の「にんべん」に代えて「くちへん」、読みは「うん」、第3水準1-15-6、66-4］
唵,※［＃「口＋奄」、第3水準1-15-6］
唼,※［＃「口＋妾」、第4水準2-4-1］
啇,※［＃「嫡のつくり」、第4水準2-4-4］
啇,※［＃「摘のつくり」、第4水準2-4-4］
啇,※［＃「滴のつくり」、第4水準2-4-4］
啊,※［＃「口＋阿」、第4水準2-4-5］
啐,※［＃「口＋卒」、第3水準1-15-7］
啡,※［＃「※」は「口＋非」、第4水準2-4-8、181-8］
啡,※［＃「口＋非」、第4水準2-4-8］
啽,※［＃「口＋（合／廾）」、第4水準2-4-11］
喁,※［＃「口＋偶のつくり」、第3水準1-15-9］
喁,※［＃「口＋禺」、第3水準1-15-9］
喁,※［＃口＋禺、第3水準1-15-9］
喈,※［＃「口＋皆」、第4水準2-4-13］
喭,※［＃「口＋顏のへん」、第3水準1-15-13］
喿,※［＃「操のつくり」、第4水準2-4-19］
嗉,※［＃「口＋素」、第4水準2-4-20］
嗎,※［＃「口＋馬」、第3水準1-15-14］
嗑,※［＃「口＋盍」、第4水準2-4-22］
嗒,※［＃「口＋荅」、第4水準2-4-16］
嗝,※［＃「口＋鬲」、第4水準2-4-23］
嗢,※［＃「口＋慍のつくり」、第4水準2-4-25］
嘈,※［＃「口＋曹」、第3水準1-15-16］
嘎,※［＃「口＋戛」、第3水準1-15-17］
嘷,※［＃「口＋「皐」の「白」にかえて「自」、第4水準2-4-33］
嘷,※［＃「口＋皐」の「白」に代えて「自」、第4水準2-4-33］
嘻,※［＃「※」は「口＋喜」、第3水準1-15-18、読みは「き」、191-4］
嘻,※［＃「口＋喜」、第3水準1-15-18］
嘿,※［＃「口＋黒」、第4水準2-4-36］
嘿,※［＃「口＋（黨－尚）」、第4水準2-4-36］
噀,※［＃「口＋饌のつくり」、第4水準2-4-37］
噇,※［＃「口＋童」、第4水準2-4-38］
噉,※［＃「口＋敢」、第3水準1-15-19］
噞,※［＃「口＋僉」、第4水準2-4-39］
噞,※［＃「口＋嶮のつくり」、第4水準2-4-39］
噞,※［＃口＋僉、第4水準2-4-39］
噠,※［＃「口＋二点しんにょうの達」、第4水準2-4-40］
噦,※［＃「口＋穢のつくり」、第3水準1-15-21］
噯,※［＃「口＋愛」、第3水準1-15-23、397-13］
噯,※［＃「口＋愛」、第3水準1-15-23］
噱,※［＃「口＋劇のへん」、読みは「きょ」、第3水準1-15-24］
噱,※［＃「口＋據のつくり」、第3水準1-15-24］
噲,※［＃「※」は「くちへん」＋「會」、読みは「カイ」、第3水準1-15-25、200-13］
噲,※［＃「口＋會」、第3水準1-15-25］
噶,※［＃「口＋臈のつくり」、第3水準1-15-20］
噶,※［＃「口＋葛」、第3水準1-15-20］
嚕,※［＃「口＋魯」、第4水準2-4-45］
嚙,※［＃「口＋齒」、第3水準1-15-26］
嚚,※［＃「囂」の「頁」に代えて「臣」、第4水準2-4-46］
嚝,※［＃「口＋廣」、第4水準2-4-47］
嚞,※［＃「吉／（吉＋吉）」、第3水準1-15-27］
嚨,※［＃「口＋龍」、第4水準2-4-48］
嚩,※［＃「口＋（糸＋溥のつくり）」、第3水準1-15-28］
嚬,※［＃「口＋陟のつくり＋頁」、第3水準1-15-29］
嚲,※［＃「享＋單」、第4水準2-4-50］
嚲,※［＃「鶉のへん＋單」、第4水準2-4-50］
嚳,※［＃「學」の「子」に代えて「告」、第3水準1-15-30］
嚳,※［＃「學」の「子」に代えて「晧のつくり」、第3水準1-15-30］
囅,※［＃「單＋展」、第4水準2-4-51］
囉,※［＃※は「口＋羅」、第3水準1-15-31、168-12］
囉,※［＃「口＋羅」、第3水準1-15-31］
囷,※［＃「※」は「菌のくさかんむりを除いた形」、第4水準2-4-56、231-4］
囷,※［＃「菌－くさかんむり」、第4水準2-4-56］
圊,※［＃「囗＜倩のつくり」、第3水準1-15-33］
圊,※［＃「囗＜睛のつくり」、第3水準1-15-33］
圩,※［＃「土へん＋于」、第4水準2-4-61］
圯,※［＃「土へん＋巳」、第3水準1-15-36］
圯,※［＃「土＋己」、第3水準1-15-36］
圯,※［＃「土＋巳」、第3水準1-15-36］
坌,※［＃「「分／土」」、第4水準2-4-65］
坌,※［＃「分／土」、第4水準2-4-65］
坌,※［＃「扮のつくり／土」、第4水準2-4-65］
坨,※［＃「土へん＋它」、第4水準2-4-68］
坰,※［＃「土へん＋炯のつくり」、第3水準1-15-39］
坰,※［＃「炯」の「ひへん」に代えて「つちへん」、読みは「けい」、第3水準1-15-39］
坳,※［＃「土へん＋幼」、第4水準2-4-70］
坷,※［＃「土へん＋可」、第3水準1-15-40］
坻,※［＃「土へん＋低のつくり」、第4水準2-4-73］
坼,※［＃「土へん＋斥」、第3水準1-15-41］
坼,※［＃「土＋斥」、第3水準1-15-41］
垜,※［＃「土へん＋朶」、第3水準1-15-42］
垨,※［＃「土へん＋守」、第4水準2-4-80］
埤,※［＃「土へん＋卑」、第3水準1-15-49］
埤,※［＃「土へん＋婢のつくり」、第3水準1-15-49］
埭,※［＃「土へん＋逮のつくり」、第3水準1-15-50］
埭,※［＃「土へん＋隶」、第3水準1-15-50］
埵,※［＃「土へん＋垂」、第3水準1-15-51］
埸,※［＃「土へん＋易」、第4水準2-4-90］
埿,※［＃「泥／土」、第3水準1-15-53］
堞,※［＃「土へん＋喋のつくり」、第4水準2-4-94］
堞,※［＃「土へん＋楪のつくり」、第4水準2-4-94］
堠,※［＃「土へん＋侯」、第4水準2-5-1］
塌,※［＃「土へん＋搨のつくり」、第4水準2-5-7］
塤,※［＃「土へん＋員」、第3水準1-15-57］
塼,※［＃「土へん＋專」、第3水準1-15-59］
塼,※［＃「土＋專」、第3水準1-15-59］
墉,※［＃「土＋庸」、第3水準1-15-60］
墊,※［＃「執／土」、第4水準2-5-9］
墋,※［＃「土へん＋參」、第4水準2-5-10］
墩,※［＃「土へん＋敦」、第3水準1-15-63］
壒,※［＃「土へん＋蓋」、第3水準1-15-65］
壔,※［＃「※」は「つちへん＋壽」、第3水準1-15-67、167-10］
壔,※［＃「土へん＋壽」、第3水準1-15-67］
壚,※［＃「土へん＋盧」、第3水準1-15-68］
壚,※［＃「土＋盧」、第3水準1-15-68］
壠,※［＃「土へん＋龍」、第3水準1-15-69］
壳,※［＃「士／冖／一／几」、第4水準2-5-22］
夔,※［＃「（止＋（首／儿）＋巳）／夂」、第4水準2-5-28］
夤,※［＃「※」は「「夕」の下に「寅」」、第4水準2-5-29、437-下15］
夤,※［＃「※」は「「夕」＋「寅」を上下に組み合わせる」、第4水準2-5-29、436-8］
夤,※［＃「※」は「夕」の下に「寅」、第4水準2-5-29、170-6］
夤,※［＃「※」は「夕」の下に「寅」、第4水準2-5-29、91-5］
夤,※［＃「夕／寅」、第4水準2-5-29］
奝,※［＃「大／周」、第3水準1-15-73］
奝,※［＃「大／蜩のつくり」、第3水準1-15-73］
奭,※［＃「※」は「爽」の二つの「爻」に代えて「百」、読みは「せき」、第3水準1-15-74］
奭,※［＃「夾」の二つの「人」に代えて「百」、第3水準1-15-74］
奭,※［＃「爽」の二つの「爻」に代えて「百」、読みは「せき」、第3水準1-15-74］
奭,※［＃「爽」の二つの「爻」に変えて「百」、第3水準1-15-74］
奶,※［＃「女＋乃」、第4水準2-5-41］
妋,※［＃「女＋夫」、第3水準1-15-75］
妒,※［＃「女＋戸の旧字」、第3水準1-15-76］
妤,※［＃「女＋予」、第3水準1-15-77］
妼,※［＃「女＋必」、第4水準2-5-45］
姈,※［＃「女＋令」、第4水準2-5-46］
姒,※［＃「女＋以」、第3水準1-15-79］
姝,※［＃「※」は「女＋朱」、第3水準1-15-80、56-1］
姝,※［＃「※」は「女＋朱」、第3水準1-15-80、84-9］
姝,※［＃「女＋朱」、第3水準1-15-80］
姞,※［＃「女＋吉」、第4水準2-5-48］
姣,※［＃「女＋交」、第4水準2-5-49］
姣,※［＃「女＋皎のつくり」、第4水準2-5-49］
姧,※［＃「（女／女）＋干」、第4水準2-5-51］
娌,※［＃「女＋里」、第4水準2-5-56］
娓,※［＃「女へん＋尾」、第3水準1-15-81］
娓,※［＃「女＋尾」、第3水準1-15-81、384-11］
娓,※［＃「女＋尾」、第3水準1-15-81］
娧,※［＃「女＋兌」、第4水準2-5-59］
婕,※［＃「女＋捷のつくり」、第4水準2-5-61］
婭,※［＃「女＋亞」、第3水準1-15-84］
婷,※［＃「女＋亭」、第3水準1-15-85］
婺,※［＃「鶩」の「鳥」に代えて「女」、第4水準2-5-63］
婾,※［＃「喩」の「口」に代えて「女」、読みは「たの」、第3水準1-15-86、88-上-7］
婾,※［＃「女＋兪」、第3水準1-15-86］
媟,※［＃「女＋喋のつくり」、第4水準2-5-66］
媢,※［＃「女＋冒」、第4水準2-5-68］
媢,※［＃「女＋瑁のつくり」、第4水準2-5-68］
媧,※［＃「女＋咼」、第3水準1-15-89］
媱,※［＃「女＋徭のつくり」、第4水準2-5-69］
媱,※［＃「女＋搖のつくり」、第4水準2-5-69］
媳,※［＃「※」は「おんなへん+息」、第4水準2-5-70、103-8］
媳,※［＃「※」は「おんなへん+息」、第4水準2-5-70、123-15］
媳,※［＃「※」は「おんなへん+息」、第4水準2-5-70、124-14］
媳,※［＃「※」は「おんなへん+息」、第4水準2-5-70、124-15］
媳,※［＃「※」は「おんなへん+息」、第4水準2-5-70、124-16］
媳,※［＃「※」は「おんなへん+息」、第4水準2-5-70、138-7］
媳,※［＃「※」は「おんなへん+息」、第4水準2-5-70、139-8］
媳,※［＃「※」は「おんなへん+息」、第4水準2-5-70、221-16］
媳,※［＃「※」は「おんなへん+息」、第4水準2-5-70、82-7］
媳,※［＃「女＋息」、第4水準2-5-70］
媵,※［＃「縢」の「糸」に代えて「女」、第4水準2-5-71］
媿,※［＃「女＋鬼」、第4水準2-5-73］
嫄,※［＃「女＋原」、読みは「げん」、第3水準1-15-90］
嫜,※［＃「女＋章」、第4水準2-5-75］
嫠,※［＃「釐」の「里」に代えて「女」、第4水準2-5-76］
嫮,※［＃「女＋樗のつくり」、第4水準2-5-79］
嫰,※［＃「嗽」の「口」に代えて「女」、第4水準2-5-78］
嫰,※［＃「嫩」の「攵」に代えて「欠」、第4水準2-5-78］
嫵,※［＃「女＋無」、第4水準2-5-80］
嬀,※［＃「女＋爲」、第4水準2-5-81］
嬈,※［＃「女＋堯」、第4水準2-5-82］
嬙,※［＃「女＋嗇」、第3水準1-15-92］
嬥,※［＃「※」は「おんなへん」＋「羽（上部）」＋「隹（下部）」、読みは「チョウ」、第3水準1-15-93、199-1］
嬥,※［＃「女＋櫂のつくり」、第3水準1-15-93］
嬭,※［＃「女＋爾」、第4水準2-5-85］
嬴,※［＃「羸」の「羊」に代えて「女」、第4水準2-5-84］
孁,※［＃「靈」の「巫」に代えて「女」、第3水準1-47-53］
孌,※［＃「戀」の「心」に代えて「女」、第4水準2-5-86］
孒,※［＃「子の一が右半分だけ」、第4水準2-5-87］
孖,※［＃「孑＋子」、第3水準1-47-54］
孼,※［＃「（屮／師のへん＋辛）／子」、第4水準2-5-90］
孼,※［＃「（屮／（師のへん＋辛）／子」、第4水準2-5-90］
孼,※［＃「（（山／追のつくり）＋辛）／子」、第4水準2-5-90］
孼,※［＃「（（山／（追－しんにゅう）＋辛）／子」、第4水準2-5-90］
孽,※［＃「薛／子」、第3水準1-47-55］
孿,※［＃「戀」の「心」に代えて「女」、第4水準2-5-91］
孿,※［＃「戀」の「心」に代えて「子」、第4水準2-5-91］
宄,※［＃「宀／九」、第4水準2-5-93］
宓,※［＃「宀／必」、第3水準1-47-56］
宬,※［＃「宀／成」、第4水準2-8-2］
寀,※［＃「宀／綵のつくり」、第4水準2-8-4］
寖,※［＃「宀かんむり／浸」、第4水準2-8-7］
寖,※［＃「宀／（さんずい＋駸のつくり）」、第4水準2-8-7］
寘,※［＃「※」は「うかんむり＋眞」、第3水準1-47-57、390-8］
寘,※［＃「宀かんむり／眞」、第3水準1-47-57］
寘,※［＃「宀／眞」、第3水準1-47-57］
寬,※［＃「寛の「儿」を「兔」のそれのように、第3水準1-47-58］
寱,※［＃「寐」の「未」に代えて「自／木」、第4水準2-8-10］
尫,※［＃「※」は「兀＋王」、第3水準1-47-62、83-17］
尫,※［＃「おうにょう＋王」、第3水準1-47-62］
尫,※［＃「兀のにょうの形＋王」、第3水準1-47-62］
尫,※［＃「兀＋王」、第3水準1-47-62、36-上段-8］
尫,※［＃「兀＋王」、第3水準1-47-62］
屢,※［＃「尸＋婁」、第3水準1-47-64］
屣,※［＃「尸＋徙」、第4水準2-8-18］
屨,※［＃「尸＋（彳＋婁）」、第4水準2-8-20］
屩,※［＃「尸＋（彳＋喬）」、第4水準2-8-21］
屼,※［＃「山＋兀」、第4水準2-8-25］
岏,※［＃「山＋元」、第3水準1-47-69］
岠,※［＃「山＋巨」、第4水準2-8-33］
岠,※［＃「山＋秬のつくり」、第4水準2-8-33］
岣,※［＃「山＋句」、第3水準1-47-71］
岧,※［＃「山／召」、第4水準2-8-36］
岺,※［＃「山／令」、第3水準1-47-73］
峋,※［＃「山＋旬」、第3水準1-47-74］
峴,※［＃「山＋見」、第3水準1-47-77］
崐,※［＃「山＋昆」、第4水準2-8-45］
崧,※［＃「山／松」、第3水準1-47-81］
崧,※［＃「山／（鬆－髟）」、第3水準1-47-81］
崫,※［＃「山／屈」、第4水準2-8-46］
嵂,※［＃「山／律」、第4水準2-8-53］
嵇,※［＃「禾＋（尤／山）」、第3水準1-47-84］
嵓,※［＃「山／品」、第3水準1-47-85］
嶁,※［＃「山＋婁」、第3水準1-47-88］
嶒,※［＃「山＋曾」、第4水準2-8-63］
嶔,※［＃「山／欽」、第4水準2-8-64］
嶙,※［＃「山＋燐のつくり」、第4水準2-8-66］
嶙,※［＃「山＋隣のつくり」、第4水準2-8-66］
嶙,※［＃「燐の火へんに代えて山へん」、第4水準2-8-66］
嶠,※［＃「山＋喬」、第3水準1-47-89］
嶧,※［＃「山＋澤のつくり」、第3水準1-47-91］
嶧,※［＃「山＋繹のつくり」、第3水準1-47-91］
嶰,※［＃「山＋解」、第4水準2-8-67］
嶸,※［＃「山＋榮」、第3水準1-47-92］
嶹,※［＃「山＋壽」、第4水準2-8-71］
巋,※［＃「山／歸」、第3水準1-47-93］
巑,※［＃「山＋贊」、第4水準2-8-72］
巑,※［＃「山／贊」、第4水準2-8-72］
巘,※［＃「山＋獻」、第4水準2-8-74］
巠,※［＃「徑のつくり」、第4水準2-8-75］
巠,※［＃「經のつくり」、第4水準2-8-75］
巤,※［＃「獵のつくり」、第4水準2-8-77］
帀,※［＃「師のつくり」、第4水準2-8-80］
帒,※［＃「代／巾」、第4水準2-8-82］
帔,※［＃「巾＋皮」、第3水準1-84-9］
帕,※［＃「※」は「巾へん＋白」、第4水準2-8-83、113-4］
帕,※［＃「※」は「巾へん＋白」、第4水準2-8-83、134-17］
帕,※［＃「巾＋白」、第4水準2-8-83］
帘,※［＃「穴かんむり／巾」、第3水準1-84-10］
帘,※［＃「穴／巾」、第3水準1-84-10］
帟,※［＃「亦／巾」、第4水準2-8-85］
帮,※［＃「邦／巾」、第4水準2-8-86］
幘,※［＃「巾＋責」、第3水準1-84-11］
幞,※［＃「僕」の「にんべん」に代えて「巾」、第3水準1-84-12］
幞,※［＃「巾＋僕のつくり」、第3水準1-84-12］
幫,※［＃「封／帛」、第4水準2-8-92］
幮,※［＃「巾＋廚」、第4水準2-12-1］
庪,※［＃「广＋技」、第4水準2-12-4］
庾,※［＃「广＋臾」、第3水準1-84-13］
庾,※［＃「广＋諛のつくり」、第3水準1-84-13］
庿,※［＃「广＋苗」、第4水準2-12-7］
廆,※［＃「广＋鬼」、第4水準2-12-8］
廋,※［＃「广＋溲のつくり」、第3水準1-84-15］
廙,※［＃「广＋異」、第4水準2-12-10］
开,※［＃「研のつくり」、第3水準1-84-17］
异,※［＃「己／廾」、第3水準1-84-18］
弇,※［＃「合／廾」、第3水準1-84-19］
弈,※［＃「亦／廾」、第4水準2-12-13］
弣,※［＃「弓＋付」、第3水準1-84-21］
弴,※［＃「※」は「弓＋享」、第3水準1-84-22］
弴,※［＃「弓へん＋享」、第3水準1-84-22］
弴,※［＃「弓＋享」、第3水準1-84-22］
弴,※［＃「弓＋椁のつくり」、第3水準1-84-22］
弶,※［＃「※」は「弓＋京」、第3水準1-84-23、117-12］
弶,※［＃「※」は「弓＋京」、第3水準1-84-23、読みは「わな」、117-14］
弶,※［＃「弓＋京」、第3水準1-84-23］
弽,※［＃「弓＋喋のつくり」、第3水準1-84-24］
彀,※［＃「轂」の「車」に代えて「弓」、第3水準1-84-25］
彔,※［＃「※」は「祿－示」、第3水準1-84-27、144-上-9］
彔,※［＃「※」は「祿－示」、第3水準1-84-27、146-上-12］
彔,※［＃「※」は「祿－示」、第3水準1-84-27、153-下-2］
彔,※［＃「※」は「祿－示」、第3水準1-84-27、155-下-1］
彔,※［＃「※」は「祿－示」、第3水準1-84-27、155-下-9］
彔,※［＃「碌」のつくり、第3水準1-84-27］
彔,※［＃「碌のつくり」、第3水準1-84-27］
彔,※［＃「祿－示」、第3水準1-84-27］
彘,※［＃「※」は「上に彑、下に比を置き、比の間に矢が入る」、第3水準1-84-28、205-5］
彘,※［＃「彑／「比」の間に「矢」、第3水準1-84-28］
彘,※［＃「彑／（「比」の間に「矢」）」、第3水準1-84-28］
彤,※［＃「丹＋彡」、第3水準1-84-29］
彧,※［＃「或」の「丿」に代えて「彡」、第3水準1-84-30］
彧,※［＃「或」の「丿」に変えて「彡」、第3水準1-84-30］
彽,※［＃「低」の「にんべん」に代えて「彳」、第3水準1-84-31］
彽,※［＃「彳＋低のつくり」、第3水準1-84-31］
彽,※［＃「彳＋詆のつくり」、第3水準1-84-31］
彽,※［＃「彳＋（氏／一）」、第3水準1-84-31」］
徉,※［＃「※」は「ぎょうにんべん＋羊」、第3水準1-84-32、143-3］
徉,※［＃「※」は「ぎょうにんべん＋羊」、第3水準1-84-32、158-5］
徉,※［＃「彳＋羊、第3水準1-84-32」］
徉,※［＃「彳＋羊」、第3水準1-84-32］
徜,※［＃「※」は「ぎょうにんべん＋尚」、第3水準1-84-33、143-3］
徜,※［＃「※」は「ぎょうにんべん＋尚」、第3水準1-84-33、158-5］
徜,※［＃「彳＋尚」、第3水準1-84-33］
徜,※［＃「彳＋淌のつくり」、第3水準1-84-33］
徧,※［＃「※」は「偏」のにんべんが行にんべん、第3水準1-84-34、81-10］
徧,※［＃「※」は「偏」のにんべんが行にんべん、第3水準1-84-34、81-11］
徧,※［＃「※」は「偏」のにんべんが行にんべん、第3水準1-84-34、81-13］
徧,※［＃「※」は「偏」のにんべんが行にんべん、第3水準1-84-34、81-15］
徧,※［＃「※」は「偏」のにんべんが行にんべん、第3水準1-84-34、81-5］
徧,※［＃「※」は「偏」のにんべんが行にんべん、第3水準1-84-34、81-9］
徧,※［＃「※」は「偏」のにんべんが行にんべん、第3水準1-84-34、82-2］
徧,※［＃「※」は「偏」のにんべんが行にんべん、第3水準1-84-34、82-5］
徧,※［＃「※」は「偏」のにんべんが行にんべん、第3水準1-84-34、83-16］
徧,※［＃「※」は「偏」のにんべんが行にんべん、第3水準1-84-34、83-5］
徧,※［＃「※」は「偏」のにんべんが行にんべん、第3水準1-84-34、84-15］
徧,※［＃「※」は「偏」のにんべんが行にんべん、第3水準1-84-34、86-1］
徧,※［＃「※」は「偏」のにんべんが行にんべん、第3水準1-84-34、86-8］
徧,※［＃「彳＋扁」、第3水準1-84-34］
徧,※［＃「彳＋編のつくり」、第3水準1-84-34］
徧,※［＃「彳＋編のつくり」の「戸」に代えて「戸の旧字」、第3水準1-84-34］
徸,※［＃「彳＋童」、第4水準2-12-25］
忉,※［＃「りっしんべん＋刀」、第3水準1-84-38］
忒,※［＃「弌」の「一」に代えて「心」、第4水準2-12-30］
忓,※［＃「りっしんべん＋干」、第4水準2-12-31］
忞,※［＃「文／心」、第3水準1-84-39］
忡,※［＃「りっしんべん＋中」、第3水準1-84-40］
忩,※［＃「蚣のつくり／心」、第3水準1-84-41］
怍,※［＃「りっしんべん＋乍」、第3水準1-84-42］
怔,※［＃「りっしんべん＋正」、第3水準1-84-43］
怗,※［＃「りっしんべん＋占」、第4水準2-12-39］
怳,※［＃「※」は「りっしんべん」に「兄」、第3水準1-84-45、110-8］
怳,※［＃「※」は「りっしんべん＋兄」、第3水準1-84-45、163-14］
怳,※［＃「りっしんべん＋兄」、第3水準1-84-45］
怵,※［＃「りっしんべん＋朮」、第3水準1-84-46］
悕,※［＃「りっしんべん＋希」、第4水準2-12-46］
悝,※［＃「※」は「りっしんべん＋里」、第3水準1-84-49、187-8］
悝,※［＃「りっしんべん＋里」、第3水準1-84-49］
悞,※［＃「りっしんべん＋呉」、第3水準1-84-50］
悞,※［＃「りっしんべん＋蜈のつくり」、第3水準1-84-50］
悰,※［＃「りっしんべん＋宗」、第4水準2-12-49］
悱,※［＃「りっしんべん＋（緋－糸）」、第4水準2-12-50］
悾,※［＃「りっしんべん＋空」、第4水準2-12-51］
惋,※［＃「りっしんべん＋宛」、第3水準1-84-51］
惔,※［＃「りっしんべん＋炎」、第3水準1-84-52］
惕,※［＃「りっしんべん＋易」、第3水準1-84-53］
惛,※［＃「※」は「りっしんべん+昏」、第4水準2-12-54、212-10］
惛,※［＃「※」は「りっしんべん+昏」、第4水準2-12-54、216-7］
惛,※［＃「りっしんべん＋昏」、第4水準2-12-54］
惝,※［＃「りっしんべん＋尚」、第3水準1-84-54］
惝,※［＃「りっしんべん＋淌のつくり」、第3水準1-84-54］
惮,※［＃「りっしんべん＋単」、第4水準2-12-55］
惲,※［＃「りっしんべん＋軍」、第4水準2-12-56］
惸,※［＃「りっしんべん＋（旬／子）」、第3水準1-84-55］
愒,※［＃「りっしんべん＋曷」、第4水準2-12-59］
愒,※［＃「喝」の「口」に代えて「りっしんべん」、第4水準2-12-59］
愓,※［＃「りっしんべん＋昜」、第4水準2-12-60］
愜,※［＃「※」は「りっしんべん＋「篋」から「竹」を除いた形」、第3水準1-84-56、377-上14］
愜,※［＃「りっしんべん＋（はこがまえ＜夾）」、第3水準1-84-56］
愜,※［＃「りっしんべん＋（匚＜夾）」、第3水準1-84-56］
愷,※［＃「※」は「りっしんべん＋豈」、第3水準1-84-59、29-2］
愷,※［＃「りっしんべん＋豈」、第3水準1-84-59］
愷,※［＃「りつしんべん＋豈」、第3水準1-84-59］
愺,※［＃「りっしんべん＋草」、第4水準2-12-63］
慠,※［＃「りっしんべん＋敖」、第4水準2-12-67］
慠,※［＃「傲」の「にんべん」に代えて「りっしんべん」、第4水準2-12-67］
慼,※［＃「戚／心」、第4水準2-12-68］
憍,※［＃「りっしんべん＋喬」、第3水準1-84-61］
憒,※［＃「りっしんべん＋貴」、第4水準2-12-70］
憗,※［＃「※」は「來＋のぶん＋したごころ」、第3水準2-12-72、164-11］
憗,※［＃「（來＋攵）／心」、第4水準2-12-72］
憘,※［＃「りっしんべん＋喜」、第4水準2-12-73］
憥,※［＃「勞／心」、第4水準2-12-74］
憹,※［＃「りっしんべん＋農」、第3水準1-84-64］
懕,※［＃「厭／心」、第4水準2-12-78］
懟,※［＃「對／心」、第4水準2-12-80］
懵,※［＃「りっしんべん＋「夢」の「タ」に代えて「目」」、第4水準2-12-81］
懵,※［＃「りっしんべん＋夢」の「夕」に代えて「目」、第4水準2-12-81］
懵,※［＃「りっしんべん＋（「夢」の「夕」に代えて「目」）」、第4水準2-12-81］
懵,※［＃「りっしんべん＋（「甍」の「瓦」に代えて「目」）」、第4水準2-12-81］
懵,※［＃「りっしんべん＋（くさかんむり／あみがしら／冖／目）」、第4水準2-12-81］
戕,※［＃「爿＋戈」、第4水準2-12-83］
戢,※［＃「楫のつくり＋戈」、第3水準1-84-66］
戢,※［＃「（楫－木）＋戈」、第3水準1-84-66］
戩,※［＃「晉＋戈」、第4水準2-12-85］
扃,※［＃「戸だれ／（炯－火）」、第3水準1-84-68］
扃,※［＃「戸の旧字＋炯のつくり」、第3水準1-84-68］
扃,※［＃「戸の旧字／炯のつくり」、第3水準1-84-68］
扃,※［＃「戸＋炯のつくり」、第3水準1-84-68］
扆,※［＃「戸の旧字＋衣」、第4水準2-12-86］
扭,※［＃「てへん＋丑」、第4水準2-12-93］
扯,※［＃「てへん＋止」、第3水準1-84-71］
抅,※［＃「てへん＋勾」、拘の俗字、第3水準1-84-72］
抅,※［＃「てへん＋勾」、第3水準1-84-72］
抦,※［＃「てへん＋丙」、第4水準2-13-2］
拄,※［＃「てへん＋主」、第3水準1-84-73］
拄,※［＃「てへん＋（麈－鹿）」、第3水準1-84-73］
拄,※［＃「手へん＋主」、第3水準1-84-73］
拖,※［＃「てへん＋施のつくり」、第3水準1-84-74］
拽,※［＃「てへん＋曳」、第4水準2-13-5］
挊,※［＃「てへん＋峠のつくり」、第3水準1-84-76］
挊,※［＃「てへん＋裃のつくり」、第3水準1-84-76］
挊,※［＃「峠」の「山へん」が「てへん」、第3水準1-84-76、72-5］
挊,※［＃「峠」の「山へん」が「てへん」、第3水準1-84-76、73-8］
挊,※［＃「峠」の「山へん」が「てへん」、第3水準1-84-76、74-3］
挊,※［＃「峠」の「山へん」が「てへん」、第3水準1-84-76、74-4］
挍,※［＃「てへん＋交」、第4水準2-13-7］
挍,※［＃「てへん＋皎のつくり」、第4水準2-13-7］
挐,※［＃「如／手」、第4水準2-13-8］
挘,※［＃「※」は「てへん＋劣」、第3水準1-84-77、383-下8］
挘,※［＃「※」は「てへん＋劣」、第3水準1-84-77、83-1］
挘,※［＃「てへん＋劣」、第3水準1-84-77、198-1］
挘,※［＃「てへん＋劣」、第3水準1-84-77］
挘,※［＃「てへん＋劣」、読みは「も」、第3水準1-84-77］
挘,※［＃「手へん＋劣」、第3水準1-84-77］
挘,※［＃「手扁＋劣」、第3水準1-84-77、122上-5］
挲,※［＃「沙／手」、第4水準2-13-11］
挹,※［＃「てへん＋邑」、第3水準1-84-78］
捃,※［＃「てへん＋君」、第3水準1-84-79］
捄,※［＃「てへん＋求」、第4水準2-13-16］
捥,※［＃「※」は「てへん＋宛」、第3水準1-84-80、94-1］
捥,※［＃「てへん＋宛」、第3水準1-84-80、389-12］
捥,※［＃「てへん＋宛」、第3水準1-84-80、読みは「もぎ」「ねじ」、385-4］
捥,※［＃「てへん＋宛」、第3水準1-84-80］
捥,※［＃てへん＋宛、第3水準1-84-80］
捬,※［＃「てへん＋府」、第4水準2-13-22］
掙,※［＃「てへん＋爭」、第4水準2-13-24］
揵,※［＃「てへん＋廴＋聿」、第3水準1-84-84］
揷,※［＃「※」は「插」でつくりの縦棒が下に突き抜けている、第4水準2-13-28、12-4］
揷,※［＃「※」は「插」でつくりの縦棒が下に突き抜けている、第4水準2-13-28、14-5］
揷,※［＃「※」は「插」でつくりの縦棒が下に突き抜けている、第4水準2-13-28、30-5］
揷,※［＃「※」は「插」でつくりの縦棒が下に突き抜けている、第4水準2-13-28、32-6］
揷,※［＃「※」は「插」でつくりの縦棒が下に突き抜けている、第4水準2-13-28、72下-5］
揷,※［＃「※」は「插」でつくりの縦棒が下に突き抜けている、第4水準2-13-28］
揷,※［＃「「插」でつくりの縦棒が下に突き抜けている」、第4水準2-13-28］
揷,※［＃「插」でつくりの縦棒が下に突き抜けている、第4水準 2-13-28］
揷,※［＃「插」でつくりの縦棒が下に突き抜けている、第4水準2-13-28］
揷,※［＃「插」でつくりの縦棒が下に突き拔けている、第4水準2-13-28］
揷,※［＃「插」でつくりの關棒が下に突き關けている、第4水準2-13-28］
揷,※［＃「插」のつくりの縦棒が下に突き抜ける、第4水準2-13-28］
揷,※［＃「插」のつくりの縦画が下に突き出す、第4水準2-13-28］
揷,※［＃「插」のつくり縦棒を下に突き抜ける、第4水準2-13-28］
揷,※［＃「插」の最後の縦画が下に突き出ている文字、第4水準2-13-28、XLVI-11］
搉,※［＃「てへん＋確のつくり」、第4水準2-13-36］
搐,※［＃「てへん＋畜」、第3水準1-84-85］
搢,※［＃「てへん＋晉」、第3水準1-84-87］
搥,※［＃「てへん＋二点しんにょうの「追」」、第4水準2-13-38］
搥,※［＃「てへん＋二点しんにょうの追」、第4水準2-13-38］
搯,※［＃「てへん＋稻のつくり」、第4水準2-13-40］
摑,※［＃「てへん＋國」、第3水準1-84-89］
摚,※［＃「※」は「てへん＋堂」、第4水準2-13-41、351-16］
摚,※［＃「※」は「てへん＋堂」、第4水準2-13-41、355-6］
摚,※［＃「てへん＋堂」、第4水準2-13-41］
摚,※［＃「手へん＋堂」、第4水準2-13-41］
摛,※［＃「てへん＋璃のつくり」、第4水準2-13-42］
摠,※［＃「てへん＋總のつくり」、第3水準1-84-90］
摭,※［＃「てへん＋庶」、第3水準1-84-91］
摭,※［＃「てへん＋蹠のつくり」、第3水準1-84-91］
摳,※［＃「てへん＋區」、第4水準2-13-44］
摹,※［＃「墓」の「土」に代えて「手」、第3水準1-84-88］
摹,※［＃「暮」に「日」に代えて「手」、第3水準1-84-88］
摹,※［＃「暮」の「日」に代えて「手」、第3水準1-84-88］
摹,※［＃「莫／手」、第3水準1-84-88］
摹,※［＃「（墓－土）／手」、第3水準1-84-88］
摽,※［＃「てへん＋票」、第4水準2-13-45］
撇,※［＃「てへん＋敝」、第4水準2-13-46］
撑,※［＃「てへん＋掌」、第4水準2-13-47］
撾,※［＃「てへん＋二点しんにょうの過」、第3水準1-84-93］
撾,※［＃「てへん＋過」、第3水準1-84-93］
撿,※［＃「※」は「檢」の「きへん」の部分が「てへん」、第3水準1-84-94、527-7］
撿,※［＃「てへん＋僉」、第3水準1-84-94］
撿,※［＃「手へん＋僉」、第3水準1-84-94］
撿,※［＃「手扁＋僉」、第3水準1-84-94、63-13］
撿,※［＃「手扁＋僉」、第3水準1-84-94、63－13］
擄,※［＃「てへん＋虜」の「田」に代えて「田の真ん中の横棒が横につきぬけたもの」、第3水準1-85-1］
擋,※［＃「てへん＋當」、第4水準2-13-50］
擎,※［＃「敬／手」、第3水準1-84-92］
擎,※［＃「警」の「言」に代えて「手」、第3水準1-84-92］
擐,※［＃「てへん＋鐶のつくり」、第3水準1-85-3］
擕,※［＃「てへん＋雋」、第4水準2-13-52］
擤,※［＃「てへん＋嚊のつくり」、第4水準2-13-55］
擤,※［＃「てへん＋鼾のへん」、第4水準2-13-55］
擥,※［＃「覽」の「見」に代えて「手」、第4水準2-13-56］
擷,※［＃「てへん＋頡」、第3水準1-85-4］
擷,※［＃「手へん＋頡」、第3水準1-85-4］
擻,※［＃「てへん＋數」、第3水準1-85-5］
擿,※［＃「てへん＋二点しんにょうの適」、第4水準2-13-57］
擿,※［＃「てへん＋適」、第4水準2-13-57］
攄,※［＃「てへん＋慮」、第4水準2-13-58］
攔,※［＃「てへん＋闌」、第4水準2-13-61］
攔,※［＃「てへん＋闌」､第4水準2-13-61］
攖,※［＃「てへん＋嬰」、第4水準2-13-62］
攢,※［＃「てへん＋讚のつくり」、第3水準1-85-6］
攩,※［＃「※」は「てへん＋黨」、第3水準1-85-7、374-上19］
攩,※［＃「※」は「手偏＋黨」、第3水準1-85-7、111-16］
攩,※［＃「※」は「手偏＋黨」、第3水準1-85-7、112-12］
攩,※［＃「※」は「手偏＋黨」、第3水準1-85-7、114-4］
攩,※［＃「てへん＋黨」、第3水準1-85-7］
攲,※［＃「奇＋支」、第4水準2-13-65］
攲,※［＃「奇＋攴」、第4水準2-13-65、351-7］
敧,※［＃「※」は「奇＋攴」、第3水準1-85-9、117-8］
敧,※［＃「※」は「奇＋攴」、第3水準1-85-9、71-4］
敧,※［＃「※」は「奇＋攴」、第3水準1-85-9、93-2］
敧,※［＃「奇＋攴」、第3水準1-85-9］
斅,※［＃「學＋攴」、第4水準2-13-72］
斲,※［＃第4水準2-13-74］
旂,※［＃「族」の「矢」に代えて「斤」、第4水準2-13-78］
旲,※［＃「日／大」、第4水準2-13-82］
昀,※［＃「日＋均のつくり」、第3水準1-85-12］
昀,※［＃「日＋（勹＜二）」、第3水準1-85-12］
昉,※［＃「日＋方」、第3水準1-85-13］
昕,※［＃「日＋斤」、第3水準1-85-14、471-2］
昕,※［＃「日＋斤」、第3水準1-85-14］
昞,※［＃「日＋炳のつくり」、第3水準1-85-15］
昤,※［＃「日＋令」、第3水準1-85-18］
昫,※［＃「日＋句」、第3水準1-85-19］
昱,※［＃「日／立」、第3水準1-85-21］
昺,※［＃「日／丙」、第3水準1-85-16］
晈,※［＃「日＋皎のつくり」、第3水準1-85-24］
晌,※［＃「※」は「ひへん+向」、読みは「とき」、第3水準1-85-25、105-8］
晌,※［＃「「日＋向」、第3水準1-85-25］
晌,※［＃「日＋向」、第3水準1-85-25］
晙,※［＃「日＋俊のつくり」、第3水準1-85-27］
晛,※［＃「日＋見」、第4水準2-14-1］
晡,※［＃「日＋甫」、第3水準1-85-29］
晣,※［＃「日＋折」、第4水準2-14-2］
晳,※［＃「析／日」、第3水準1-85-31］
晳,※［＃「皙」の「白」に代えて「日」、第3水準1-85-31］
晷,※［＃「※」は、「日」の下に、「咎」の「人」を「卜」に替えたものを置いた形、第3水準1-85-32に包摂、105-2］
晷,※［＃「※」は、「日」の下に、「咎」の「人」を「卜」に替えたものを置いた形、第3水準1-85-32に包摂、109-4］
晷,※［＃「※」は、「日」の下に、「咎」の「人」を「卜」に替えたものを置いた形、第3水準1-85-32に包摂、111-8］
晷,※［＃「※」は、「日」の下に、「咎」の「人」を「卜」に替えたものを置いた形、第3水準1-85-32に包摂、19-14］
晷,※［＃「日／咎」、第3水準1-85-32、111-7］
晷,※［＃「日／咎」、第3水準1-85-32、111-8］
晷,※［＃「日／咎」、第3水準1-85-32］
晷,※［＃「日／（「咎」の「人」に代えて「卜」）」、第3水準1-85-32］
晻,※［＃「日＋奄」、第4水準2-14-9］
暠,※［＃「日／高」、第3水準1-85-36］
暱,※［＃「日＋匿」、第4水準2-14-16］
暲,※［＃「日＋章」、第3水準1-85-37］
曆,※［＃「暦」の「木」に代えて「禾」、第3水準1-85-39］
曈,※［＃「日＋童」、第3水準1-85-40］
曛,※［＃「「燻」の「火」に代えて「日」」、第3水準1-85-42］
曛,※［＃「日＋熏」、第3水準1-85-42］
曬,※［＃「日＋麗」、第4水準2-14-21］
朒,※［＃「月＋肉」、第4水準2-14-25］
朙,※［＃「圀＋月」の「方」に代えて「冂」、第4水準2-14-27］
朳,※［＃「木＋八」、第3水準1-85-47］
杇,※［＃「木＋（夸－大）」、第3水準1-85-49］
杈,※［＃「木＋扠のつくり」、第3水準1-85-50］
杌,※［＃「木＋兀」、第4水準2-14-30］
杦,※［＃「木＋畝のつくり」、第3水準1-85-48］
杻,※［＃「木＋丑」、第3水準1-85-51］
枒,※［＃「※」は「木へん」＋「牙」、第4水準2-14-40、81-7］
枒,※［＃「木＋冴のつくり」、第4水準2-14-40］
枒,※［＃「木＋牙」、第4水準2-14-40］
枘,※［＃「※」は「木＋内」、第3水準1-85-54、359-13］
枘,※［＃「※」は「木＋内」、第3水準1-85-54、362-3］
枘,※［＃「木＋吶のつくり」、第3水準1-85-54］
枛,※［＃「木＋爪」、第3水準1-85-55］
枰,※［＃「木＋怦のつくり」、第4水準2-14-44］
枲,※［＃「台／木」、第4水準2-14-45］
枻,※［＃「木＋世」、第3水準1-85-56］
柀,※［＃「木＋皮」、第3水準1-85-58］
柃,※［＃「木＋令」、第4水準2-14-46］
柰,※［＃「木／示」、第4水準2-14-51］
柹,※［＃「※」は「姉」の本字。第3水準1-85-57の木へんに代えて女へん。73-1］
柹,※［＃「※」は「木へん＋「弟」から一、二、三画目を取ったもの」、第3水準1-85-57、147-8］
柹,※［＃「※」は「木へん＋「弟」から一、二、三画目を取ったもの」、第3水準1-85-57、16-11］
柹,※［＃「※」は「木へん＋「弟」から一、二、三画目を取ったもの」、第3水準1-85-57、16-12］
柹,※［＃「※」は「木へん＋「弟」から一、二、三画目を取ったもの」、第3水準1-85-57、16-13］
柹,※［＃「※」は「木へん＋「弟」から一、二、三画目を取ったもの」、第3水準1-85-57、16-15］
柹,※［＃「木＋（「第－竹」の「コ」に代えて「ノ」）、「柿」の正字」、第3水準1-85-57］
柹,※［＃「木＋（「第－竹」の「コ」に代えて「丿」）、「柿」の正字」、第3水準1-85-57］
柹,※［＃「柿」の正字、第3水準1-85-57、104-7］
柹,※［＃「柿」の正字、第3水準1-85-57］
柹,※［＃第3水準1-85-57］
栝,※［＃「木＋舌」、第3水準1-85-63］
栟,※［＃「木＋并」、第4水準2-14-57］
栬,※［＃「※」は「木へん＋色」、第3水準1-85-64、136-3］
栬,※［＃「※」は「木へん＋色」、第3水準1-85-64、145-1］
栬,※［＃「※」は「木へん＋色」、第3水準1-85-64、149-3］
栬,※［＃「※」は「木へん＋色」、第3水準1-85-64、149-6］
栬,※［＃「※」は「木へん＋色」、第3水準1-85-64、149-7］
栬,※［＃「※」は「木へん＋色」、第3水準1-85-64、150-3］
栬,※［＃「※」は「木へん＋色」、第3水準1-85-64、150-4］
栬,※［＃「※」は「木へん＋色」、第3水準1-85-64、150-7］
栬,※［＃「※」は「木へん＋色」、第3水準1-85-64、171-8］
栭,※［＃「木＋而」、第4水準2-14-58］
栱,※［＃「木＋共」、第3水準1-85-65］
栳,※［＃「木＋老」、第4水準2-14-60］
桄,※［＃「木＋光」、第4水準2-14-63］
桅,※［＃「木＋危」、第4水準2-14-64、73下-10］
桅,※［＃「木＋危」、第4水準2-14-64］
桌,※［＃「卓」の「十」に代えて「木」、第4水準2-14-66］
桕,※［＃「木＋臼」、第4水準2-14-67］
桛,※［＃「木＋裃のつくり」、第3水準1-85-66］
桮,※［＃「木＋否」、第4水準2-14-71］
桲,※［＃「※」は「木へん＋孛」、読みは「ぼつ」、第3水準1-85-67、134-2］
桲,※［＃「木＋孛」、第3水準1-85-67］
桵,※［＃「木＋綏のつくり」、第3水準1-85-68］
桵,※［＃「綏」の「糸」に代えて「木」、第3水準1-85-68］
桺,※［＃柳の正字、第4水準2-14-72］
梖,※［＃「木＋貝」、第4水準2-14-76、118下-12］
梖,※［＃「木＋貝」、第4水準2-14-76、118下-14］
梖,※［＃「木＋貝」、第4水準2-14-76、118下-16］
梖,※［＃「木＋貝」、第4水準2-14-76、118下-17］
梖,※［＃「木＋貝」、第4水準2-14-76、118下-1］
梖,※［＃「木＋貝」、第4水準2-14-76、118下-3］
梖,※［＃「木＋貝」、第4水準2-14-76、118下-6］
梖,※［＃「木＋貝」、第4水準2-14-76］
梣,※［＃「木＋岑」、第3水準1-85-70］
梫,※［＃「木＋駸のつくり」、第4水準2-14-83］
梲,※［＃「木へん＋兌」、第3水準1-85-72］
梲,※［＃「木＋兌」、第3水準1-85-72］
棃,※［＃「犂」の「牛」に代えて「木」、第4水準2-14-90］
棖,※［＃「木＋長」、第4水準2-14-94］
棨,※［＃「（戸の旧字＋攵）／木」、第3水準1-85-75］
棬,※［＃「木＋卷」、第4水準2-15-4］
棭,※［＃「木＋夜」、第3水準1-85-76］
棰,※［＃「木＋垂」、第3水準1-85-77、280-15］
棰,※［＃「木＋垂」、第3水準1-85-77］
棱,※［＃「木＋陵のつくり」、第3水準1-85-78］
棻,※［＃「菓」の「田」に代えて「扮のつくり」、第4水準2-14-86］
椃,※［＃「木＋虎」、読みは「こう」、第4水準2-15-6］
椇,※［＃「木＋惧のつくり」、第4水準2-15-7］
椻,※［＃「木＋偃のつくり」、第4水準2-15-11］
楂,※［＃「木＋査」、第3水準1-85-84］
楆,※［＃「※」は「木＋要」、第4水準2-15-13、73-15］
楆,※［＃「木＋要」、第4水準2-15-13、43-下段-3］
楆,※［＃「木＋要」、第4水準2-15-13］
楉,※［＃「木＋若」、第3水準1-85-81］
楣,※［＃「※」は「木へん」＋「眉」、第3水準1-85-86、65-16］
楣,※［＃「※」は「木へん＋眉」、第3水準1-85-86、読みは「び」、155-1］
楣,※［＃「木へん＋眉」、第3水準1-85-86］
楣,※［＃「木＋眉」、第3水準1-85-86］
楤,※［＃「木＋怱」、第3水準1-85-87］
楨,※［＃「木＋貞」、第3水準1-85-88］
楩,※［＃「木＋便」、第4水準2-15-14］
楩,※［＃「木＋（にんべん＋哽のつくり）」、第4水準2-15-14］
楲,※［＃「木＋威」、第4水準2-15-16］
楺,※［＃「木＋柔」、第4水準2-15-17］
榀,※［＃「木＋品」、第3水準1-85-89］
榥,※［＃「木＋晃」、第3水準1-85-91］
榭,※［＃「木＋射」、第3水準1-85-92］
榷,※［＃「木＋確のつくり」、第4水準2-15-25］
榺,※［＃「縢」の「糸」に代えて「木」、第4水準2-15-26］
榼,※［＃「木＋盍」、第4水準2-15-27］
槀,※［＃「高／木」、第4水準2-15-28］
槖,※［＃「士／冖／石／木」、第4水準2-15-30］
槩,※［＃「（廐－广）／木」、第3水準1-86-3］
槩,※［＃「（漑－さんずい）／木」、第3水準1-86-3］
槳,※［＃「將／木」、第4水準2-15-39］
槴,※［＃「木＋（戸の旧字＋邑）」、第4水準2-15-41］
槵,※［＃「木＋患」、第3水準1-86-5］
槶,※［＃「木＋國」、第3水準1-86-6］
樏,※［＃「木＋累」、第3水準1-86-7］
樝,※［＃「木＋虎」の「儿」に代えて「且」、第4水準2-15-45］
樝,※［＃「木＋（虍／且）」、第4水準2-15-45］
樴,※［＃「識」の「言」に代えて「木」、第4水準2-15-49］
樾,※［＃「木＋越」、第3水準1-86-11］
樿,※［＃「木＋單」、第4水準2-15-50］
橅,※［＃「木＋無」、第3水準1-86-12］
橎,※［＃「木＋番」、第4水準2-15-54］
橐,※［＃「※」は「束」の上半分に「冖＋石＋木」、第3水準1-86-13、43-7］
橐,※［＃「蠹」の「虫＋虫」に代えて「木」、第3水準1-86-13］
橖,※［＃「木＋棠」、第3水準1-86-14］
橛,※［＃「木＋厥」、第3水準1-86-15］
檉,※［＃「木＋聖」、第3水準1-86-19］
檉,※［＃「木＋蟶のつくり」、第3水準1-86-19］
檑,※［＃「木＋雷」、第4水準2-15-62］
檝,※［＃「楫＋戈」、第3水準1-86-21］
檞,※［＃「木＋解」、第3水準1-86-22］
檟,※［＃「木＋賈」、第4水準2-15-63］
檡,※［＃「木＋澤のつくり」、第4水準2-15-64］
檥,※［＃「木＋義」、第3水準1-86-23］
檫,※［＃「木＋察」、第4水準2-15-66］
檽,※［＃「木＋需」、第4水準2-15-67］
櫔,※［＃「木＋（がんだれ＋萬）」、第4水準2-15-69］
櫔,※［＃「木＋（厂＋萬）」、第4水準2-15-69］
櫝,※［＃「木＋續のつくり」、第4水準2-15-72］
櫧,※［＃「※」は「木＋諸」、第3水準1-86-25、71-8］
櫧,※［＃「木＋諸」、第3水準1-86-25］
櫧,※［＃「木＋（言＋睹のつくり）」、第3水準1-86-25］
櫬,※［＃「木＋親」、第4水準2-15-75］
櫱,※［＃「（屮／師のへん＋辛）／木」、第4水準2-15-76］
櫲,※［＃「木＋豫」、第4水準2-15-77］
櫳,※［＃「木＋龍」、第4水準2-15-78］
櫽,※［＃「隱／木」、第4水準2-15-79］
櫽,※［＃「隱／木」」、第4水準2-15-79］
欏,※［＃「木＋羅」、第4水準2-15-82］
欛,※［＃「※」は「木＋霸」、第3水準1-86-28、122-8］
欛,※［＃「※」は「木＋霸」、第3水準1-86-28、218-7］
欛,※［＃「木＋霸」、第3水準1-86-28］
欞,※［＃「※」は「木へん＋靈」、第3水準1-86-29、119-14］
欞,※［＃「木＋靈」、第3水準1-86-29］
欬,※［＃「亥＋欠」、第3水準1-86-30］
欵,※［＃「※」は「「疑」のへんの部分＋「欠」」、第3水準1-86-31、502-4］
欵,※［＃「※」は「「疑」のへんの部分＋欠」、第3水準1-86-31、505-10］
欵,※［＃「※」は「「疑」のへんの部分＋欠」、第3水準1-86-31、「款」の俗字、34-9］
欵,※［＃「※」は「「疑」のへんの部分＋欠」、第3水準1-86-31、「款」の俗字、35-6］
欵,※［＃「※」は「「疑」のへんの部分＋欠」、第3水準1-86-31、「款」の俗字、35-8］
欵,※［＃「※」は「「疑」のへんの部分＋欠」、第3水準1-86-31、「款」の俗字、35-9］
欵,※［＃「※」は「「疑」のへんの部分＋欠」、第3水準1-86-31、「款」の俗字、35-欄外］
欵,※［＃「※」は「「疑」のへんの部分＋欠」、第3水準1-86-31、「款」の俗字、36-1］
欵,※［＃「※」は「「疑」のへんの部分＋欠」、第3水準1-86-31、「款」の俗字、36-5］
欵,※［＃「※」は「「疑」のへんの部分＋欠」、第3水準1-86-31、「款」の俗字、37-1］
欵,※［＃「※」は「疑」の左側＋欠」、第3水準1-86-31、173-15］
欵,※［＃「※」は「疑」の左側＋欠」、第3水準1-86-31、173-4］
欵,※［＃「※」は「疑」の左側＋欠」第3水準1-86-31、178-8］
欵,※［＃「欸」の「ム」に代えて「ヒ」、第3水準1-86-31］
欵,※［＃「疑のへん＋欠」、第3水準1-86-31］
欵,※［＃「肄」の「聿」に代えて「欠」、第3水準1-86-31］
欵,※［＃「肄のへん＋欠」、第3水準1-86-31］
歆,※［＃「音＋欠」、第3水準1-86-32］
歘,※［＃「火／（火＋火）＋欠」、第4水準2-15-90］
歧,※［＃「止＋支」、第3水準1-86-36］
殁,※［＃「歹＋殳」、第4水準2-15-94］
殂,※［＃「歹＋且」、第3水準1-86-38］
殛,※［＃「歹＋亟」、第4水準2-78-1］
殭,※［＃「歹＋橿のつくり」、第3水準1-86-40］
殮,※［＃「歹＋僉」、第4水準2-78-2］
殽,※［＃「肴＋殳」、第4水準2-78-4］
毉,※［＃「醫」の「酉」に代えて「巫」、第4水準2-78-8］
毖,※［＃「比／必」、第3水準1-86-43］
毗,※［＃「田＋比」、第3水準1-86-44］
毧,※［＃「毬」の「求」に代えて「戎」、第4水準2-78-11］
毮,※［＃「※」は「てへん＋毟」、第4水準2-78-12、153-13］
毮,※［＃「※」は「てへん＋毟」、第4水準2-78-12、323-上1］
毮,※［＃「※」は「てへん＋毟」、第4水準2-78-12、348-上13］
毮,※［＃「てへん＋毟」、第4水準2-78-12、225］
毮,※［＃「てへん＋毟」、第4水準2-78-12、257-18］
毮,※［＃「てへん＋毟」、第4水準2-78-12］
毱,※［＃「毛にょう＋（鞠－革）」、第4水準2-78-13］
毱,※［＃「毬」の「求」に代えて「鞠」のつくり、第4水準2-78-13、10下-5］
毱,※［＃「毬」の「求」に代えて「鞠のつくり」、第4水準2-78-13］
毿,※［＃「参＋毛」、第3水準1-86-45］
毿,※［＃「參＋毛」、第3水準1-86-45］
氅,※［＃「敞／毛」、第3水準1-86-46］
氐,※［＃「低のつくり」、第3水準1-86-47］
氐,※［＃「低－にんべん」、第3水準1-86-47］
氳,※［＃「※」は「气＋慍のつくり」、読みは「うん」、第3水準1-86-48、232-10］
氳,※［＃「※」は「气＋慍のつくり」、読みは「うん」、第3水準1-86-48、232-9］
氳,※［＃「气＜慍のつくり」、第3水準1-86-48］
氵,※［＃「さんずい」、第4水準2-78-17］
汙,※［＃「※」は「さんずい＋于」、第3水準1-86-49、180-14］
汙,※［＃「さんずい＋于」、第3水準1-86-49］
汜,※［＃「さんずい＋巳」、第3水準1-86-50］
汧,※［＃「さんずい＋幵」、第4水準2-78-47］
汭,※［＃「さんずい＋内」、第4水準2-78-24］
汭,※［＃「さんずい＋吶のつくり」、第4水準2-78-24］
汴,※［＃「さんずい＋卞」、第3水準1-86-52］
汴,※［＃「さんずい＋（丶／下）」、第3水準1-86-52］
汶,※［＃「さんずい＋文」、第3水準1-86-53］
汶,※［＃「さんずい＋（吝－口）」、第3水準1-86-53］
沄,※［＃「さんずい＋云」、第4水準2-78-25］
沅,※［＃「さんずい＋元」、第3水準1-86-54］
沆,※［＃「※」は「さんずい＋亢」、第3水準1-86-55、読みは「こう」、232-10］
沆,※［＃「さんずい＋亢」、第3水準1-86-55］
沉,※［＃「さんずい＋冗」、第4水準2-78-26］
沔,※［＃「さんずい＋眄のつくり」、第4水準2-78-28］
沔,※［＃「眄」の「目」に代えて「さんずい」、読みは「べん」、第4水準2-78-28］
沕,※［＃「吻」の「口」に代えて「さんずい」、第4水準2-78-29］
沜,※［＃「さんずい＋片」、第3水準1-86-57］
泆,※［＃「さんずい＋失」、第3水準1-86-59］
泆,※［＃「さんずい＋失」、読みは「いつ」、第3水準1-86-59］
泐,※［＃「さんずい＋こざとへん＋力」、第4水準2-78-33］
泔,※［＃「さんずい＋甘」、第3水準1-86-60］
泖,※［＃「※」は「さんずい＋卯」、第4水準2-78-35、17-上-9、底本はこの字を「さんずい＋「仰」のつくり」と作字上の誤り］
泖,※［＃「さんずい＋卯」、第4水準2-78-35］
泚,※［＃「さんずい＋此」、第4水準2-78-36］
泫,※［＃「さんずい＋玄」、第3水準1-86-62、60-10］
泫,※［＃「さんずい＋玄」、第3水準1-86-62］
泫,※［＃「沙」の「少」に代えて「玄」、第3水準1-86-62］
泬,※［＃「さんずい＋鴪のへん」、第4水準2-78-39］
泮,※［＃「さんずい＋絆のつくり」、第3水準1-86-63］
洄,※［＃「※」は「さんずい＋回」、第3水準1-86-65、125-13］
洄,※［＃「※」は「さんずい＋回」、第3水準1-86-65、127-3］
洄,※［＃「さんずい＋回」、第3水準1-86-65］
洊,※［＃「さんずい＋存」、第4水準2-78-43］
洎,※［＃「さんずい＋自」、第3水準1-86-66、92-1］
洎,※［＃「さんずい＋自」、第3水準1-86-66、92-3］
洎,※［＃「さんずい＋自」、第3水準1-86-66、LIV-12］
洎,※［＃「さんずい＋自」、第3水準1-86-66］
洦,※［＃「さんずい＋百」、第4水準2-78-45］
洧,※［＃「さんずい＋有」、第4水準2-78-46］
洮,※［＃「さんずい＋兆」、第3水準1-86-67］
洱,※［＃「さんずい＋耳」、第3水準1-86-68］
洴,※［＃「さんずい＋餠のつくり」、第4水準2-78-69］
洹,※［＃「さんずい＋亘」、第3水準1-86-69］
洼,※［＃「さんずい＋圭」、第4水準2-78-49］
洿,※［＃「さんずい＋夸」、第3水準1-86-70］
浞,※［＃「さんずい＋足」、第4水準2-78-51］
浥,※［＃「※」は「さんずい＋邑」、第3水準1-86-72、124-9］
浥,※［＃「さんずい＋邑」、第3水準1-86-72］
涇,※［＃「さんずい＋徑のつくり」、第3水準1-86-75］
涔,※［＃「さんずい＋岑」、第3水準1-86-77］
涘,※［＃「さんずい＋矣」、第4水準2-78-59］
涪,※［＃「さんずい＋倍のつくり」、第3水準1-86-78］
涴,※［＃「さんずい＋宛」、第4水準2-78-67］
涿,※［＃「さんずい＋（冢ー冖）」、第3水準1-86-80］
涿,※［＃「さんずい＋（冢－冖）」、第3水準1-86-80］
淂,※［＃「さんずい＋得のつくり」、第4水準2-78-68］
淄,※［＃「さんずい＋「緇」のつくり」、第3水準1-86-81］
淄,※［＃「さんずい＋緇のつくり」、第3水準1-86-81］
淏,※［＃「温」の「皿」に代えて「俣のつくり－口」、第4水準2-78-72］
淖,※［＃「さんずい＋卓」、第3水準1-86-82］
淛,※［＃「さんずい＋制」、第3水準1-86-84］
淝,※［＃「さんずい＋肥」、第3水準1-86-85］
淼,※［＃「水／（水＋水）」、第3水準1-86-86］
渗,※［＃「さんずい＋参」、第4水準2-78-61］
渧,※［＃「さんずい＋帝」、第4水準2-78-80］
湄,※［＃「さんずい＋眉」、第3水準1-86-89］
湏,※［＃「さんずい＋頁」、第4水準2-78-88］
湑,※［＃「さんずい＋胥」、第4水準2-78-89］
湓,※［＃「さんずい＋（扮のつくり／皿）」、第4水準2-78-90］
湗,※［＃「さんずい＋封」、第4水準2-78-92］
湜,※［＃「さんずい＋是」、第3水準1-86-90］
湣,※［＃「さんずい＋緡のつくり」、第4水準2-78-93］
溧,※［＃「さんずい＋栗」、第4水準2-79-2］
溱,※［＃「さんずい＋秦」、第3水準1-86-93］
滁,※［＃「さんずい＋除」、第3水準1-86-94］
滃,※［＃「さんずい＋翁」、第4水準2-79-5、16-6］
滃,※［＃「さんずい＋翁」、第4水準2-79-5］
滃,※［＃「さんずい＋鶲のへん」、第4水準2-79-5］
滇,※［＃「さんずい＋眞」、第3水準1-87-1］
滊,※［＃「※」は「さんずい＋氣」、第4水準2-79-6、108-4］
滊,※［＃「※」は「さんずい＋氣」、第4水準2-79-6、128-15］
滊,※［＃「※」は「さんずい＋氣」、第4水準2-79-6、166-4］
滊,※［＃「※」は「さんずい＋氣」、第4水準2-79-6、79-11］
滊,※［＃「※」は「さんずい＋氣」、第4水準2-79-6、83-10］
滊,※［＃「※」は「さんずい＋氣」、第4水準2-79-6、89-8］
滊,※［＃「さんずい＋氣」、第4水準2-79-6］
滎,※［＃「榮」の「木」に代えて「水」、第3水準1-87-2］
滎,※［＃「螢」の「虫」に代えて「水」、第3水準1-87-2］
滙,※［＃「さんずい＋（匚＜隹）」、第4水準2-79-7］
滙,※［＃「さんずい＋（匯－さんずい）」、第4水準2-79-7］
滹,※［＃「さんずい＋罅のつくり」、第4水準2-79-10］
滻,※［＃「さんずい＋顏のへん」の「彡」に代えて「生」、第4水準2-79-11］
漐,※［＃「執／水」、第3水準1-87-3］
漚,※［＃「さんずい＋區」、第3水準1-87-4］
漪,※［＃「※」は「さんずい＋猗」、第3水準1-87-6、128-9］
漪,※［＃「さんずい＋猗」、第3水準1-87-6］
漳,※［＃「さんずい＋章」、第3水準1-87-8］
漶,※［＃「さんずい＋患」、第4水準2-79-16］
潙,※［＃「さんずい＋爲」、第3水準1-87-10］
潚,※［＃「さんずい＋粛」、第4水準2-79-21］
潚,※［＃「さんずい＋肅」、第4水準2-79-21］
潚,※［＃「瀟－くさかんむり」、第4水準2-79-21］
潞,※［＃「さんずい＋路」、第3水準1-87-11］
潡,※［＃「さんずい＋敦」、第3水準1-87-12］
潢,※［＃「さんずい＋（広－广）」、第3水準1-87-13］
潢,※［＃「さんずい＋（廣－广）」、第3水準1-87-13］
澈,※［＃「轍」の「車」に代えて「さんずい」、第3水準1-87-15］
澌,※［＃「さんずい＋斯」、第3水準1-87-16］
澍,※［＃「澎」の「彡」に代えて「寸」、第3水準1-87-17］
澔,※［＃「さんずい＋晧」の「日」に代えて「白」、第3水準1-87-18］
澘,※［＃「さんずい＋（林／日）」、第4水準2-79-24］
澠,※［＃「※」は「さんずい＋黽」、読みは「めん」、第3水準1-87-19、152-5］
澠,※［＃「さんずい＋黽」、第3水準1-87-19］
澥,※［＃「さんずい＋解」、第4水準2-79-30］
澧,※［＃「さんずい＋豊」、第3水準1-87-20］
澶,※［＃「さんずい＋亶」、第3水準1-87-21］
澾,※［＃「さんずい＋二点しんにょうの達」、第4水準2-79-28］
濈,※［＃「さんずい＋揖のつくり＋戈」、第4水準2-79-34］
濊,※［＃「さんずい＋穢のつくり」、第3水準1-87-24］
濞,※［＃「さんずい＋鼾のへん」、第4水準2-79-37］
濰,※［＃「さんずい＋維」、第3水準1-87-26］
濵,※［＃「さんずい＋（宀／（「眉」の「目」に代えて「貝」））」、第3水準1-87-27］
濹,※［＃「さんずい＋墨」、第3水準1-87-25］
濹,※［＃「さんずい＋墨」第3水準1-87-25］
濹,※［＃「さんずい＋（壥－土へん－厂）」、第3水準1-87-25］
濼,※［＃「さんずい＋樂」、第4水準2-79-40］
瀆,※［＃「さんずい＋續のつくり」、第3水準1-87-29］
瀆,※［＃「さんずい＋賣」、第3水準1-87-29］
瀣,※［＃「※」は「さんずい＋餐の食を韭に変えたつくり」、第4水準2-79-44、読みは「がい」、232-10］
瀨,※［＃「さんずい＋懶のつくり」、第3水準1-87-30］
瀨,※［＃さんずい＋懶のつくり、第3水準1-87-30］
瀹,※［＃「さんずい＋龠」、第4水準2-79-46］
瀼,※［＃「さんずい＋襄」、第4水準2-79-48］
灃,※［＃「さんずい＋豐」、第4水準2-79-49］
灊,※［＃「さんずい＋（旡＋旡）／鬲」、第3水準1-87-31］
灊,※［＃「さんずい＋（（旡＋旡）／鬲）」、第3水準1-87-31］
灔,※［＃「さんずい＋艶」、第4水準2-79-53］
灝,※［＃「さんずい＋景＋頁」、第3水準1-87-32、読みは「こう」、229-上-5］
灝,※［＃「さんずい＋景＋頁」、第3水準1-87-32］
灝,※［＃「瀬」の「束」に代えて「景」、第3水準1-87-32］
灞,※［＃「さんずい＋霸」、第3水準1-87-33］
灤,※［＃「さんずい＋欒」、第3水準1-87-35］
灩,※［＃「さんずい＋艷のへん＋盍」、第4水準2-79-55］
灵,※［＃「帚」の「冖／巾」に代えて「火」、第3水準1-87-36］
灶,※［＃「火＋土」、第4水準2-79-58］
灾,※［＃「宀／火」、第4水準2-79-59］
炁,※［＃「既のつくり／れんが」、第4水準2-79-60］
炆,※［＃「火＋（吝－口）」、第4水準2-79-61］
炕,※［＃「火＋亢」、第4水準2-79-62］
炤,※［＃「火＋召」、第3水準1-87-38］
炫,※［＃「火＋玄」、第3水準1-87-39］
炷,※［＃「火＋主」、第3水準1-87-40］
炷,※［＃「火＋（麈-鹿）」、第3水準1-87-40］
炷,※［＃「火＋（麈－鹿）」、第3水準1-87-40］
炻,※［＃「※」は「火へん＋石」、第4水準2-79-64、78-4］
炻,※［＃「火＋石」、第4水準2-79-64］
烘,※［＃「※」は「火へん＋共」、第3水準1-87-42、509-1］
烘,※［＃「火＋共」、第3水準1-87-42、XVII-3］
烘,※［＃「火＋共」、第3水準1-87-42］
烤,※［＃「火＋考」、第3水準1-87-43］
焃,※［＃「火＋赤」、第4水準2-79-74］
焄,※［＃「君／れんが」、第4水準2-79-75］
焌,※［＃「火＋俊のつくり」、第4水準2-79-79］
焠,※［＃「火＋卒」、第3水準1-87-47、19-4］
焠,※［＃「火＋卒」、第3水準1-87-47］
焮,※［＃「火＋欣」、第3水準1-87-48］
焰,※［＃「火＋陷のつくり」、第3水準1-87-49］
焰,※［＃「火＋餡のつくり」、第3水準1-87-49］
煆,※［＃「火＋暇のつくり」、第3水準1-87-50］
煆,※［＃「火＋（暇－日）」、第3水準1-87-50］
煑,※［＃「※」は、「煮」の旧字体の「よってん」にかえて「火」、第3水準1-87-52、512-2］
煑,※［＃「睹のつくり／火」、第3水準1-87-52］
煑,※［＃「者／火」、第3水準1-87-52］
煑,※［＃「赭のつくり／火」、第3水準1-87-52］
煒,※［＃「火＋幃のつくり」、第3水準1-87-54］
煒,※［＃「火＋韋」、第3水準1-87-54］
煓,※［＃「火＋端のつくり」、第4水準2-79-85］
煜,※［＃「火＋（日／立）」、第3水準1-87-55］
煞,※［＃「煮」の「者」に代えて「（急-心）＋攵」、第4水準2-79-86］
煞,※［＃「（「急－心」＋攵）／れんが」、第4水準2-79-86］
煞,※［＃「（（危一厄）／（帚一冖一巾）＋攵）／れんが」、第4水準2-79-86］
煞,※［＃「（（危－厄）／（帚－冖－巾）＋攵）／れんが」、第4水準2-79-86］
煠,※［＃「※」は「火へん＋「喋」のつくり」、第3水準1-87-56、565-10］
煠,※［＃「火＋喋のつくり」、第3水準1-87-56］
煠,※［＃「火＋蝶のつくり」、第3水準1-87-56］
煠,※［＃「火＋（世／木）」、第3水準1-87-56］
煨,※［＃「火＋畏」、第3水準1-87-57］
熅,※［＃「火＋慍のつくり」、第3水準1-87-59］
熇,※［＃「火＋高」、第3水準1-87-60］
熒,※［＃「※」は「螢の虫部分を火」、読みは「まつ」、第3水準1-87-61、86-12］
熒,※［＃「勞」の「力」に代えて「火」、第3水準1-87-61］
熒,※［＃「螢」の「虫」に代えて「火」、第3水準1-87-61］
熖,※［＃「火＋稻のつくり」、第4水準2-79-88］
熢,※［＃「火＋二点しんにょうの逢」、第4水準2-79-92］
熮,※［＃「火＋膠のつくり」、第4水準2-79-93］
熯,※［＃「火＋艱のへん」、第4水準2-79-94］
熳,※［＃「火＋曼」、第4水準2-80-1］
熺,※［＃「火＋喜」、第3水準1-87-63］
燁,※［＃「火へん＋華」、第3水準1-87-62］
燁,※［＃「火＋華」、第3水準1-87-62］
燄,※［＃「※」は「焔」の78互換包摂字体のつくり＋「炎」、第3水準1-87-64、78-5］
燄,※［＃「諂のつくり＋炎」、第3水準1-87-64］
燄,※［＃「陥のつくり＋炎」、第3水準1-87-64］
燄,※［＃「陷のつくり＋炎」、第3水準1-87-64、306上－19］
燄,※［＃「陷のつくり＋炎」、第3水準1-87-64］
燄,※［＃「（勹／臼）＋炎」、第3水準1-87-64］
燄,※［＃「（啗－口）＋炎」、第3水準1-87-64］
燄,※［＃「（諂－言）＋炎」、第3水準1-87-64、412-13］
燄,※［＃「（諂－言）＋炎」、第3水準1-87-64、412-8］
燄,※［＃「（諂－言）＋炎」、第3水準1-87-64］
燄,※［＃「（諂－言）＋炎」、読みは「ほのお」、第3水準1-87-64、412-4］
燋,※［＃「火＋焦」、第4水準2-80-3］
燾,※［＃「壽／れっか」、第3水準1-87-65］
燾,※［＃「壽／れんが」、第3水準1-87-65］
爀,※［＃「火＋赫」、第3水準1-87-66］
爇,※［＃「くさかんむり／熱」、第4水準2-80-7］
爕,※［＃「燮」の「又」に代えて「火」、第3水準1-87-67、507-13］
爕,※［＃「燮」の「又」に代えて「火」、第3水準1-87-67］
爹,※［＃「父／多」、第4水準2-80-13］
爹,※［＃「（皎のつくり－亠）／多」、第4水準2-80-13］
牂,※［＃「爿＋羊」、第4水準2-80-15］
牓,※［＃「※」は「片＋旁」、第4水準2-80-16、298-10］
牓,※［＃「片＋旁」、第4水準2-80-16］
牕,※［＃「片＋總のつくり」、第3水準1-87-68］
牕,※［＃「片＋（總－糸）」、第3水準1-87-68］
牖,※［＃「片＋戸／甫」、第3水準1-87-69］
牖,※［＃「片＋（戸の旧字＋甫）」、第3水準1-87-69］
牖,※［＃「片＋（戸＋甫）」、第3水準1-87-69］
牖,※［＃「片＋（扈の邑に代えて甫）」、第3水準1-87-69］
牣,※［＃「仞」のにんべんに代えて牛へん、第4水準2-80-18］
牣,※［＃「牛＋刃」、第4水準2-80-18］
牣,※［＃「特のへん＋仞のつくり」、第4水準2-80-18］
牯,※［＃「特のへん＋古」、第4水準2-80-21］
牿,※［＃「牛＋告」、第4水準2-80-23］
牿,※［＃「特のへん＋晧のつくり」、第4水準2-80-23］
犍,※［＃「特のへん＋廴＋聿」、第3水準1-87-71］
犎,※［＃「封／牛」、第4水準2-80-24］
犛,※［＃「釐」の「里」に代えて「牛」、第3水準1-87-72］
犛,※［＃「釐」の「里」を「牛」にしたもの、第3水準1-87-72］
犭,※［＃「けものへん」、第4水準2-80-26］
犭,※［＃「狂－王」、第4水準2-80-26］
犱,※［＃「けものへん＋丸」、第4水準2-80-29］
狁,※［＃「けものへん＋允」、第4水準2-80-30］
狌,※［＃「けものへん＋生」、第4水準2-80-32］
狺,※［＃「けものへん＋言」、第4水準2-80-36］
狻,※［＃「けものへん＋俊のつくり」、第3水準1-87-75］
猇,※［＃「けものへん＋虎」、第4水準2-80-37］
猙,※［＃「けものへん＋爭」、第4水準2-80-40］
猧,※［＃「けものへん＋渦のつくり」、第3水準1-87-77］
猨,※［＃「けものへん＋爰」、第3水準1-87-78］
猬,※［＃「※」は「けものへん＋胃」、第4水準2-80-43、151-1］
猬,※［＃「けものへん＋胃」、第4水準2-80-43］
猱,※［＃「けものへん＋柔」、第4水準2-80-44］
猳,※［＃「けものへん＋暇のつくり」、第4水準2-80-45］
猹,※［＃「けものへん＋（木／旦）」、第4水準2-80-42］
獐,※［＃「けものへん＋章」、第3水準1-87-80、12-上-3］
獐,※［＃「けものへん＋章」、第3水準1-87-80］
獒,※［＃「敖／犬」、第4水準2-80-47］
獒,※［＃「螯」の「虫」に代えて「犬」、第4水準2-80-47］
獦,※［＃「けものへん＋臈のつくり」、第3水準1-87-81］
獦,※［＃「けものへん＋葛」、第3水準1-87-81］
獫,※［＃「けものへん＋僉」、第4水準2-80-49］
獮,※［＃「けものへん＋爾」、第4水準2-80-52］
獯,※［＃「けものへん＋熏」、第4水準2-80-53］
獱,※［＃「けものへん＋嬪のつくり」、第4水準2-80-54］
獷,※［＃「けものへん＋廣」、第4水準2-80-55］
獷,※［＃「けものへん＋廣」第4水準 2-80-55］
獼,※［＃「※」は「けものへん＋彌」、第3水準1-87-82、127-11］
獼,※［＃「けものへん＋彌」、第3水準1-87-82］
玁,※［＃「けものへん＋嚴」、第4水準2-80-56］
玅,※［＃「玄＋少」、第4水準2-80-57］
玕,※［＃「王＋干」、第3水準1-87-83、412-19］
玕,※［＃「王＋干」、第3水準1-87-83］
玘,※［＃「王＋己」、第4水準2-80-60］
玠,※［＃「王＋介」、第3水準1-87-85］
玢,※［＃「王＋分」、第3水準1-87-86］
玢,※［＃「王＋扮のつくり」、第3水準1-87-86］
玦,※［＃「王＋夬」、第3水準1-87-87］
玨,※［＃「王＋王」、第4水準2-80-64］
玨,※［＃「琴－今」、第4水準2-80-64］
玫,※［＃「※」は「たまへん＋攵」、第3水準1-87-88、129-10］
玫,※［＃「※」は「たまへん＋攵」、読みは「まい」、第3水準1-87-88、129-9］
玫,※［＃「王へん＋攵」、第3水準1-87-88］
玫,※［＃「王＋攵」、第3水準1-87-88］
玵,※［＃「※」は「王へん＋甘」、読みは「かん」、第4水準2-80-65、590-6］
玵,※［＃「王＋甘」、第4水準2-80-65］
玷,※［＃「王＋占」、第4水準2-80-66］
珉,※［＃「王＋民」、第3水準1-87-89］
珏,※［＃「王＋玉」、第3水準1-87-90］
珙,※［＃「王へん＋共」、第3水準1-87-92］
珙,※［＃「王＋共」、第3水準1-87-92］
珣,※［＃「王＋旬」、第3水準1-87-93］
珧,※［＃「王＋兆」、第4水準2-80-73］
珩,※［＃「王＋行」、第3水準1-87-94］
琇,※［＃「王＋秀」、第3水準1-88-1］
琊,※［＃「王＋邪」、第3水準1-88-2］
琚,※［＃「王＋居」、第3水準1-88-3］
琛,※［＃「王＋深のつくり」、第3水準1-88-4］
琤,※［＃「王＋爭」、第4水準2-80-78］
琦,※［＃「王＋奇」、第3水準1-88-6］
琪,※［＃「王＋其」、第3水準1-88-8］
琬,※［＃「王＋宛」、第3水準1-88-10］
琮,※［＃「王＋宗」、第3水準1-88-11］
琯,※［＃「王＋官」、第3水準1-88-12］
琰,※［＃「王＋炎」、第3水準1-88-13］
琹,※［＃「琴」の「今」に代えて「木」、第4水準2-80-80］
瑄,※［＃「王＋宣」、第3水準1-88-14］
瑇,※［＃「王へん＋毒」、第3水準1-88-16］
瑇,※［＃「王＋毒」、第3水準1-88-16］
瑇,※［＃「王＋毒」の「毋」に代えて「母」、第3水準1-88-16］
瑇,※［＃「王＋（「毒」のあしが「母」）」、第3水準1-88-16］
瑒,※［＃「玉＋昜」、第4水準2-80-85］
瑗,※［＃「王＋爰」、第3水準1-88-18］
瑫,※［＃「王＋滔のつくり」、第3水準1-88-20］
瑱,※［＃「王＋眞」、第4水準2-80-87］
璁,※［＃「王＋總のつくり」、第4水準2-80-88］
璅,※［＃「王＋樔のつくり」、第4水準2-80-89］
璆,※［＃「王へん＋樛のつくり」、第3水準1-88-22］
璆,※［＃「王＋膠のつくり」、第3水準1-88-22］
璉,※［＃「王＋二点しんにょうの連」、第3水準1-88-24］
璉,※［＃「王＋連」、第3水準1-88-24］
璐,※［＃「王＋路」、第3水準1-88-29］
璘,※［＃「王＋隣のつくり」、第3水準1-88-25］
璜,※［＃「王＋（廣ー广）」、第3水準1-88-26］
璟,※［＃「王へん＋景」、第3水準1-88-27］
璟,※［＃「王＋景」、第3水準1-88-27］
璠,※［＃「王＋番」、第4水準2-81-1］
璡,※［＃「王＋二点しんにょうの進」、第4水準2-81-2］
璣,※［＃「王へん＋幾」、第3水準1-88-28］
璣,※［＃「王＋幾」、第3水準1-88-28］
璣,※［＃「王＋饑のつくり」、第3水準1-88-28］
璨,※［＃「王＋粲」、第3水準1-88-31］
璩,※［＃「王＋據のつくり」、第3水準1-88-32］
璪,※［＃「王へん＋繰のつくり」、第4水準2-81-4］
璫,※［＃「王＋當」、第4水準2-81-5］
璵,※［＃「王＋與」、第3水準1-88-33］
璿,※［＃「王＋睿」、第3水準1-88-34］
瓈,※［＃「王＋黎」、第3水準1-88-35］
瓚,※［＃「王＋贊」、第3水準1-88-37］
瓞,※［＃「瓜のにょうの形＋失」、第4水準2-81-11］
瓫,※［＃「扮のつくり／瓦」、第4水準2-81-13］
瓺,※［＃「髟のへん＋瓶のつくり」、第4水準2-81-15］
瓿,※［＃「倍のつくり＋瓦」、第3水準1-88-38］
甤,※［＃「豕のにょうの形＋生」、第4水準2-81-18］
甯,※［＃「宀／心／（甬－マ）」、第3水準1-88-41］
畀,※［＃「嚊のつくり－自」、第4水準2-81-24］
畀,※［＃「鼾のへん－自」、第4水準2-81-24］
畎,※［＃「田＋犬」、第4水準2-81-26］
畬,※［＃「余／田」、第4水準2-81-29］
畯,※［＃「田＋俊のつくり」、第3水準1-88-42］
畱,※［＃「澑のつくり」、第4水準2-81-31］
畹,※［＃「田＋宛」、第3水準1-88-43］
畾,※［＃「田／（田＋田）」、第4水準2-81-34］
疒,※［＃「やまいだれ」、第3水準1-88-44］
疢,※［＃「やまいだれ＋火」、第4水準2-81-39］
疷,※［＃「やまいだれ＋低のつくり」、第4水準2-81-42］
痀,※［＃「やまいだれ＋句」、第4水準2-81-44］
痆,※［＃「やまいだれ＋尼」、第4水準2-81-45］
痎,※［＃「やまいだれ＋亥」、第3水準1-88-46］
痤,※［＃「やまいだれ＋坐」、第3水準1-88-47］
痬,※［＃「やまいだれ＋易」、第4水準2-81-52］
痹,※［＃「やまいだれ＋（鼾のへん－自）」、第4水準2-81-55］
痹,※［＃「やまいだれ＋（鼾－干－自）」、第4水準2-81-55］
痹,※［＃「やまいだれ＋（鼾－自－干）」、第4水準2-81-55］
瘀,※［＃「やまいだれ＋於」の「冬－夂」に代えて「冫」、第3水準1-88-48］
瘂,※［＃「やまいだれ＋亞」、第3水準1-88-49］
瘃,※［＃「やまいだれ＋（冢－冖）」、第4水準2-81-56］
瘇,※［＃「やまいだれ＋重」、第4水準2-81-58］
瘓,※［＃「やまいだれ＋奐」、第4水準2-81-62］
瘕,※［＃「やまいだれ＋「暇」のつくり」、第3水準1-88-51］
瘖,※［＃「やまいだれ＋音」、第3水準1-88-52］
瘙,※［＃「やまいだれ＋蚤」、第3水準1-88-53］
瘞,※［＃「やまいだれ＋（夾／土）」、第3水準1-88-54］
瘥,※［＃「※」はやまいだれ+差、第4水準2-81-66、80-11］
瘥,※［＃「やまいだれ＋差」、第4水準2-81-66］
瘭,※［＃「やまいだれ＋票」、第3水準1-88-55］
瘳,※［＃「やまいだれ＋膠のつくり」、第4水準2-81-69］
瘳,※［＃「やまいだれ＋謬のつくり」、第4水準2-81-69］
瘵,※［＃「やまいだれ＋祭」、第3水準1-88-56］
癃,※［＃「やまいだれ＋隆」、第3水準1-88-57］
癃,※［＃「やまいだれ＋（嶐－山）」、第3水準1-88-57］
癉,※［＃「やまいだれ＋單」、第4水準2-81-74］
癋,※［＃「やまいだれ＋惡」、第3水準1-88-58］
癤,※［＃「やまいだれ＋竹かんむり／（皀＋卩）」、第3水準1-88-59］
癥,※［＃「やまいだれ＋徴」、第3水準1-88-60］
癭,※［＃「やまいだれ＋嬰」、第3水準1-88-61］
癮,※［＃「やまいだれ＋隱」、第4水準2-81-77］
癯,※［＃「※」は「やまいだれ＋瞿」、第3水準1-88-62、137-3］
癯,※［＃「※」は「やまいだれ＋瞿」、読みは「や」、第3水準1-88-62、139-9］
癯,※［＃「※」は「やまいだれ＋瞿」、読みは「や」、第3水準1-88-62、141-3］
癯,※［＃「やまいだれ＋瞿」、第3水準1-88-62］
癱,※［＃「やまいだれ＋難」、第3水準1-88-63］
癱,※［＃「やまいだれ＋（攤－てへん）」、第3水準1-88-63］
皁,※［＃「白／十」、第3水準1-88-64］
皛,※［＃「白／（白＋白）」、第3水準1-88-65］
皡,※［＃「白＋皐」、第4水準2-81-80］
皦,※［＃「激」の「さんずい」に代えて「白」、第3水準1-88-68］
皦,※［＃「白＋激のつくり」、第3水準1-88-68］
皪,※［＃「白＋樂」、第3水準1-88-69］
皪,※［＃「白＋轢のつくり」、第3水準1-88-69］
盌,※［＃「※」は「上が「夕＋ふしづくり」＋下が「皿」」、第3水準1-88-72、読みは「わん」、11-2］
盌,※［＃「※」は「上が「夕＋ふしづくり」＋下が「皿」」、第3水準1-88-72、読みは「わん」、11-7］
盌,※［＃「※」は「上が「夕＋ふしづくり」＋下が「皿」」、第3水準1-88-72、読みは「わん」、59-7］
盌,※［＃「怨」の「心」に代えて「皿」、第3水準1-88-72］
盎,※［＃「央／皿」、第3水準1-88-73］
盔,※［＃「「灰／皿」」、第3水準1-88-74］
盔,※［＃「灰／皿」、第3水準1-88-74］
盬,※［＃「監」の「一」に代えて「古」、第4水準2-81-89］
盱,※［＃「目＋于」、第3水準1-88-76］
盼,※［＃「目＋分」、第3水準1-88-77］
盼,※［＃「目＋扮のつくり」、第3水準1-88-77］
眊,※［＃「目＋毛」、第3水準1-88-78］
眗,※［＃「目＋句」、第4水準2-81-91］
眙,※［＃「目＋台」、第3水準1-88-79］
眭,※［＃「目＋圭」、第4水準2-81-93］
眴,※［＃「※」は「目＋旬」、第3水準1-88-80、156-3］
眴,※［＃「目＋旬」、第3水準1-88-80］
眵,※［＃「目＋多」、第4水準2-81-94］
眶,※［＃「目＋匡」、第3水準1-88-81、28-8］
眶,※［＃「目＋匡」、第3水準1-88-81、30-2］
眶,※［＃「目＋匡」、第3水準1-88-81、XXXVIII-13］
眶,※［＃「目＋匡」、第3水準1-88-81］
眶,※［＃「目＋匡」」、第3水準1-88-81］
眶,※［＃「目＋框のつくり」、第3水準1-88-81］
睎,※［＃「目＋希」、第3水準1-88-84］
睜,※［＃「※」は「めへん+爭」、第3水準1-88-85、226-11］
睜,※［＃「※」は「めへん＋爭」、読みは「みまも」、第3水準1-88-85、8-9］
睜,※［＃「※」は「目へん＋爭」、読みは「みは」、第3水準1-88-85、1-24］
睜,※［＃「※」は「目へん＋爭」、読みは「みは」、第3水準1-88-85、39-8］
睜,※［＃「※」は「目＋爭」、第3水準1-88-85、122-7］
睜,※［＃「※」は「目＋爭」、第3水準1-88-85、141-10］
睜,※［＃「※」は「目＋爭」、第3水準1-88-85、163-9］
睜,※［＃「※」は「目＋爭」、第3水準1-88-85、17-14］
睜,※［＃「※」は「目＋爭」、第3水準1-88-85、172-12］
睜,※［＃「※」は「目＋爭」、第3水準1-88-85、172-6］
睜,※［＃「※」は「目＋爭」、第3水準1-88-85、179-12］
睜,※［＃「※」は「目＋爭」、第3水準1-88-85、179-5］
睜,※［＃「※」は「目＋爭」、第3水準1-88-85、190-14］
睜,※［＃「※」は「目＋爭」、第3水準1-88-85、204-3］
睜,※［＃「※」は「目＋爭」、第3水準1-88-85、26-10］
睜,※［＃「※」は「目＋爭」、第3水準1-88-85、286-13］
睜,※［＃「※」は「目＋爭」、第3水準1-88-85、330-15］
睜,※［＃「※」は「目＋爭」、第3水準1-88-85、333-5］
睜,※［＃「※」は「目＋爭」、第3水準1-88-85、46-10］
睜,※［＃「※」は「目＋爭」、第3水準1-88-85、61-1］
睜,※［＃「※」は「目＋爭」、第3水準1-88-85、71-3］
睜,※［＃「※」は「目＋爭」、第3水準1-88-85、99-8］
睜,※［＃「※」は「目＋爭」、第3水準1-88-85、読みは「みは」、179-16］
睜,※［＃「目＋爭」、第3水準1-88-85、100上-6］
睜,※［＃「目＋爭」、第3水準1-88-85、11上-10］
睜,※［＃「目＋爭」、第3水準1-88-85、14上-6］
睜,※［＃「目＋爭」、第3水準1-88-85、28-8］
睜,※［＃「目＋爭」、第3水準1-88-85］
睜,※［＃「目＋爭」、読みは「みは」、第3水準1-88-85、100上-7］
睟,※［＃「目＋卒」、第3水準1-88-86］
睢,※［＃「目＋隹」、第3水準1-88-87］
睪,※［＃「澤のつくり」、第4水準2-82-7］
睪,※［＃「睾－丿」、第4水準2-82-7］
睪,※［＃「繹－糸」、第4水準2-82-7］
睲,※［＃「目＋星」、第4水準2-82-9］
睺,※［＃「目＋侯」、第3水準1-88-88］
睼,※［＃「目＋是」、第4水準2-82-10］
睽,※［＃「目＋癸」、第4水準2-82-11］
瞚,※［＃「目＋寅」、第4水準2-82-14］
瞟,※［＃「目＋票」、第4水準2-82-15］
瞢,※［＃「夢」の「夕」に代えて「目」、第4水準2-82-16］
瞤,※［＃「目＋閏」、第4水準2-82-17］
瞪,※［＃「※」は「目へん＋登」、第3水準1-88-91、165-19］
瞪,※［＃「目＋登」、第3水準1-88-91］
矟,※［＃「矛＋悄のつくり」、第4水準2-82-20］
矠,※［＃「矛＋昔」、第3水準1-88-92］
矦,※［＃「危」の「卩」に代えて「矢」、第4水準2-82-22］
矦,※［＃「危」の「犯のつくり」に代えて「矢」、第4水準2-82-22］
矪,※［＃「知」の「口」に代えて「舟」、第4水準2-82-23］
矰,※［＃「知」の「口」に代えて「曾」、第4水準2-82-26］
矻,※［＃「石＋乞」、第4水準2-82-28］
砆,※［＃「石＋夫」、第4水準2-82-31］
砉,※［＃「（彡をつらぬいてたてぼう）／石」、第4水準2-82-32］
砉,※［＃「（挈－刀－手）／石」、第4水準2-82-32］
砍,※［＃「石＋欠」、第4水準2-82-33］
砡,※［＃「石＋玉」、第4水準2-82-35］
砬,※［＃「石＋立」、第4水準2-82-36］
砭,※［＃「※」は「いしへん」＋「乏」、読みは「いしばり」、第3水準1-88-93、94－11］
砭,※［＃「石＋乏」、第3水準1-88-93］
硃,※［＃「石＋朱」、第3水準1-89-1］
硎,※［＃「石＋刑」、第3水準1-89-2］
硤,※［＃「石＋夾」、第4水準2-82-38］
硨,※［＃「石＋車」、第3水準1-89-5］
确,※［＃「石＋角」、第3水準1-89-6］
碔,※［＃「石＋武」、第4水準2-82-42］
碟,※［＃「石＋喋のつくり」、第4水準2-82-46］
碭,※［＃「石＋昜」、第3水準1-89-10］
碰,※［＃「石＋並」、第3水準1-89-8］
碰,※［＃「石＋（朔のへん－屮）／（墟のつくり－虍）」、第3水準1-89-8］
磈,※［＃「石＋鬼」、第4水準2-82-48］
磌,※［＃「石＋眞」、第4水準2-82-49］
磎,※［＃「石へん＋奚」、第4水準2-82-50］
磕,※［＃「石＋盍」、第4水準2-82-51］
磠,※［＃「石＋鹵」、第4水準2-82-52］
磤,※［＃「石＋殷」、第3水準1-89-11］
磲,※［＃「石＋渠」、第3水準1-89-12］
磷,※［＃「石＋隣のつくり」、第3水準1-89-14］
磻,※［＃「石＋番」、第4水準2-82-57］
磾,※［＃「石＋單」、第4水準2-82-58］
礀,※［＃「石＋燗のつくり」、第3水準1-89-13］
礜,※［＃「譽」の「言」に代えて「石」、第3水準1-89-15］
礮,※［＃「石＋駮」、第3水準1-89-16］
礱,※［＃「龍／石」、第3水準1-89-17］
礴,※［＃「石＋薄」、第3水準1-89-18］
礴,※［＃「石＋（くさかんむり／溥）」、第3水準1-89-18］
礴,※［＃「石＋（蒲／寸）」、第3水準1-89-18］
祅,※［＃「示＋夭」、第3水準1-89-21］
祆,※［＃「しめすへん＋天」、第3水準1-89-22］
祆,※［＃「示＋天」、第3水準1-89-22］
祊,※［＃「示＋方」、第4水準2-82-65］
祜,※［＃「示＋古」、第3水準1-89-26］
祧,※［＃「示＋兆」、第4水準2-82-69］
祲,※［＃「示＋駸のつくり」、第4水準2-82-70］
禘,※［＃「示＋帝」、第3水準1-89-34］
禛,※［＃「示＋眞」、第4水準2-82-74］
禱,※［＃「示＋壽」、第3水準1-89-35］
禴,※［＃「示＋龠」、第4水準2-82-77］
离,※［＃「璃のつくり」、第4水準2-82-78］
秇,※［＃「禾＋丸」、第4水準2-82-80］
秈,※［＃「禾＋山」、第3水準1-89-37］
秌,※［＃「※」は「火へん＋禾」、第4水準2-82-81、31-10］
秌,※［＃「火＋禾」、第4水準2-82-81］
种,※［＃「禾＋中」、第4水準2-82-82］
秔,※［＃「禾＋亢」、第3水準1-89-40］
秫,※［＃「禾＋朮」、第3水準1-89-42］
秭,※［＃「禾＋（「第－竹」の「コ」に代えて「丿」）」、第3水準1-89-43］
稃,※［＃「禾＋孚」、第3水準1-89-44］
稊,※［＃「禾＋弟」、第4水準2-82-88］
稑,※［＃「禾＋陸のつくり」、第4水準2-82-89］
稛,※［＃「禾＋菌のあし」、第4水準2-82-91］
稛,※［＃「禾＋（囗＜禾）」、第4水準2-82-91］
稭,※［＃「禾へん＋皆」、第4水準2-82-94］
稭,※［＃「禾＋皆」、第4水準2-82-94］
稹,※［＃「禾へん＋眞」、第3水準1-89-46］
稹,※［＃「禾＋槇のつくり」、第3水準1-89-46］
稹,※［＃「禾＋眞」、第3水準1-89-46］
穠,※［＃「禾＋農」、第4水準2-83-8］
穪,※［＃「禾＋爾」、第4水準2-83-10］
穭,※［＃「禾＋魯」、第3水準1-89-48］
穵,※［＃「穴かんむり／乙」、第4水準2-83-11］
窂,※［＃「穴かんむり／牛」、第4水準2-83-13］
窂,※［＃「穴／牛」、第4水準2-83-13］
窅,※［＃「穴かんむり／目」、第3水準1-89-50］
窅,※［＃「空」の「工」に代えて「目」、第3水準1-89-50］
窠,※［＃「穴かんむり／果」、第3水準1-89-51］
窠,※［＃「穴／果」、第3水準1-89-51］
窣,※［＃「穴かんむり／卒」、第4水準2-83-16］
窣,※［＃「穴／卒」、第4水準2-83-16］
窬,※［＃「穴かんむり／兪」、第4水準2-83-17］
窳,※［＃「穴かんむり／（瓜＋瓜）」、第3水準1-89-53］
窹,※［＃「寤」の「宀」に代えて「穴かんむり」、第4水準2-83-20］
窻,※［＃「※」は「あなかんむり＋「聰」のつくり」、第3水準1-89-54、118-7］
窻,※［＃「※」は「あなかんむり＋「聰」のつくり」、第3水準1-89-54、154-10］
窻,※［＃「※」は「あなかんむり＋「聰」のつくり」、第3水準1-89-54、154-14］
窻,※［＃「窗の／心」、第3水準1-89-54、59-7］
窻,※［＃「窗／心」、第3水準1-89-54、47-4］
窻,※［＃「窗／心」、第3水準1-89-54］
窼,※［＃「穴かんむり／樔のつくり」、第4水準2-83-21］
窼,※［＃「穴／巣」、第4水準2-83-21］
竑,※［＃「立＋肱のつくり」、第4水準2-83-25］
竽,※［＃「竹かんむり／于」、第3水準1-89-57］
笇,※［＃「竹かんむり／卞」、第4水準2-83-31］
笧,※［＃「竹かんむり／冊」、第4水準2-83-34］
笭,※［＃「※」は「たけかんむり＋令」、第3水準1-89-59、170-2］
笭,※［＃「※」は「たけかんむり＋令」、第3水準1-89-59、173-5］
笭,※［＃「※」は「たけかんむり＋令」、第3水準1-89-59、174-6］
笭,※［＃「※」は「たけかんむり＋令」、第3水準1-89-59、174-7］
笭,※［＃「竹かんむり／令」、第3水準1-89-59］
笮,※［＃「竹かんむり／乍」、第4水準2-83-36］
笯,※［＃「竹かんむり／奴」、第4水準2-83-37］
笻,※［＃「竹かんむり／（工＋卩）」、第3水準1-89-60］
笻,※［＃「筑」の「凡」に代えて「卩」、第3水準1-89-60］
筇,※［＃「「筑」の「凡」に代えて「おおざと」、第3水準1-89-61］
筇,※［＃「竹かんむり／（エ＋おおざと）」、第3水準1-89-61］
筇,※［＃「筑」の「凡」に代えて「おおざと」、第3水準1-89-61］
筠,※［＃「竹かんむり／均」、第3水準1-89-63］
筠,※［＃「竹かんむり／（土へん＋鈞のつくり）」、第3水準1-89-63］
筩,※［＃「竹かんむり／甬」、第4水準2-83-48］
筭,※［＃「※」は「竹かんむり＋弄」、読みは「さん」、第3水準1-89-64、148-10］
筭,※［＃「※」は「竹かんむり＋弄」、読みは「さん」、第3水準1-89-64、148-11］
筭,※［＃「※」は「竹かんむり＋弄」、読みは「さん」、第3水準1-89-64、148-9］
筭,※［＃「※」は「竹かんむり＋弄」、読みは「さん」、第3水準1-89-64、154-5］
筭,※［＃「※」は「竹かんむり＋弄」、読みは「さん」、第3水準1-89-64、154-6］
筭,※［＃「※」は「竹かんむり＋弄」、読みは「さん」、第3水準1-89-64、154-7］
筭,※［＃「竹かんむり／弄」、第3水準1-89-64］
筯,※［＃「竹かんむり／助」、第3水準1-89-65］
筲,※［＃「竹かんむり／悄のつくり」、第3水準1-89-66］
筲,※［＃「竹かんむり／肖」、第3水準1-89-66］
筲,※［＃「霄」の「雨」に代えて「竹かんむり」、第3水準1-89-66］
筲,※［＃「霄」の「雨かんむり」に代えて「竹かんむり」、第3水準1-89-66］
箑,※［＃「たけかんむり／捷のつくり」、第4水準2-83-53］
箛,※［＃「竹かんむり／孤」、第4水準2-83-54］
箯,※［＃「竹かんむり／（にんべん＋哽のつくり）」、第4水準2-83-56］
箵,※［＃「※」は「たけかんむり＋省」、第4水準2-83-57、170-2］
箵,※［＃「※」は「たけかんむり＋省」、第4水準2-83-57、173-5］
箵,※［＃「※」は「たけかんむり＋省」、第4水準2-83-57、174-6］
箵,※［＃「※」は「たけかんむり＋省」、第4水準2-83-57、174-7］
箵,※［＃「竹かんむり／省」、第4水準2-83-57］
篔,※［＃「竹かんむり／員」、第4水準2-83-63］
篗,※［＃「竹かんむり／隻」、第3水準1-89-69］
篙,※［＃「※」は「たけかんむり＋高」、第3水準1-89-70、170-16］
篙,※［＃「竹かんむり／高」、第3水準1-89-70］
篚,※［＃「竹かんむり／匪」、第4水準2-83-65］
篚,※［＃「竹／匪」、第4水準2-83-65］
簁,※［＃「竹かんむり／徙」、第3水準1-89-71］
簃,※［＃「竹かんむり／移」、第4水準2-83-68］
簋,※［＃「竹かんむり／艮／皿」、第4水準2-83-69］
簎,※［＃「竹かんむり／措」、第4水準2-83-70］
簏,※［＃「竹かんむり／鹿」、第4水準2-83-71］
簞,※［＃「竹かんむり／單」、第3水準1-89-73］
簠,※［＃「竹かんむり／甫／皿」、第3水準1-89-74］
簦,※［＃「竹かんむり／登」、第4水準2-83-72］
簱,※［＃「竹かんむり／（方＋其）」、第3水準1-89-72］
簳,※［＃「竹かんむり／幹」、第3水準1-89-75］
簳,※［＃「竹／幹」、第3水準1-89-75］
簶,※［＃「竹かんむり／祿」、第3水準1-89-76］
籊,※［＃「竹かんむり／櫂のつくり」、第4水準2-83-74］
籑,※［＃「簒」の「ム」に代えて「良」、第4水準2-83-75］
籑,※［＃「纂」の「糸」に代えて「一／艮」、第4水準2-83-75］
籙,※［＃「※」は「たけかんむり＋録」、読みは「ぐひ」、第3水準1-89-79、5-8］
籙,※［＃「※」は「たけかんむり＋録」、読みは「ろく」、第3水準1-89-79、3-6］
籙,※［＃「※」は「竹」かんむりの下に「録」の旧字、第3水準1-89-79、74-2］
籙,※［＃「竹かんむり／（「碌」の「石」に代えて「金」）」、第3水準1-89-79］
籙,※［＃「竹かんむり／（金＋碌のつくり）」、第3水準1-89-79］
籙,※［＃「竹かんむり／（金＋祿のつくり）」、第3水準1-89-79］
籩,※［＃「竹かんむり／邊」、第4水準2-83-79］
籩,※［＃「竹／邊」、第4水準2-83-79］
籮,※［＃「竹かんむり／羅」、第4水準2-83-80］
籰,※［＃「竹かんむり／瞿／又」、第4水準2-83-82］
籰,※［＃「竹かんむり／（目＋目）／隻」、第4水準2-83-82］
籰,※［＃「竹／（目＋目）／隻」、第4水準2-83-82］
籹,※［＃「米＋女」、第3水準1-89-81］
粏,※［＃「米＋太」、第3水準1-89-82］
粔,※［＃「米＋巨」、第3水準1-89-83］
粔,※［＃「米＋秬のつくり」、第3水準1-89-83］
粦,※［＃「隣のつくり」、第4水準2-83-86］
粼,※［＃「隣のつくり＋（巛の波が２本）」、第3水準1-89-85］
糈,※［＃「米＋胥」、第4水準2-83-94］
糍,※［＃「米＋滋のつくり」、第4水準2-84-1］
糕,※［＃「米＋羔」、第3水準1-89-86］
糙,※［＃「米＋慥のつくり」、第3水準1-89-87］
糙,※［＃「米＋造」、読みは「ぞう」、第3水準1-89-87、76上-15］
糝,※［＃「米＋參」、第3水準1-89-88］
糫,※［＃「米＋鐶のつくり」、第4水準2-84-6］
糵,※［＃「薛／米」、第4水準2-84-8］
紇,※［＃「糸＋乞」、第3水準1-89-89］
紈,※［＃「糸＋丸」、第3水準1-89-90］
紉,※［＃「糸＋仞のつくり」、第4水準2-84-10］
紒,※［＃「糸＋介」、第4水準2-84-12］
紓,※［＃「糸＋予」、第3水準1-89-91］
紝,※［＃「糸＋壬」、第3水準1-89-92］
紱,※［＃「糸＋拔のつくり」、第3水準1-89-94］
絀,※［＃「糸＋出」、第4水準2-84-18］
絁,※［＃「糸＋施のつくり」、第3水準1-90-1］
絓,※［＃「糸＋圭」、第3水準1-90-3］
絜,※［＃「禊のつくり」の「大」に代えて「糸」、第3水準1-90-4］
絰,※［＃「糸＋至」第4水準2-84-26］
絺,※［＃「糸＋希」、第3水準1-90-5］
絿,※［＃「糸＋求」、第4水準2-84-28］
綃,※［＃「糸＋悄のつくり」、第3水準1-90-6］
綆,※［＃「糸＋哽のつくり」、第4水準2-84-30］
綈,※［＃「※」は、「糸＋弟」、第4水準2-84-31、99-11］
綈,※［＃「糸＋弟」、第4水準2-84-31］
綝,※［＃「糸＋林」、第4水準2-84-35］
綦,※［＃「棊」の「木」に代えて「糸」、第3水準1-90-9］
綷,※［＃「糸＋卒」、第4水準2-84-39］
緂,※［＃「糸＋炎」、第3水準1-90-10］
緌,※［＃「糸＋委」、第3水準1-90-11］
緗,※［＃「糸＋相」、第4水準2-84-41］
緦,※［＃「糸＋思」、第4水準2-84-43］
緱,※［＃「糸＋侯」、第4水準2-84-44］
縈,※［＃「榮」の「木」に代えて「糸」、第3水準1-90-16、90-2］
縈,※［＃「榮」の「木」に代えて「糸」、第3水準1-90-16］
縈,※［＃「榮の木に代えて糸」、第3水準1-90-16］
縈,※［＃「螢」の「虫」に代えて「糸」、第3水準1-90-16］
縈,※［＃「（火＋火）／冖／糸」、第3水準1-90-16］
縐,※［＃「糸＋芻」、第4水準2-84-49］
縑,※［＃「糸＋兼」、第3水準1-90-17］
縑,※［＃「糸＋慊のつくり」、第3水準1-90-17］
縑,※［＃「糸＋賺のつくり」、第3水準1-90-17］
縑,※［＃「糸＋（賺－貝）」、第3水準1-90-17］
縕,※［＃「糸」＋褞のつくり」、第3水準1-90-18］
縕,※［＃「糸＋慍のつくり」、第3水準1-90-18］
縕,※［＃「糸＋褞のつくり」、第3水準1-90-18］
縕,※［＃「糸＋（囚／皿）」、第3水準1-90-18］
縗,※［＃「糸＋衰」、第4水準2-84-50］
縠,※［＃「※」は「穀のへんにある禾が系」、読みは「こく」、第4水準2-84-52、146-11］
縧,※［＃「糸＋條」、第4水準2-84-53］
縨,※［＃「糸＋晃」、第3水準1-90-15］
縬,※［＃「糸＋戚」、第4水準2-84-54］
繅,※［＃「糸＋樔のつくり」、第4水準2-84-55］
繇,※［＃「搖のつくり＋系」、第3水準1-90-20］
繇,※［＃「搖鷂のへん＋系」、第3水準1-90-20］
繇,※［＃「瑤のつくり＋系」、第3水準1-90-20］
繇,※［＃「鷂」の「鳥」に代えて「系」、第3水準1-90-20］
繇,※［＃「鷂のへん＋系」、第3水準1-90-20］
繒,※［＃「糸＋曾」、第3水準1-90-21］
繵,※［＃「糸＋亶」、第4水準2-84-57］
繾,※［＃「糸＋二点しんにょうの遣」、第4水準2-84-58］
纆,※［＃「糸＋墨」、第4水準2-84-59］
纇,※［＃「（米／糸）＋頁」、第4水準2-84-60］
纊,※［＃「糸＋廣」、第3水準1-90-23］
纍,※［＃「「壘」の「土」に代えて「糸」」、第3水準1-90-24］
纍,※［＃「儡のつくり／糸」、第3水準1-90-24］
纍,※［＃「品の口のかわりに田／糸」、第3水準1-90-24、33-下-14］
纍,※［＃「壘」の「土」に代えて「糸」、第3水準1-90-24］
纍,※［＃「田／（田＋田）／糸」、第3水準1-90-24］
纑,※［＃「糸＋盧」、第4水準2-84-62］
纘,※［＃「糸＋贊」、第4水準2-84-63］
纘,※［＃「糸＋贊」、読みは「さん」、第4水準2-84-63］
纚,※［＃「糸＋麗」、第4水準2-84-64］
缻,※［＃「缶＋瓦」、第4水準2-84-67］
缼,※［＃「缶＋欠」、第4水準2-84-66］
缾,※［＃「缶＋并」、第4水準2-84-68］
罃,※［＃「螢」の「虫」に代えて「缶」、第4水準2-84-69］
罄,※［＃「磬」の「石」に代えて「缶」、第4水準2-84-70］
罇,※［＃「缶＋墫のつくり」、第3水準1-90-25］
罏,※［＃「缶＋盧」、第4水準2-84-71］
罡,※［＃「堽のつくり」、第4水準2-84-76］
罡,※［＃「罘」の「不」に代えて「正」、第4水準2-84-76］
罣,※［＃「罘」の「不」に代えて「圭」、第4水準2-84-77］
罽,※［＃「よこめ／厂＋（炎＋りっとう）」、第4水準2-84-80］
罽,※［＃「よんがしら／（厂＋（炎＋りっとう））」、第4水準2-84-80］
罽,※［＃「罘」の「不」に代えて「厂＋（炎＋りっとう）」、第4水準2-84-80］
罽,※［＃「（罪－非）／「厠」の「貝」に変えて「炎」」、第4水準2-84-80］
罽,※［＃「（罪－非）／「厠」の「貝」に変えて「炎」」第4水準2-84-80］
罾,※［＃「罘」の「不」に代えて「曾」、第4水準2-84-81］
羑,※［＃「義」の「我」に代えて「久」、第3水準1-90-27］
羗,※［＃「羌＋ム」、第3水準1-90-28］
羗,※［＃「鬼」の「丿／田」に代えて「義－我」、第3水準1-90-28］
羿,※［＃「※」は「はねかんむり＋廾」、第3水準1-90-29、162-15］
羿,※［＃「栩のつくり／廾」、第3水準1-90-29］
羿,※［＃「羽／廾」、第3水準1-90-29］
翃,※［＃「雄のへん＋羽」、第4水準2-84-90］
翎,※［＃「※」は「令＋羽」、読みは「れい」、第3水準1-90-30、126-12］
翎,※［＃「令＋挧のつくり」、第3水準1-90-30］
翎,※［＃「令＋栩のつくり」、第3水準1-90-30］
翛,※［＃「條」の「木」に代えて「栩のつくり」、第3水準1-90-31］
翛,※［＃「條」の「木」に代えて「羽」の旧字体、第3水準1-90-31］
翛,※［＃「條の木に代えて栩のつくり」、第3水準1-90-31］
翟,※［＃「櫂のつくり」、第3水準1-90-32］
翟,※［＃「櫂－木」、第3水準1-90-32］
翟,※［＃「羽／隹」、第3水準1-90-32］
翣,※［＃「翌の立に代えて妾」、第4水準2-84-92］
翥,※［＃「睹のつくり／栩のつくり」、第4水準2-84-93］
翬,※［＃「栩のつくり／軍」、第3水準1-90-33］
翬,※［＃「羽／軍」、第3水準1-90-33］
翮,※［＃「隔のつくり＋羽」、第3水準1-90-34］
翮,※［＃「鬲＋栩のつくり」、第3水準1-90-34］
翮,※［＃「鬲＋羽」、第3水準1-90-34］
翯,※［＃「栩のつくり／高」、第4水準2-84-94］
翺,※［＃「皐＋栩のつくり」、第3水準1-90-35］
翺,※［＃「皐＋栩のつくり」の「白」に代えて「自」、第3水準1-90-35］
翺,※［＃「皐＋羽」、第3水準1-90-35］
翺,※［＃「（「皐」の「白」に代えて「自」）＋栩のつくり」、第3水準1-90-35］
耂,※［＃「者－日」、第4水準2-85-2］
耊,※［＃「者」の「日」に代えて「至」、第4水準2-85-3］
耎,※［＃「而／大」、第4水準2-85-5］
耑,※［＃「山／而」、第4水準2-85-6］
耦,※［＃「耒＋禺」、第3水準1-90-38］
耬,※［＃「耒＋婁」、第4水準2-85-9］
耰,※［＃「耒＋憂」、第4水準2-85-10］
耵,※［＃「耳＋丁」、第3水準1-90-39］
耼,※［＃「耳＋（冂＜はみ出た横棒二本）」、第3水準1-90-41］
聃,※［＃「耳＋冉の４画目左右に突き出る」、第4水準2-85-11］
聱,※［＃「敖／耳」、第4水準2-85-13］
聵,※［＃「耳＋貴」、第4水準2-85-14］
聻,※［＃「漸／耳」、第4水準2-85-15］
肜,※［＃「月＋彡」、第4水準2-85-17］
肸,※［＃「月＋（八がしら／十）」、第4水準2-85-20］
肸,※［＃「月＋（八／十）」、第4水準2-85-20］
胊,※［＃「月＋句」、第3水準1-90-42］
胠,※［＃「月＋去」、第3水準1-90-44］
胳,※［＃「月＋各」、第3水準1-90-45］
脖,※［＃「月＋孛」、第4水準2-85-32］
脞,※［＃「月＋坐」、第4水準2-85-33］
脧,※［＃「月＋俊のつくり」、第4水準2-85-36］
脬,※［＃「月＋俘のつくり」、第4水準2-85-37］
脬,※［＃「月＋孚」、第4水準2-85-37］
脽,※［＃「月＋隹」、第4水準2-85-39］
腊,※［＃「月＋昔」、第3水準1-90-47］
腠,※［＃「月＋奏」、第3水準1-90-48］
腠,※［＃「月＋春」の「日」に代えて「夭」、第3水準1-90-48］
腭,※［＃「月＋咢」、第3水準1-90-51］
腭,※［＃「月＋齶のつくり」、第3水準1-90-51］
腭,※［＃「鍔」の「金」に代えて「月」、第3水準1-90-51］
腭,※［＃「鰐」の「魚」に代えて「月」、第3水準1-90-51］
膁,※［＃「月＋賺のつくり」、第4水準2-85-43］
膄,※［＃「月＋叟」、第4水準2-85-45］
膄,※［＃「月＋溲のつくり」、第4水準2-85-45］
膅,※［＃「月＋溏のつくり」、第4水準2-85-46］
膻,※［＃「月＋亶」、第3水準1-90-52］
臁,※［＃「月＋濂のつくり」、第4水準2-85-50］
臊,※［＃「月＋操のつくり」、第3水準1-90-53］
臊,※［＃「月＋繰のつくり」、第3水準1-90-53］
臏,※［＃「月＋嬪のつくり」、第3水準1-90-54］
臗,※［＃「月＋（「寛」の「儿」を「兔」のそれのように）」、第3水準1-90-55］
臬,※［＃「自／木」、第4水準2-85-57］
舄,※［＃「潟のつくり」、第4水準2-85-62］
舢,※［＃「舟＋山」、第4水準2-85-66］
舲,※［＃「舟＋令」、第4水準2-85-68］
舼,※［＃「舟＋共」、第4水準2-85-70］
艅,※［＃「舟＋余」、読みは「よ」、第4水準2-85-73］
艏,※［＃「※」は「ふねへん＋首」、第4水準2-85-77、171-4］
艏,※［＃「※」は「ふねへん＋首」、第4水準2-85-77、172-11］
艏,※［＃「舟＋首」、第4水準2-85-77］
艗,※［＃「舟＋縊のつくり」、第4水準2-85-79］
艣,※［＃「舟＋虜」、第4水準2-85-82］
艣,※［＃「舟＋虜」の「田」に代えて「田の真ん中の横棒が横につきぬけたもの」、第4水準2-85-82］
艴,※［＃「弗＋色」、第3水準1-90-60］
芊,※［＃「くさかんむり／千」、第4水準2-85-91］
芎,※［＃「くさかんむり／弓」、第3水準1-90-62］
芡,※［＃「くさかんむり／欠」、第3水準1-90-63］
芣,※［＃「くさかんむり／不」、第3水準1-90-64］
芨,※［＃「※」は「くさかんむり＋及」、読みは「きゅう」、第4水準2-85-94、143-10］
芨,※［＃「※」は「くさかんむり＋及」、読みは「きゅう」、第4水準2-85-94、143-11］
芮,※［＃「くさかんむり／内」、第3水準1-90-67］
芮,※［＃「くさかんむり／吶のつくり」、第3水準1-90-67］
芷,※［＃「くさかんむり／止」、第3水準1-90-68］
芼,※［＃「くさかんむり／毛」、第4水準2-86-4］
芾,※［＃「くさかんむり／市」、第3水準1-90-69］
芾,※［＃「くさかんむり／（沛－さんずい）（四画）」、第3水準1-90-69］
芿,※［＃「くさかんむり／仍」、第3水準1-90-70］
苆,※［＃「くさかんむり／切」、第3水準1-90-71］
苕,※［＃「くさかんむり＋召」、読みは「ちょう」、第3水準1-90-72］
苢,※［＃「くさかんむり／（官－宀）」、第4水準2-86-5］
苽,※［＃「くさかんむり／瓜」、第3水準1-90-73］
苾,※［＃「くさかんむり／必」、第3水準1-90-74］
茀,※［＃「くさかんむり／弗」、第3水準1-90-75］
茁,※［＃「くさかんむり／出」、第3水準1-90-76］
茛,※［＃「※」は「草かんむり」＋「艮」、第4水準2-86-12、5-14］
茛,※［＃「くさかんむり／艮」、第4水準2-86-12］
茝,※［＃「くさかんむり／頤のへん」、第4水準2-86-13］
茝,※［＃「くさかんむり／（匚＜（たてぼう＋「亞」の中央部分右側））」、第4水準2-86-13］
茭,※［＃「くさかんむり／皎のつくり」、第3水準1-90-79］
茰,※［＃「哽のつくり」の「一」に代えて「くさかんむり」、第4水準2-86-14］
茺,※［＃「くさかんむり／充」、第3水準1-90-80］
荃,※［＃「くさかんむり／銓のつくり」、第3水準1-90-81］
荇,※［＃「くさかんむり＋行」、第3水準1-90-82］
荇,※［＃「くさかんむり／行」、第3水準1-90-82］
荑,※［＃「くさかんむり／夷」、第3水準1-90-83］
荔,※［＃「くさかんむり／協のつくり」、第4水準2-86-11］
荽,※［＃「くさかんむり／綏のつくり」、第3水準1-90-85］
莆,※［＃「艸かんむり／甫」、第3水準1-90-86］
莒,※［＃「くさかんむり／呂」、第3水準1-90-87］
莘,※［＃「くさかんむり／辛」、第3水準1-90-88］
莝,※［＃「くさかんむり／坐」、第4水準2-86-26］
莧,※［＃「くさかんむり／見」、第3水準1-90-89］
莩,※［＃「くさかんむり／孚」、第3水準1-90-90］
莿,※［＃「くさかんむり／刺」、第3水準1-90-91］
菀,※［＃「※」は「くさかんむり」＋「宛」、第3水準1-90-92、109－9］
菀,※［＃「くさかんむり／宛」、第3水準1-90-92］
菉,※［＃「くさかんむり／碌のつくり」、第4水準2-86-27］
菐,※［＃「僕のつくり」、第4水準2-86-28］
菑,※［＃「くさかんむり／巛／田」、第3水準1-91-1］
菑,※［＃「くさかんむり／緇のつくり」、第3水準1-91-1］
菑,※［＃「くさかんむり／（輜－車）」、第3水準1-91-1］
菔,※［＃「くさかんむり／服」、第4水準2-86-29］
菝,※［＃「くさかんむり／拔」、第4水準2-86-30］
菡,※［＃「くさかんむり／函」、第3水準1-91-2］
菪,※［＃「※」は「くさかんむりに宕」、第3水準1-91-3、62-8］
菪,※［＃「くさかんむり／宕」、第3水準1-91-3］
菹,※［＃「蕩」の「昜」に代えて「且」、第4水準2-86-32］
萁,※［＃「くさかんむり／其」、第3水準1-91-4］
萆,※［＃「くさかんむり／婢のつくり」、第3水準1-91-5］
萏,※［＃「くさかんむり／啗のつくり」、第4水準2-86-33］
萏,※［＃「くさかんむり／陷のつくり」、第4水準2-86-33］
葊,※［＃「くさかんむり／合／廾」、第4水準2-86-39］
葒,※［＃「くさかんむり／紅」、第4水準2-86-42］
葙,※［＃「くさかんむり／相」、第4水準2-86-43］
葜,※［＃「くさかんむり／契」、第4水準2-86-45］
葰,※［＃「くさかんむり／俊」、第3水準1-91-10］
葳,※［＃「くさかんむり／威」、第3水準1-91-11］
葶,※［＃「くさかんむり／亭」、第4水準2-86-48］
蒅,※［＃「くさかんむり／染」、第3水準1-91-12］
蒞,※［＃「くさかんむり／（さんずい＋位）」、第3水準1-91-13］
蒞,※［＃「藩」の「番」に代えて「位」、第3水準1-91-13］
蒯,※［＃「萠＋りっとう」、第3水準1-91-14］
蒴,※［＃「くさかんむり／朔」、第3水準1-91-15］
蒾,※［＃「くさかんむり／二点しんにょうの迷」、第4水準2-86-56］
蓀,※［＃「※」は「くさかんむり＋孫」、読みは「そん」、第3水準1-91-17、139-6］
蓀,※［＃「くさかんむり／孫」、第3水準1-91-17］
蓂,※［＃「くさかんむり／冥」、第3水準1-91-18］
蓏,※［＃「くさかんむり／（瓜＋瓜）」、第4水準2-86-59］
蓓,※［＃「くさかんむり／倍」、第4水準2-86-60］
蓧,※［＃「くさかんむり／條」、第4水準2-86-62］
蓯,※［＃「くさかんむり／從」、第4水準2-86-64］
蓰,※［＃「くさかんむり／徙」、第4水準2-86-65］
蓺,※［＃「藝－云」、第4水準2-86-67］
蔌,※［＃「くさかんむり／（嗽－口）」、第4水準2-86-69］
蔞,※［＃「くさかんむり／婁」、第3水準1-91-21］
蔤,※［＃「くさかんむり／密」、第4水準2-86-71］
蔫,※［＃「くさかんむり／焉」、第4水準2-86-73］
蔯,※［＃「くさかんむり／陳」、第3水準1-91-23］
蔲,※［＃「くさかんむり／「寇」の「攴」に代えて「攵」」、第3水準1-91-20］
蔲,※［＃「くさかんむり／寇」の「攴」に代えて「攵」、第3水準1-91-20］
蔴,※［＃「くさかんむり／嘛のつくり」、第4水準2-86-74］
蕑,※［＃「くさかんむり／燗のつくり」、第4水準2-86-80］
蕑,※［＃「くさかんむり／間」、U+8573、第4水準2-86-80］
蕓,※［＃「くさかんむり／雲」、第4水準2-86-81］
蕙,※［＃「くさかんむり＋惠」、第3水準1-91-24］
蕙,※［＃「くさかんむり／惠」、第3水準1-91-24］
蕞,※［＃「くさかんむり／最」、第4水準2-86-82］
蕤,※［＃「くさかんむり／（豕のにょうの形＋生）」、第3水準1-91-25］
蕤,※［＃「くさかんむり／（豕＋生）」、第3水準1-91-25］
蕺,※［＃「くさかんむり／（楫のつくり＋戈）」、第3水準1-91-28］
蕺,※［＃「くさかんむり／（（口／耳）＋戈）」、第3水準1-91-28］
薁,※［＃「くさかんむり／奧」、第4水準2-86-89］
薌,※［＃「くさかんむり＋郷の中を皀に換えたもの（郷の旧字）」、第3水準1-91-29］
薏,※［＃「くさかんむり／意」、第3水準1-91-30］
薏,※［＃「草冠／意」、読みは「よく」、第3水準1-91-30、27-9］
薢,※［＃「くさかんむり／解」、第3水準1-91-31］
薷,※［＃「くさかんむり／需」、第4水準2-87-3］
薼,※［＃「くさかんむり／塵」、第4水準2-87-4］
藊,※［＃「くさかんむり／（禾＋編のつくり）」の「戸」に代えて「戸の旧字」、第4水準2-87-6］
藋,※［＃「くさかんむり／櫂のつくり」、第3水準1-91-33］
藎,※［＃「くさかんむり／盡」、第3水準1-91-34］
藟,※［＃「くさかんむり」／（壘－土）」、第4水準2-87-9］
藟,※［＃「くさかんむり／儡のつくり」、第4水準2-87-9］
藶,※［＃「くさかんむり／櫪のつくり」、第4水準2-87-12］
藿,※［＃「くさかんむり／霍」、第3水準1-91-37］
蘅,※［＃「くさかんむり／衡」、第3水準1-91-39］
蘐,※［＃「※」は「くさかんむり＋言＋爰」、第3水準1-91-40、163-9］
蘐,※［＃「くさかんむり／（言＋爰）」、第3水準1-91-40］
蘘,※［＃「くさかんむり／襄」、第3水準1-91-42］
蘘,※［＃「くさ／襄」、第3水準1-91-42］
蘞,※［＃「※」は「草かんむり＋斂」、第4水準2-87-15、257-10］
蘞,※［＃「くさかんむり／斂」、第4水準2-87-15］
蘡,※［＃「くさかんむり／嬰」、第4水準2-87-16］
蘧,※［＃「くさかんむり／遽」、第4水準2-87-18］
蘩,※［＃「くさかんむり／繁」、第3水準1-91-43］
蘩,※［＃「くさかんむり／繁」の「毎」に代えて「誨のつくり」、第3水準1-91-43］
蘸,※［＃「※」は草冠に左に酉、右に隹その下にれっか、第3水準1-91-44、151-3］
蘸,※［＃「くさかんむり／（酉＋隹）／れんが」、第3水準1-91-44］
蘸,※［＃「草冠／（酉＋隹）／れんが」、第3水準1-91-44、27-2］
蘼,※［＃「くさかんむり／靡」の「非」に代えて「緋-糸」、第4水準2-87-21］
蘼,※［＃「くさかんむり／靡」の「非」に代えて「緋ー糸」、第4水準2-87-21］
蘼,※［＃「くさかんむり／靡」の「非」に代えて「緋－糸」、第4水準2-87-21］
虀,※［＃「くさかんむり／韲」、第4水準2-87-23］
虁,※［＃「くさかんむり／（止＋頁＋巳）／夂」、第3水準1-15-72］
虓,※［＃「九＋虎」、第4水準2-87-25］
虖,※［＃「罅のつくり」、第4水準2-87-26］
虖,※［＃「虍／乎」、第4水準2-87-26］
虗,※［＃「虍／丘」、第3水準1-91-45］
虗,※［＃「虎」の「儿」に代えて「丘」、第3水準1-91-45］
虢,※［＃「埒のつくり＋虎」、第3水準1-91-48］
虢,※［＃「埓のつくり＋虎」、第3水準1-91-48］
虬,※［＃「虫＋礼のつくり」、第3水準1-91-50］
虬,※［＃虫＋礼のつくり、第3水準1-91-50］
虯,※［＃「虫＋（収－又）」、第4水準2-87-27］
虵,※［＃「虫＋也」、第3水準1-91-51］
虺,※［＃「兀のにょうの形＋虫」、第4水準2-87-29］
虺,※［＃「兀＋虫」、第4水準2-87-29］
蚑,※［＃「虫＋支」、第4水準2-87-33］
蚘,※［＃「虫＋尤」、第3水準1-91-52］
蚜,※［＃「虫＋冴のつくり」、第4水準2-87-34］
蚝,※［＃「虫＋毛」、第4水準2-87-35］
蚨,※［＃「虫＋夫」、第4水準2-87-36］
蚱,※［＃「虫＋乍」、第4水準2-87-38］
蚸,※［＃「※」は「虫＋斥」、第3水準1-91-53、348-上24］
蚸,※［＃「虫＋斥」、第3水準1-91-53］
蛁,※［＃「虫＋召」、第4水準2-87-40］
蛗,※［＃「阜」の「十」に代えて「虫」、第4水準2-87-44］
蛦,※［＃「虫＋夷」、第4水準2-87-46］
蛺,※［＃「虫＋夾」、第3水準1-91-54］
蛼,※［＃「※」は「虫へん＋車」、第3水準1-91-55、133-14］
蛼,※［＃「虫＋車」、第3水準1-91-55、22-上-3］
蛼,※［＃「虫＋車」、第3水準1-91-55、22-上-5］
蛼,※［＃「虫＋車」、第3水準1-91-55、22-下-1］
蛼,※［＃「虫＋車」、第3水準1-91-55］
蜇,※［＃「折／虫」、第4水準2-87-49］
蜋,※［＃「虫＋良」、第3水準1-91-57］
蜎,※［＃「虫＋絹のつくり」、第4水準2-87-50］
蜐,※［＃「虫＋劫」、第4水準2-87-51］
蜓,※［＃「虫＋延」、第4水準2-87-52］
蜓,※［＃「虫＋廷」、第4水準2-87-52］
蜙,※［＃「虫＋松」、第4水準2-87-53］
蜙,※［＃「虫＋（鬆―髟）」、第4水準2-87-53］
蜙,※［＃「虫＋（鬆－髟）」、第4水準2-87-53］
蜡,※［＃「虫＋昔」、第4水準2-87-55］
蜣,※［＃「虫＋羌」、第4水準2-87-56］
蜺,※［＃「虫＋兒」、第4水準2-87-58］
蜾,※［＃「虫＋果」、第4水準2-87-59］
蝀,※［＃「虫＋東」、第4水準2-87-60］
蝘,※［＃「虫＋偃のつくり」、第4水準2-87-63］
蝤,※［＃「虫＋鰌のつくり」、第4水準2-87-64］
蝥,※［＃「（矛＋攵）／虫」、第4水準2-87-65］
蝱,※［＃「亡／（虫＋虫）」、第3水準1-91-58］
蝱,※［＃「亡／（（虫＋虫））、第3水準1-91-58］
蝱,※［＃「氓のへん／（虫＋虫）」、第3水準1-91-58］
蝱,※［＃「蠢」の「春」に代えて「亡」、第3水準1-91-58］
蝲,※［＃「虫＋刺」、第4水準2-87-66］
蝼,※［＃「虫＋楼のつくり」、第4水準2-87-67］
螇,※［＃「※」は「虫＋奚」、第3水準1-91-59、348-上24］
螇,※［＃「虫＋奚」、第3水準1-91-59］
螈,※［＃「※」は「むしへん」＋「原」、読みは「ゲン」、第3水準1-91-60、92－3］
螈,※［＃「※」は「むしへん」＋「原」、読みは「ゲン」、第3水準1-91-60、92－３］
螈,※［＃「虫＋原」、第3水準1-91-60］
螓,※［＃「虫＋秦」、第4水準2-87-73］
螠,※［＃「虫＋縊のつくり」、第4水準2-87-74］
螬,※［＃「虫＋曹」、第3水準1-91-61］
螭,※［＃「虫＋璃のつくり」、第3水準1-91-62］
蟖,※［＃「虫＋斯」、第3水準1-91-65］
蟟,※［＃「虫＋僚のつくり」、第4水準2-87-82］
蟣,※［＃「虫＋幾」、第4水準2-87-84］
蟣,※［＃「虫＋饑のつくり」、第4水準2-87-84］
蟪,※［＃「虫＋惠」、第4水準2-87-87］
蟫,※［＃「虫＋覃」、第4水準2-87-88］
蟭,※［＃「虫＋焦」、第4水準2-87-89］
蟵,※［＃「虫＋厨」、第4水準2-87-81］
蠁,※［＃「郷／虫」の「即のへん」に代えて「皀」、第4水準2-87-90］
蠃,※［＃「羸」の「羊」に代えて「虫」、第4水準2-87-91］
蠃,※［＃「羸」の「羊」の代えて「虫」、第4水準2-87-91］
蠆,※［＃「萬／虫」、第3水準1-91-67］
蠊,※［＃「虫へん＋廉」、第3水準1-91-68］
蠋,※［＃「虫＋燭のつくり」、第4水準2-87-92］
蠋,※［＃「虫＋蜀」、第4水準2-87-92］
蠐,※［＃「虫＋齊」、第3水準1-91-69］
蠟,※［＃「虫＋獵のつくり」、第3水準1-91-71］
蠟,※［＃「虫＋鑞のつくり」、第3水準1-91-71］
蠨,※［＃「虫＋蕭」、第4水準2-87-94］
蠲,※［＃「縊のつくり＋蜀」、第4水準2-88-2］
衊,※［＃「衄のへん＋韈のつくり」、第4水準2-88-5］
袘,※［＃「ころもへん＋施のつくり」、第3水準1-91-72］
袘,※［＃「衣へん＋施のつくり」、第3水準1-91-72］
袪,※［＃「ころもへん＋去」、第3水準1-91-73］
袼,※［＃「ころもへん＋各」、第4水準2-88-15］
裀,※［＃「ころもへん＋因」、第4水準2-88-18］
裊,※［＃「梟」の「木」に代えて「衣」、第3水準1-91-74］
裊,※［＃「鳧」の「几」に代えて「衣」、第3水準1-91-74］
裎,※［＃「ころもへん＋呈」、第3水準1-91-75］
裎,※［＃「ころもへん＋酲のつくり」、第3水準1-91-75］
裑,※［＃「ころもへん＋身」、第4水準2-88-21］
裒,※［＃「「衣」の「なべぶた」の下に「臼」を入れる」、第4水準2-88-19］
裒,※［＃「褒」の「保」に代えて「臾－人」、第4水準2-88-19］
裛,※［＃「褒」の「保」に代えて「邑」、第4水準2-88-23］
裰,※［＃「ころもへん＋綴のつくり」、第4水準2-88-24］
裱,※［＃「ころもへん＋表」、第4水準2-88-25］
褁,※［＃「褒」の「亠／保」に代えて「果」、第4水準2-88-27］
褘,※［＃「ころもへん＋韋」、第3水準1-91-80］
褙,※［＃「ころもへん＋背」、第3水準1-91-81］
褚,※［＃「ころもへん＋楮のつくり」、第3水準1-91-82］
褚,※［＃「ころもへん＋睹のつくり」、第3水準1-91-82］
褚,※［＃「衣へん＋者」、第3水準1-91-82］
褧,※［＃「耿／衣」、第3水準1-91-83］
褰,※［＃「塞」の「土」に代えて「衣」、第3水準1-91-84］
褰,※［＃「寒」の点の部分が衣、第3水準1-91-84、119上-10］
褰,※［＃「寨」の「木」に代えて「衣」、第3水準1-91-84］
褲,※［＃「ころもへん＋庫」、第3水準1-91-85］
褹,※［＃「ころもへん＋（勢－力）」、第3水準1-91-86］
褹,※［＃「酉＋元」、第3水準1-91-86、309-1］
襀,※［＃「ころもへん＋責」、第3水準1-91-87］
襅,※［＃「ころもへん＋畢」、第4水準2-88-32］
覉,※［＃「覊」の「馬」に代えて「奇」、第4水準2-88-38］
覔,※［＃「不／見」、第3水準1-91-88］
覰,※［＃「虎＋見」の「儿」に代えて「助のへん」、第4水準2-88-41］
覰,※［＃「（虍／助のへん）＋見」、第4水準2-88-41］
觔,※［＃「角＋力」、第3水準1-91-90］
觥,※［＃「角＋光」、第3水準1-91-91］
觫,※［＃「角＋束」、第4水準2-88-45］
觱,※［＃「感」の「心」に代えて「角」、第4水準2-88-47］
觳,※［＃「轂」の「車」に代えて「角」、第4水準2-88-48］
訒,※［＃「言＋仞のつくり」、第3水準1-91-93］
訕,※［＃「言＋山」、第3水準1-91-94］
訢,※［＃「言＋斤」、第3水準1-92-1］
訾,※［＃「此／言」、第4水準2-88-57］
詎,※［＃「言＋巨」、第3水準1-92-4］
詎,※［＃「言＋秬のつくり」、第3水準1-92-4］
詘,※［＃「言＋出」、第4水準2-88-60］
詡,※［＃「言＋栩のつくり」、第3水準1-92-6］
詡,※［＃「言＋羽」、第3水準1-92-6］
詵,※［＃「言＋先」、第3水準1-92-7］
詹,※［＃「澹－さんずい」、第3水準1-92-8］
詹,※［＃「譫のつくり」、第3水準1-92-8］
誐,※［＃「言＋我」、第4水準2-88-62］
誾,※［＃「門＜言」、第4水準2-88-64］
諐,※［＃「侃／言」、第3水準1-92-10］
諗,※［＃「言＋念」、第4水準2-88-65］
諶,※［＃「言＋甚」、第3水準1-92-13］
諼,※［＃「言＋爰」、第4水準2-88-66］
謊,※［＃「言＋荒」の「亡」に代えて「氓のへん」、第4水準2-88-68］
謟,※［＃「「滔」の「さんずい」に代えて「言」」、第4水準2-88-72］
謟,※［＃「言＋滔のつくり」、第4水準2-88-72］
謟,※［＃「言＋稻のつくり」、第4水準2-88-72］
謭,※［＃「言＋剪」、第4水準2-88-73］
譃,※［＃「※」は「ごんべん」に「虚」、第4水準2-88-74、371-11］
譃,※［＃「※」は「ごんべん」に「虚」、第4水準2-88-74、371-3］
譃,※［＃「※」は「ごんべん」に「虚」、第4水準2-88-74、371-7］
譃,※［＃「※」は「ごんべん」に「虚」、第4水準2-88-74、372-2］
譃,※［＃「※」は「ごんべん」に「虚」、第4水準2-88-74、372-3］
譃,※［＃「※」は「ごんべん」に「虚」、第4水準2-88-74、372-4］
譃,※［＃「※」は「ごんべん」に「虚」、第4水準2-88-74、385-3］
譃,※［＃「※」は「ごんべん」に「虚」、第4水準2-88-74、385-4］
譃,※［＃「※」は「言+虚」、第4水準2-88-74、51-15］
譃,※［＃「言＋墟のつくり、第4水準2-88-74］
譃,※［＃「言＋墟のつくり」、第3水準2-88-74］
譃,※［＃「言＋墟のつくり」、第4水準2-88-74］
譃,※［＃「言＋虚」、第4水準2-88-74］
譃,※［＃言＋虚、第4水準2-88-74］
譔,※［＃「言＋饌のつくり」、第3水準1-92-18］
譙,※［＃「言＋焦」、第3水準1-92-19］
讋,※［＃「龍／言」、第4水準2-88-81］
讕,※［＃「言＋闌」、第4水準2-88-83］
讜,※［＃「※」は「言＋黨」、第4水準2-88-84、21-7］
讜,※［＃「※」は「言＋黨」、第4水準2-88-84、256-10］
讜,※［＃「言＋黨」、第4水準2-88-84］
谽,※［＃「谷＋含」、第4水準2-88-88］
豇,※［＃「頭のへん＋工」、第4水準2-88-92］
豉,※［＃「頭のへん＋支」、第3水準1-92-22］
豔,※［＃「※」は「艷の正字」、第4水準2-88-94、138-1］
豔,※［＃「艷のへん＋盍」、第4水準2-88-94］
豔,※［＃「豊＋盍」、第4水準2-88-94］
豔,※［＃「豐＋盍」、第4水準2-88-94］
豗,※［＃「兀のにょうの形＋豕」、第4水準2-89-1］
豨,※［＃「豬のへん＋希」、第3水準1-92-23］
豭,※［＃「豕＋暇のつくり」、第4水準2-89-3］
豭,※［＃「豬のへん＋（暇－日）」、第4水準2-89-3］
豳,※［＃「幽」の「幺」に代えて「豬のへん」、第4水準2-89-4］
貓,※［＃「豸＋苗」、第4水準2-89-6］
貙,※［＃「豸＋區」、第4水準2-89-8］
貛,※［＃「權」の「木」に代えて「豸」、第4水準2-89-10］
貛,※［＃「豸＋權のつくり」、第4水準2-89-10］
賖,※［＃「貝＋余」、第4水準2-89-12］
賡,※［＃「广＋（庚－广）／貝」、第3水準1-92-25］
賡,※［＃「庚／貝」、第3水準1-92-25］
賴,※［＃「懶－りっしんべん」、第3水準1-92-26］
賸,※［＃「※」は「月」＋「卷」の下に代えて「貝」」、第3水準1-92-27、156-3］
賸,※［＃「縢」の「糸」に代えて「貝」、第3水準1-92-27］
賸,※［＃「騰」の「馬」に代えて「貝」、第3水準1-92-27］
贛,※［＃「章＋（夂／貢）」、第3水準1-92-31］
赬,※［＃「赤＋貞」、第4水準2-89-21］
趄,※［＃「走にょう＋且」、第4水準2-89-22］
趕,※［＃「走にょう＋旱」、第4水準2-89-23］
趕,※［＃「走＋旱」、第4水準2-89-23］
趦,※［＃「走にょう＋咨」、第4水準2-89-24］
跎,※［＃「足へん＋它」、第3水準1-92-33］
跑,※［＃「足へん＋包」、第3水準1-92-34］
跑,※［＃「足へん＋鉋のつくり」、第3水準1-92-34］
跑,※［＃「足へん＋（炮－火）」、第3水準1-92-34、502-11］
跑,※［＃「足＋（炮－火）」、第3水準1-92-34、381-6］
跑,※［＃「足＋（炮－火）」、読みは「あがき」、第3水準1-92-34、379-7］
跗,※［＃「足へん＋付」、第3水準1-92-35］
跙,※［＃「足へん＋且」、第4水準2-89-28］
跙,※［＃「足へん＋阻のつくり」、第4水準2-89-28］
跬,※［＃「足へん＋圭」、第4水準2-89-29］
跬,※［＃「足＋圭」、第4水準2-89-29］
踌,※［＃「足へん＋寿」、第4水準2-89-30］
踔,※［＃「※」は「足偏に卓」、第4水準2-89-35、106-1］
踔,※［＃「足へん＋卓」、第4水準2-89-35］
踖,※［＃「足へん＋昔」、第4水準2-89-36］
踠,※［＃「※」は「足へん＋宛」、第3水準1-92-36、128-5］
踠,※［＃「※」は「足へん＋宛」、第3水準1-92-36、654-1］
踠,※［＃「※」は「足＋宛」、第3水準1-92-36、51-14］
踠,※［＃「※」は「足＋宛」、第3水準1-92-36、86-14］
踠,※［＃「あしへん＋宛」、第3水準1-92-36］
踠,※［＃「足へん＋宛」、第3水準1-92-36、74-3］
踠,※［＃「足へん＋宛」、第3水準1-92-36］
踠,※［＃「足＋宛」、第3水準1-92-36、163下－12］
踠,※［＃「足＋宛」、第3水準1-92-36、406-16］
踠,※［＃「足＋宛」、第3水準1-92-36］
踢,※［＃「足へん＋易」、第4水準2-89-38］
踣,※［＃「※」は「あしへん」に「倍」のつくり、第3水準1-92-37、144-18］
踣,※［＃「※」は「足＋「倍」のつくり」、第3水準1-92-37、385-上23］
踣,※［＃「※」は「足＋「倍」のつくり」、第3水準1-92-37、452-上15］
踣,※［＃「足へん＋倍のつくり」、第3水準1-92-37］
踶,※［＃「足へん＋是」、第4水準2-89-42］
踽,※［＃「足へん＋禹」、第3水準1-92-38］
蹋,※［＃「あしへん＋（日／羽）」、第4水準2-89-44］
蹋,※［＃「あしへん＋（榻－木）」、第4水準2-89-44］
蹋,※［＃「足へん＋搨のつくり」、第4水準2-89-44］
蹋,※［＃「足＋（日／羽）」、第4水準2-89-44、284下－11］
蹋,※［＃「足＋（榻－木）」、第4水準2-89-44］
蹬,※［＃「足へん＋登」、第4水準2-89-47］
蹭,※［＃「足へん＋曾」、第4水準2-89-48］
蹯,※［＃「足へん＋番」、第4水準2-89-49］
蹰,※［＃「※」は「足+厨」、第3水準1-92-39、164-7］
蹰,※［＃「足へん＋厨」、第3水準1-92-39］
蹻,※［＃「足へん＋喬」、第3水準1-92-40］
躶,※［＃「身＋果」、第4水準2-89-55］
軔,※［＃「車＋刃」、第4水準2-89-59］
軔,※［＃「車＋刄」、第4水準2-89-59］
軹,※［＃「車＋只」、第4水準2-89-61］
軺,※［＃「車＋召」、第3水準1-92-44］
輈,※［＃「車＋舟」、第4水準2-89-64］
輗,※［＃「車＋兒」、第4水準2-89-65］
輞,※［＃「車＋網のつくり」、第3水準1-92-45］
輞,※［＃「車＋罔」、第3水準1-92-45］
輫,※［＃「車＋非」、第4水準2-89-66］
輫,※［＃「車＋（緋－糸）」、第4水準2-89-66］
輭,※［＃「※」は「車へん＋而＋大」、第3水準1-92-46、59-5］
輭,※［＃「車＋（而＋大）」、第3水準1-92-46］
輭,※［＃「車＋（而／大）」、第3水準1-92-46］
輶,※［＃「車＋酋」、第3水準1-92-47］
輶,※［＃「車＋鰌のつくり」、第3水準1-92-47］
轀,※［＃「車＋慍のつくり」、第4水準2-89-67］
轔,※［＃「車＋隣のつくり」、第3水準1-92-48］
轔,※［＃「車＋（米／舛）」、第3水準1-92-48］
轘,※［＃「車＋鐶のつくり」、第4水準2-89-69］
辦,※［＃「辧」の「刀」に代えて「力」、第3水準1-92-50］
辴,※［＃「單＋辰」、第4水準2-89-72］
辵,※［＃「しんにゅう」、第3水準1-92-51］
辵,※［＃「走」の「土」に代えて「彡」、第3水準1-92-51］
辵,※［＃「走」の「土」の代わりに「彡」、第3水準1-92-51］
辵,※［＃「足」の「口」に代えて「彡」、第3水準1-92-51］
辶,※［＃「しんにょう」、第4水準2-89-74］
辶,※［＃「二点しんにょう」、第4水準2-89-74］
辶,※［＃「迚－中」、第4水準2-89-74］
迁,※［＃「二点しんにょう＋千」、第4水準2-89-76］
迍,※［＃「二点しんにょう＋屯」、第4水準2-89-80］
迓,※［＃「二点しんにょう＋牙」、第4水準2-89-81］
迕,※［＃「二点しんにょう＋午」、第4水準2-89-82］
迠,※［＃「※」は「しんにょう＋占」、第4水準2-89-83、101-14］
迠,※［＃「※」は「しんにょう＋占」、第4水準2-89-83、15-8］
迠,※［＃「二点しんにょう＋占」、第4水準2-89-83］
迤,※［＃「二点しんにょう＋施のつくり」、第3水準1-92-52］
迨,※［＃「※」は「しんにょう」＋「台」、読みは「およ－ぶ」、第3水準1-92-53、199-15］
迨,※［＃「しんにゅう＋台」、第3水準1-92-53］
迨,※［＃「しんにょう＋台」、第3水準1-92-53］
迨,※［＃「二点しんにょう＋台」、第3水準1-92-53］
迱,※［＃「二点しんにょう＋它」、第4水準2-89-84］
迵,※［＃「二点しんにょう＋同」、第4水準2-89-85］
迻,※［＃「二点しんにょう＋多」、第4水準2-89-86］
适,※［＃「しんにゅう＋舌」、第4水準2-89-87］
适,※［＃「しんにょう＋舌」、第4水準2-89-87］
适,※［＃「二点しんにょう＋舌」、第4水準2-89-87］
逈,※［＃「※」は「しんにょう＋向」、第3水準1-92-55、162-10］
逈,※［＃「※」は「しんにょう＋向」、第3水準1-92-55、40-6］
逈,※［＃「しんにゅう＋向」、第3水準1-92-55］
逈,※［＃「二点しんにょう＋向」、第3水準1-92-55］
逭,※［＃「しんにゅう＋官」、第3水準1-92-56］
逭,※［＃「二点しんにょう＋官」、第3水準1-92-56］
遄,※［＃「※」は「しんにょうに端のつくり」、第4水準2-89-92、65-8］
遄,※［＃「二点しんにょう＋端のつくり」、第4水準2-89-92］
遄,※［＃「二点しんにょう＋（山／而）」、第4水準2-89-92］
遝,※［＃「※」は「「しんにゅう」＋「罘」の「不」を、「｜」を挟んで上下に「ハ」を二つ並べたような字」、第4水準2-89-93、182-6］
遝,※［＃「二点しんにょう＋鰥のつくり」、第4水準2-89-93］
邅,※［＃「二点しんにょう＋亶」、第4水準2-90-2］
邈,※［＃「しんにゅう＋貌」、第3水準1-92-58］
邈,※［＃「しんにょう＋貌」、第3水準1-92-58］
邈,※［＃「二点しんにょう＋貌」、第3水準1-92-58］
邌,※［＃「しんにゅう＋黎」、第4水準2-90-3］
邌,※［＃「二点しんにょう＋黎」、第4水準2-90-3］
邕,※［＃「巛／邑」、第3水準1-92-59］
邙,※［＃「亡＋おおざと」、第3水準1-92-61］
邙,※［＃「氓のへん＋おおざと」、第3水準1-92-61］
邢,※［＃「形」の「彡」に代えて「おおざと」、第3水準1-92-63］
邢,※［＃「形のへん＋おおざと」、第3水準1-92-63］
邳,※［＃「丕＋おおざと」、第3水準1-92-64］
邶,※［＃「北＋おおざと」、第4水準2-90-9］
邶,※［＃「北＋おおざと」、読みは「はい」、第4水準2-90-9］
邾,※［＃「朱＋おおざと」、第3水準1-92-65］
邾,※［＃「朱＋おおざと」、読みは「ちゅ」、第3水準1-92-65］
郃,※［＃「合＋おおざと」、第4水準2-90-10］
郄,※［＃「希＋おおざと」の「巾」に代えて「厶」、第3水準1-92-66］
郅,※［＃「到」の「りっとう」に代えて「おおざと」、第3水準1-92-67］
郅,※［＃「至＋おおざと」、第3水準1-92-67］
郈,※［＃「后＋おおざと」、第4水準2-90-11］
郗,※［＃「希＋おおざと」、第3水準1-92-69］
郝,※［＃「赤＋おおざと」、第3水準1-92-70］
郯,※［＃「炎＋おおざと」、第3水準1-92-72］
郿,※［＃「眉＋おおざと」、第4水準2-90-21］
鄄,※［＃「（西／土）＋おおざと」、第4水準2-90-22］
鄆,※［＃「軍＋おおざと」、第4水準2-90-23］
鄔,※［＃「烏＋おおざと」、第3水準1-92-75］
鄘,※［＃「庸＋おおざと」、読みは「じょう」、第4水準2-90-24］
鄜,※［＃「鹿＋おおざと」、第4水準2-90-25］
鄞,※［＃「覲のへん＋おおざと」、第4水準2-90-26］
鄢,※［＃「焉＋おおざと」、第3水準1-92-78］
鄣,※［＃「章＋おおざと」、第3水準1-92-79］
鄧,※［＃「※」は「登＋おおざと」、第3水準1-92-80、130-15］
鄧,※［＃「登＋おおざと」、第3水準1-92-80］
鄯,※［＃「善＋おおざと」、第3水準1-92-81］
鄱,※［＃「番＋おおざと」、第3水準1-92-82］
鄴,※［＃「業＋おおざと」、第3水準1-92-83］
鄹,※［＃「聚＋おおざと」、第4水準2-90-28］
鄽,※［＃「廛＋おおざと」、第3水準1-92-84］
酆,※［＃「艷のへん＋おおざと」、第4水準2-90-30］
酈,※［＃「麗＋おおざと」、第3水準1-92-85］
酗,※［＃「酉＋凶」、第4水準2-90-32］
酙,※［＃「酉＋斗」、第4水準2-90-33］
酛,※［＃「酉＋元」、第3水準1-92-86、LXII-11］
酛,※［＃「酉＋元」、第3水準1-92-86、XXVIII-10］
酛,※［＃「酉＋元」、第3水準1-92-86］
酡,※［＃「酉＋它」、第4水準2-90-34］
酡,※［＃「酉＋蛇のつくり」、第4水準2-90-34］
酤,※［＃「酉＋古」、第4水準2-90-35］
酴,※［＃「酉＋余」、第4水準2-90-36］
酹,※［＃「酉＋埒のつくり」、第4水準2-90-37］
酹,※［＃「酉＋將のつくり」、第4水準2-90-37］
醃,※［＃「酉＋奄」、第3水準1-92-87］
醅,※［＃「酉＋倍のつくり」、第4水準2-90-38］
醎,※［＃「酉＋咸」、第4水準2-90-39］
醞,※［＃「※」は「榲」の「きへん」に代えて「酉」、第3水準1-92-88、11-10］
醞,※［＃「※」は「酉+上に囚、下に皿」、第3水準1-92-88、107-4］
醞,※［＃「「饂」の「食へん」に代えて「酉」」、第3水準1-92-88］
醞,※［＃「さけのとり＋囚＋皿」、第3水準1-92-88、19-2］
醞,※［＃「さけのとり＋囚＋皿」、第3水準1-92-88、19-5］
醞,※［＃「酉＋慍のつくり」、第3水準1-92-88］
醞,※［＃「酉＋榲のつくり」、第3水準1-92-88］
醨,※［＃「酉＋璃のつくり」、第4水準2-90-40］
醮,※［＃「※」は「酉＋焦」、第4水準2-90-41、78-9］
醮,※［＃「酉＋焦」、第4水準2-90-41］
醶,※［＃「酉＋僉」、第4水準2-90-43］
醼,※［＃「酉＋燕」、第3水準1-92-91］
釃,※［＃「酉＋麗」、第4水準2-90-44］
釄,※［＃「酉＋靡」、第4水準2-90-45］
釗,※［＃「金＋りっとう」、第3水準1-92-92］
釭,※［＃「金＋工」、第3水準1-93-2］
釱,※［＃「金＋大」、第3水準1-93-3、57下－16］
釱,※［＃「金＋大」、第3水準1-93-3］
鈇,※［＃「金＋夫」、第3水準1-93-4］
鈇,※［＃「金＋夫」第3水準1-93-4］
鈐,※［＃「※」は「金＋今」、第3水準1-93-5、27-11］
鈐,※［＃「※」は「金＋今」、第3水準1-93-5、27-9］
鈐,※［＃「※」は「金＋今」、第3水準1-93-5、28-7］
鈐,※［＃「金＋今」、第3水準1-93-5］
鈸,※［＃「拔」の「てへん」に代えて「金」、第3水準1-93-6］
鈸,※［＃「金へん＋拔のつくり」、第3水準1-93-6］
鈸,※［＃「金＋拔のつくり」、第3水準1-93-6］
鈸,※［＃「金＋拔の旁」、第3水準1-93-6、154-5］
鈸,※［＃「金＋拔の旁」、第3水準1-93-6、XXX-9］
鈸,※［＃「金＋祓のつくり」、第3水準1-93-6］
鈸,※［＃「金＋（祓－示）」、第3水準1-93-6、345-9］
鈸,※［＃「金＋（祓－示）」、第3水準1-93-6、375-11］
鈸,※［＃「金＋（祓－示）」、第3水準1-93-6、379-14］
鈹,※［＃「金＋皮」、第3水準1-93-7］
鉏,※［＃「金＋且」、第3水準1-93-12］
鉸,※［＃「金＋皎のつくり」、第3水準1-93-13］
銈,※［＃「金＋圭」、第3水準1-93-14］
銍,※［＃「金＋至」、第4水準2-90-75］
鋋,※［＃「蜒」の「虫」に代えて「金」、第3水準1-93-16］
鋋,※［＃「金＋延」、第3水準1-93-16］
鋌,※［＃「金＋廷」、第3水準1-93-17］
鋎,※［＃「金＋完」、第4水準2-90-87］
鋠,※［＃「金＋辰」、第3水準1-93-19］
鋹,※［＃「金＋長」、第4水準2-91-3］
錂,※［＃「金＋凌のつくり」、第4水準2-91-5］
錑,※［＃「金＋（戸の旧字＋犬）」、第4水準2-90-93］
錕,※［＃「金＋昆」、第4水準2-91-7］
錞,※［＃「金＋享」、第4水準2-91-9］
錡,※［＃「金＋奇」、第3水準1-93-23］
錧,※［＃「金＋官」、第4水準2-91-10］
鍇,※［＃「金＋皆」、第4水準2-91-14］
鍈,※［＃「金＋英」、第3水準1-93-25］
鍑,※［＃「金＋腹のつくり」、第4水準2-91-15］
鍗,※［＃「金＋帝」、第4水準2-91-16］
鍤,※［＃「金＋插のつくり」、第3水準1-93-28］
鍪,※［＃「鶩」の「鳥」に代えて「金」、第3水準1-93-30］
鍪,※［＃「（矛＋攵）／金」、第3水準1-93-30］
鍫,※［＃「秋／金」、第4水準2-91-18］
鍰,※［＃「金＋爰」、第3水準1-93-31］
鍳,※［＃「覧」の「見」に代えて「金」、第4水準2-91-20］
鎛,※［＃「溥」の「さんずい」に代えて「かねへん」、読みは「はく」、第3水準1-93-32］
鎺,※［＃「※」は「金＋祖」「祖」のしめすへんは「ネ」」ではなく「示」、第3水準1-93-34、48-5］
鎺,※［＃「金＋示＋且」、第3水準1-93-34］
鏁,※［＃「金＋樔のつくり」、第4水準2-91-32］
鏇,※［＃「※」は「金＋旋」、第4水準2-91-33、193-5］
鏜,※［＃「金＋堂」、第4水準2-91-34］
鏞,※［＃「金＋庸」、第3水準1-93-36］
鏟,※［＃「金＋顏のへん」の「彡」に代えて「生」、第3水準1-93-37］
鏽,※［＃「※」は「金＋肅」、第3水準1-93-39、172-13］
鏽,※［＃「金＋嘯のつくり」、第3水準1-93-39］
鏽,※［＃「金＋粛」、第3水準1-93-39］
鏽,※［＃「金＋肅」、第3水準1-93-39］
鏽,※［＃「金＋肅」、読みは「しゅう」、第3水準1-93-39］
鐉,※［＃「金＋巽」、第4水準2-91-37］
鐉,※［＃「金＋饌のつくり」、第4水準2-91-37］
鐉,※［＃「饌」の「しょくへん」に代えて「金」、第4水準2-91-37］
鐖,※［＃「金＋饑のつくり」、第4水準2-91-39］
鐲,※［＃「金＋蜀」、第4水準2-91-42］
鐻,※［＃「金＋據のつくり」、第4水準2-91-44］
鑊,※［＃「※」は「金偏に草冠＋隻」、第3水準1-93-41、26-12］
鑊,※［＃「獲」の「けものへん」に代えて「金へん」、第3水準1-93-41］
鑊,※［＃「金＋獲のつくり」、第3水準1-93-41］
鑊,※［＃「金＋護のつくり」、第3水準1-93-41］
鑣,※［＃「金＋塵」の「土」に代えて「れんが」、第3水準1-93-42］
鑣,※［＃「金＋（鹿／れっか）」、第3水準1-93-42］
鑱,※［＃「金＋纔のつくり」、第3水準1-93-44］
鑲,※［＃「金＋襄」、第3水準1-93-45］
閎,※［＃「門＜肱のつくり」、第3水準1-93-46］
閎,※［＃「門＜（宏－宀）」、第3水準1-93-46］
閟,※［＃「門＋必」、読みは「ひ」、第3水準1-93-47］
閟,※［＃「門＜必」、第3水準1-93-47］
閦,※［＃「門＜（人がしら／从）」、第3水準1-93-48］
閩,※［＃「門＜虫」、第3水準1-93-49］
閫,※［＃「門＜困」、第4水準2-91-56］
閬,※［＃「門＜良」、第3水準1-93-50］
閬,※［＃「門＜（螂－虫－おおざと）」、第3水準1-93-50］
閴,※［＃「門＜貝」、第4水準2-91-57］
閶,※［＃「門＜昌」、第3水準1-93-51］
閽,※［＃「門＜昏」、第3水準1-93-52］
闈,※［＃「門＜韋」、第4水準2-91-59］
闋,※［＃「門＜癸」、第3水準1-93-53］
闐,※［＃「※」は「門がまえ＋眞」、第3水準1-93-54、156-4］
闐,※［＃「門＜眞」、第3水準1-93-54］
闓,※［＃「門＜豈」、第3水準1-93-55］
闚,※［＃「門＜規」、第3水準1-93-57］
闞,※［＃「門＜敢」、第3水準1-93-58］
阬,※［＃「こざとへん＋亢」、第4水準2-91-62］
阳,※［＃「こざとへん＋日」、第4水準2-91-63］
阴,※［＃「こざとへん＋月」、第4水準2-91-64］
阼,※［＃「こざとへん＋乍」、第4水準2-91-66］
陁,※［＃「こざとへん＋施のつくり」、第4水準2-91-67］
陁,※［＃「施」の「方」に変えて「こざと」、第4水準2-91-67］
陘,※［＃「こざとへん＋徑のつくり、第3水準1-93-59］
陘,※［＃「こざとへん＋徑のつくり」、第3水準1-93-59］
陘,※［＃「こざとへん＋輕のつくり」、第3水準1-93-59］
陘,※［＃「經」の「いとへん」に代えて「こざとへん」、読みは「けい」、第3水準1-93-59］
陡,※［＃「こざとへん＋走」、第4水準2-91-68］
隂,※［＃「こざとへん＋（人がしら／髟のへん）」、第4水準2-91-70］
隄,※［＃「こざとへん＋是」、第3水準1-93-60］
隤,※［＃「こざとへん＋貴」、第3水準1-93-63］
隤,※［＃「こざと＋貴」、第3水準1-93-63］
隥,※［＃「こざとへん＋登」、第3水準1-93-64］
隩,※［＃「こざとへん＋奥」、第4水準2-91-75］
隳,※［＃「隋／やね／恭のあし」、第4水準2-91-77］
隳,※［＃「隋／恭」の「共」に代えて「人がしら」、第4水準2-91-77］
雒,※［＃「各＋隹」、第3水準1-93-65］
雘,※［＃「栴－木－（尓－小）＋護のつくり」、第4水準2-91-82］
雚,※［＃「權のつくり」、第4水準2-91-83］
雝,※［＃「廱－广」、第4水準2-91-84］
雞,※［＃「※」は「奚＋隹」、第3水準1-93-66、146-4］
雞,※［＃「※」は「奚＋隹」、第3水準1-93-66、160-3］
雞,※［＃「※」は「奚＋隹」、第3水準1-93-66、169-2］
雞,※［＃「※」は「奚＋隹」、第3水準1-93-66、40-3］
雞,※［＃「※」は「奚＋隹」、第3水準1-93-66、45-2］
雞,※［＃「※」は「奚＋隹」、第3水準1-93-66、81-5］
雞,※［＃「※」は「奚＋隹」、第3水準1-93-66、83-15］
雞,※［＃「奚＋隹」、第3水準1-93-66、262-19］
雞,※［＃「奚＋隹」、第3水準1-93-66、64-2］
雞,※［＃「奚＋隹」、第3水準1-93-66、読みは「にわとり」、245-6］
雞,※［＃「奚＋隹」、第3水準1-93-66］
雞,※［＃「鷄」の「鳥」に代えて「隹」、第3水準1-93-66］
雞,※［＃「鷄の左＋隹」、第3水準1-93-66、122上-11］
雩,※［＃「樗のつくり」、第3水準1-93-68］
雯,※［＃「※」は「雨かんむり＋文」、第3水準1-93-69、146-10］
靇,※［＃「雨かんむり／龍」、第4水準2-91-91］
靍,※［＃「雨かんむり／（隹＋鳥）」、第3水準1-93-72］
靏,※［＃「雨／鶴」、第3水準1-93-74、75-9］
靏,※［＃「雨／鶴」、第3水準1-93-74、76-6］
靚,※［＃「靜のへん＋見」、第3水準1-93-75］
靛,※［＃「靜」の「爭」に代えて「定」、第4水準2-91-94］
靛,※［＃「靜のへん＋定」、第4水準2-91-94］
靮,※［＃「革＋勺」、第3水準1-93-76］
靳,※［＃「革＋斤」、第3水準1-93-77］
鞞,※［＃「革＋婢のつくり」、第4水準2-92-6］
鞢,※［＃「革＋喋のつくり」、第4水準2-92-7］
鞮,※［＃「革＋是」、第3水準1-93-79］
鞱,※［＃「革＋稻のつくり」、第4水準2-92-8］
鞱,※［＃「革＋（韜－韋）」、第4水準2-92-8］
鞺,※［＃「革へん＋堂」、第3水準1-93-80］
鞺,※［＃「革＋堂」、第3水準1-93-80、72-14］
鞺,※［＃「革＋堂」、第3水準1-93-80、768-中-24］
鞺,※［＃「革＋堂」、第3水準1-93-80］
鞾,※［＃「革＋華」、第4水準2-92-10］
韁,※［＃「※」は「僵」の「にんべん」の代わりに「革へん」、第3水準1-93-81、127-10］
韁,※［＃「※」は「革＋疆のつくり」、第3水準1-93-81、17-12］
韁,※［＃「革＋橿のつくり」、第3水準1-93-81］
韉,※［＃「革＋薦」、第3水準1-93-82］
韌,※［＃「韋＋仞のつくり」、第4水準2-92-11］
韑,※［＃「光＋韋」、第4水準2-92-12］
韔,※［＃「韋＋長」、第4水準2-92-13］
韙,※［＃「※」は「題の頁の代わりに韋」、第4水準2-92-15、182-11］
韙,※［＃「※」は「題の頁の代わりに韋」、第4水準2-92-15、182-2］
韙,※［＃「※」は「題の頁の代わりに韋」、第4水準2-92-15、182-8］
韙,※［＃「※」は「題の頁の代わりに韋」、第4水準2-92-15、186-2］
韙,※［＃「題」の「頁」に代えて「韋」、第4水準2-92-15］
韛,※［＃「韋＋備のつくり」、第3水準1-93-84］
韛,※［＃「韋＋鞴のつくり」、第3水準1-93-84］
韞,※［＃「※」は「媼」の「女」のかわりに「韋」、第3水準1-93-83、15-15］
韞,※［＃「※」は「媼」の「女」のかわりに「韋」、第3水準1-93-83、168-6］
韞,※［＃「韋＋慍のつくり」、第3水準1-93-83］
韞,※［＃「韋＋榲のつくり」、第3水準1-93-83］
韡,※［＃「韋＋華」、第4水準2-92-16］
頄,※［＃「九＋頁」、第4水準2-92-18］
頊,※［＃「王＋頁」、第3水準1-93-87］
頎,※［＃「斤＋頁」、第4水準2-92-20］
頞,※［＃「安＋頁」、第3水準1-93-88］
頣,※［＃「臣＋頁」、第4水準2-92-25］
頥,※［＃「ぼう＋臣＋頁」、第4水準2-92-28］
頥,※［＃「丿＋臣＋頁」、第4水準2-92-28］
頫,※［＃「兆＋頁」、第3水準1-93-89］
頳,※［＃「赤＋頁」、第4水準2-92-27］
顇,※［＃「卒＋頁」、第4水準2-92-29］
顒,※［＃「偶のつくり＋おおがい」、第3水準1-93-92］
顒,※［＃「禺＋頁」、第3水準1-93-92］
顓,※［＃「端のつくり＋頁」、第3水準1-93-93］
顖,※［＃「貔のつくり＋頁」の「比」に代えて「心」、第3水準1-93-94］
顖,※［＃（ノ／（囗＜メ）／心）＋頁」、第3水準1-93-94］
顗,※［＃「凱のへん＋頁」、第3水準1-94-1］
顗,※［＃「豈＋おおがい」、第3水準1-94-1］
顙,※［＃「桑＋頁」、第3水準1-94-2］
顥,※［＃「景＋頁」、第3水準1-94-5］
顬,※［＃「※」は「需＋おおがい（頁）」、第3水準1-94-6、562-13］
顬,※［＃「※」は「需＋頁」、第3水準1-94-6、142-7］
顬,※［＃「※」は「需＋頁」、第3水準1-94-6、172-13］
顬,※［＃「※」は「需＋頁」、第3水準1-94-6、248-19］
顬,※［＃「※」は「需＋頁」、第3水準1-94-6、329-12］
顬,※［＃「※」は「需＋頁」、第3水準1-94-6、358-13］
顬,※［＃「※」は「需＋頁」、第3水準1-94-6、61-10］
顬,※［＃「需＋頁」、第3水準1-94-6、270-下-19］
顬,※［＃「需＋頁」、第3水準1-94-6、392-16］
顬,※［＃「需＋頁」、第3水準1-94-6、421-1］
顬,※［＃「需＋頁」、第3水準1-94-6、440-11］
顬,※［＃「需＋頁」、第3水準1-94-6］
颰,※［＃「風にょう＋拔のつくり」、第4水準2-92-33］
颷,※［＃「風にょう＋炎」、第4水準2-92-35］
颸,※［＃「風にょう＋思」、第4水準2-92-36］
颺,※［＃「※」は「風＋易」、第3水準1-94-7、149-10］
颺,※［＃「風にょう＋昜」、第3水準1-94-7］
颼,※［＃「風にょう＋溲のつくり」、第4水準2-92-38］
颿,※［＃「馬＋風」、第4水準2-92-39］
飂,※［＃「風にょう＋繆のつくり」、第4水準2-92-40］
飇,※［＃「※」は「風」＋「犬」を３つ、第4水準2-92-41、183-11］
飇,※［＃「風にょう＋（犬／（犬＋犬））、第4水準2-92-41］
飇,※［＃「風にょう＋（犬／（犬＋犬））」、第4水準2-92-41］
飇,※［＃「飆」の「風」が左、第4水準2-92-41］
飇,※［＃「飆」の偏と旁が逆、第4水準2-92-41］
飈,※［＃「風にょう＋（火／（火＋火））、第3水準1-94-8］
飈,※［＃「風にょう＋（火／（火＋火））」、第3水準1-94-8］
飈,※［＃「風＋（火／（火＋火）」、第3水準1-94-8］
飡,※［＃「冫＋（餮－殄）」、第4水準2-92-45］
飧,※［＃「夕＋（餮－殄）」、第3水準1-94-9］
飪,※［＃「飮のへん＋壬」、第4水準2-92-48］
飱,※［＃「歹＋食」、第4水準2-92-50］
飱,※［＃「歹＋（餐－殄）」、第4水準2-92-50］
飱,※［＃「歹＋（餮－殄）」、第4水準2-92-50］
餈,※［＃「（咨－口）／（餮－殄）」、第4水準2-92-52］
餛,※［＃「飮のへん＋昆」、第4水準2-92-59］
餲,※［＃「渇」の「さんずい」に代えて「しょくへん」、第4水準2-92-63］
餲,※［＃「食＋曷」、第4水準2-92-63、109下－4］
餲,※［＃「飮のへん＋曷」、第4水準2-92-63］
餳,※［＃「※」は「食へん＋昜」、第4水準2-92-64、137-13］
餻,※［＃「飮のへん＋羔」、第4水準2-92-66］
餼,※［＃「飮のへん＋氣」、第4水準2-92-67］
餼,※［＃「饋」の「貴」に代えて「氣」、第4水準2-92-67］
饀,※［＃「「滔」の「さんずい」に代えて「しょくへん」」、第4水準2-92-68］
饀,※［＃「滔」の「さんずい」に代えて「しょくへん」、第4水準2-92-68］
饀,※［＃「食へん＋（韜－韋）」、第4水準2-92-68］
饀,※［＃「飮のへん＋稻のつくり」、第4水準2-92-68］
饀,※［＃「餒」の「女」の代わりに「臼」、第4水準2-92-68、読みは「あん」、370-9］
饍,※［＃「飮のへん＋善」、第4水準2-92-71］
饘,※［＃「飮のへん＋亶」、第3水準1-94-10］
饜,※［＃「※」は「厭＋食」、第4水準2-92-73、101-11］
饜,※［＃「厭／食」、第4水準2-92-73］
饜,※［＃「厭／（餮－殄）」、第4水準2-92-73］
馽,※［＃「馬／中」、第4水準2-92-79］
駃,※［＃「馬＋夬」、第4水準2-92-81］
駉,※［＃「炯」の「ひへん」に代えて「うまへん」、読みは「けい」、第4水準2-92-82］
駉,※［＃「馬＋炯のつくり」、第4水準2-92-82］
駔,※［＃「馬＋且」、第4水準2-92-83］
駙,※［＃「馬＋付」、第4水準2-92-84］
駞,※［＃「馬＋施のつくり」、第4水準2-92-85］
駼,※［＃「馬＋余」、第4水準2-92-89］
騂,※［＃「馬＋辛」、第3水準1-94-12］
騃,※［＃「馬＋埃のつくり」、第3水準1-94-13］
騃,※［＃「馬＋矣」、第3水準1-94-13］
騊,※［＃「馬＋淘のつくり」、第4水準2-92-90］
騖,※［＃「鶩」の「鳥」に代えて「馬」、第4水準2-92-92］
騖,※［＃「（矛＋攵）／馬」、第4水準2-92-92］
騠,※［＃「馬＋是」、第4水準2-92-94］
騮,※［＃「馬＋留」、第3水準1-94-16］
騱,※［＃「馬＋奚」、第4水準2-93-1］
騶,※［＃「馬＋芻」、第4水準2-93-2］
驄,※［＃「馬＋總のつくり」、第4水準2-93-3］
驊,※［＃「馬＋華」、第3水準1-94-18］
驎,※［＃「馬＋鄰のへん」、第3水準1-94-19］
骯,※［＃「骨＋亢」、第4水準2-93-7］
骶,※［＃「低」の「にんべん」に代えて「骨」、第3水準1-94-21］
骶,※［＃「骨へん＋（低－イ）」、読みは「てい」、第3水準1-94-21］
骶,※［＃「骨＋低のつくり」、第3水準1-94-21］
骶,※［＃「骨＋（低－にんべん）」、第3水準1-94-21］
髐,※［＃「骨＋堯」、第4水準2-93-14］
髒,※［＃「骨＋葬」、第4水準2-93-15］
髠,※［＃「髟／几」、第4水準2-93-19］
髥,※［＃「髟／（冂＜はみ出た横棒二本）」、第4水準2-93-20］
髩,※［＃「髟／丐」、第4水準2-93-21］
髩,※［＃「髟／眄のつくり」、第4水準2-93-21］
髹,※［＃「髟／休」、第3水準1-94-26］
鬂,※［＃「髟／兵」、第3水準1-94-27］
鬃,※［＃「髟／宗」、第4水準2-93-22］
鬐,※［＃「髟／耆」、第4水準2-93-24］
鬒,※［＃「髟／眞」、第4水準2-93-25］
鬖,※［＃「髟／參」、第4水準2-93-26］
鬭,※［＃「鬥＜（（卯／亞の下半分）＋斤）」、第3水準1-94-31］
鬭,※［＃鬥＜（（卯／亞の下半分）＋斤）」、第3水準1-94-31］
魋,※［＃「鬼＋隹」、第4水準2-93-32］
魋,※［＃「魅」の「未」に代えて「隹」、第4水準2-93-32］
魞,※［＃「魚＋入」、第3水準1-94-32］
魣,※［＃「魚＋予」、第4水準2-93-33］
魥,※［＃「魚＋（岌－山）」、第4水準2-93-34］
魦,※［＃「魚＋少」、第3水準1-94-34］
魳,※［＃「魚＋師のつくり」、第4水準2-93-37］
魵,※［＃「魚＋扮のつくり」、第3水準1-94-36］
鮄,※［＃「魚＋弗」、第3水準1-94-37］
鮏,※［＃「魚＋生」、第3水準1-94-39］
鮞,※［＃「魚＋粫のつくり」、第3水準1-94-40］
鮞,※［＃「魚＋而」、第3水準1-94-40］
鮧,※［＃「魚＋夷」、第3水準1-94-41］
鮾,※［＃「魚＋綏のつくり」、第4水準2-93-47］
鮾,※［＃「魚＋（「孚」の「子」に代えて「女」）」、第4水準2-93-47］
鯁,※［＃「魚＋哽のつくり」、第3水準1-94-42］
鯁,※［＃「魚＋更」、第3水準1-94-42］
鯇,※［＃「魚へん＋完」、第4水準2-93-48、58-7］
鯇,※［＃「魚＋完」、第4水準2-93-48］
鯎,※［＃「魚＋成」、第3水準1-94-43］
鯘,※［＃「魚＋委」、第4水準2-93-50］
鯥,※［＃「「陸」の「こざとへん」に代えて「魚」」、第3水準1-94-44］
鯥,※［＃「魚＋陸のつくり」、第3水準1-94-44］
鯪,※［＃「魚＋陵のつくり」、第4水準2-93-53］
鯷,※［＃「魚＋是」、第4水準2-93-60］
鯸,※［＃「魚＋侯」、第3水準1-94-45］
鯽,※［＃「喞」の「口」に代えて「魚」、第3水準1-94-46］
鯽,※［＃「魚＋喞のつくり」、第3水準1-94-46］
鯽,※［＃「魚＋皀＋卩」、第3水準1-94-46］
鰩,※［＃「遙」の「しんにゅう」が「魚」、第4水準2-93-69、76-5］
鰩,※［＃「魚＋搖のつくり」、第4水準2-93-69］
鰱,※［＃「魚＋二点しんにょうの連」、第4水準2-93-72］
鰶,※［＃「魚＋祭」、第4水準2-93-73］
鰷,※［＃「魚＋條」、第4水準2-93-74］
鱁,※［＃「魚＋二点しんにょう＋豕」、第3水準1-94-49］
鱏,※［＃「魚＋覃」、第3水準1-94-50］
鱐,※［＃「魚＋肅」、第3水準1-94-51］
鱓,※［＃「※」は「魚へん＋單」、第3水準1-94-52、168-4］
鱓,※［＃「魚＋單」、第3水準1-94-52］
鱘,※［＃「魚＋潯のつくり」、第4水準2-93-82］
鱛,※［＃「魚＋會」、第4水準2-93-83］
鱝,※［＃「魚＋賁」、第4水準2-93-84］
鱣,※［＃「魚＋亶」、第3水準1-94-53］
鱣,※［＃「魚＋檀のつくり」、第3水準1-94-53］
鱩,※［＃「魚＋雷」、第4水準2-93-86］
鱮,※［＃「魚＋與」、第4水準2-93-90］
鱲,※［＃「鑞」の「金」に変えて「魚」、第4水準2-93-92］
鱲,※［＃「魚＋獵のつくり」、第4水準2-93-92］
鱲,※［＃「魚＋鑞のつくり」、第4水準2-93-92］
鱵,※［＃「魚＋箴」、第4水準2-93-93］
鱷,※［＃「※」は「魚＋王のなかに口が四つ」、第3水準1-94-55、194-16］
鱷,※［＃「魚＋王の中の空白部に口が四つ」、第3水準1-94-55］
鱺,※［＃「魚＋麗」、第4水準2-93-94］
鳲,※［＃「尸＋鳥」、第4水準2-94-2］
鴂,※［＃「刔のへん＋鳥」、第4水準2-94-4］
鴂,※［＃「夬＋鳥」、第4水準2-94-4］
鴑,※［＃「奴／鳥」、第4水準2-94-6］
鴗,※［＃「立＋鳥」、第4水準2-94-7］
鴝,※［＃「句＋鳥」、第3水準1-94-56］
鴞,※［＃「号＋鳥」、第3水準1-94-57］
鵂,※［＃「休＋鳥」、第4水準2-94-14］
鵇,※［＃「※」は「年＋鳥」、第3水準 1-94-59、113-2］
鵇,※［＃「年＋鳥」、第3水準1-94-59］
鵒,※［＃「谷＋鳥」、第3水準1-94-60］
鵣,※［＃「束＋鳥」、第3水準1-94-61］
鵩,※［＃「服＋鳥」、第4水準2-94-19］
鵰,※［＃「周＋鳥」、第3水準1-94-62］
鵰,※［＃「蜩のつくり＋鳥」、第3水準1-94-62］
鵶,※［＃「亞＋鳥」、第4水準2-94-23］
鵷,※［＃「宛＋鳥」、第4水準2-94-24］
鵼,※［＃「空＋鳥」、第3水準1-94-63］
鶊,※［＃「庚＋鳥」、第3水準1-94-64］
鶍,※［＃「易＋鳥」、第4水準2-94-27］
鶙,※［＃「帝＋鳥」、第4水準2-94-28］
鶡,※［＃「曷＋鳥」、第4水準2-94-29］
鶬,※［＃「倉＋鳥」、第3水準1-94-67］
鶵,※［＃「芻＋鳥」、第4水準2-94-31］
鶵,※［＃「雛」の「隹」に代えて「鳥」、第4水準2-94-31］
鶹,※［＃「留＋鳥」、第4水準2-94-32］
鶹,※［＃「（卯／田）＋鳥」、第4水準2-94-32］
鶽,※［＃「隼＋鳥」、第4水準2-94-33］
鶿,※［＃「慈」の「心」に代えて「鳥」、第4水準2-94-30］
鷀,※［＃「滋のつくり＋鳥」、第3水準1-94-66］
鷀,※［＃「茲＋鳥」、第3水準1-94-66］
鷇,※［＃「轂」の「車」に代えて「鳥」、第4水準2-94-35］
鷉,※［＃「（厂＋虎）＋鳥」、第4水準2-94-36］
鷖,※［＃「翳」の「羽」に代えて「鳥」、第4水準2-94-37］
鷟,※［＃「族／鳥」、第4水準2-94-39］
鷧,※［＃「壹＋鳥」、第3水準1-94-71］
鷧,※［＃「懿のへん＋鳥」、第3水準1-94-71］
鷴,※［＃「閑＋鳥」、第4水準2-94-42］
鸂,※［＃「さんずい＋鷄」、第4水準2-94-45」］
鸂,※［＃「さんずい＋鷄」、第4水準2-94-45］
鸇,※［＃「顫のへん＋鳥」、第3水準1-94-72］
鸊,※［＃「辟＋鳥」、第4水準2-94-44］
鸕,※［＃「盧＋鳥」、第3水準1-94-73］
鸕,※［＃「顱のへん＋鳥」、第3水準1-94-73］
鸝,※［＃「麗＋鳥」、第4水準2-94-49］
鹵,※［＃「滷－さんずい」、第3水準1-83-35］
麛,※［＃「塵」の「土」に代えて「弭」、第4水準2-94-54］
麞,※［＃「鹿／章」、第3水準1-94-75］
麤,※［＃「鹿／（鹿＋鹿）」、第3水準1-94-76］
麤,※［＃「鹿／（鹿＋鹿）」、読みは「そ」、第3水準1-94-76］
麨,※［＃「麥にょう＋少」、第4水準2-94-55］
麨,※［＃「麩」の「夫」に代えて「少」、第4水準2-94-55］
麬,※［＃「麥にょう＋皮」、第3水準1-94-77］
麬,※［＃「麥＋皮」、第3水準1-94-77］
麽,※［＃「麻かんむり／「公」の「八」の右を取る」、第4水準2-94-57］
麽,※［＃「麻／（ノ＋ム）」、第4水準2-94-57］
麽,※［＃「麾」の「毛」にかえて「公」の右上の欠けたもの、第4水準2-94-57］
麽,※［＃「麾」の「毛」に代えて「公の右上の欠けたもの」、第4水準2-94-57］
黧,※［＃「犂」の「牛」に代えて「黒の旧字」、第4水準2-94-60］
黧,※［＃「犂」の「牛」に代えて「黨－尚」、第4水準2-94-60］
黮,※［＃「黯のへん＋甚」、第4水準2-94-61］
黿,※［＃「元／黽」、第4水準2-94-62］
鼂,※［＃「鼈」の「敝」に代えて「旦」、第4水準2-94-63］
鼐,※［＃「乃／鼎」、第3水準1-94-83］
鼙,※［＃「瞽」の「目」に代えて「卑」、第4水準2-94-67］
鼙,※［＃「鼓／卑」、第4水準2-94-67］
鼙,※［＃「鼓／婢のつくり」、第4水準2-94-67］
鼯,※［＃「ねずみへん＋吾」、第4水準2-94-68］
鼯,※［＃「鼠＋吾」、第4水準2-94-68］
鼯,※［＃「鼬」の「由」に代えて「吾」、第4水準2-94-68］
鼷,※［＃「鼬」の「由」に代えて「奚」、第4水準2-94-69］
鼹,※［＃「鼬」の「由」に代えて「晏」、第3水準1-94-84］
齁,※［＃「鼻＋句」、第4水準2-94-72］
齁,※［＃「鼾のへん＋句」、第4水準2-94-72］
齅,※［＃「嗅」の「口」に代えて「鼻」、第4水準2-94-73］
齅,※［＃「鼻＋嗅のつくり」、第4水準2-94-73］
齅,※［＃「鼻＋臭」、第4水準2-94-73］
齅,※［＃「鼻＋（嗅－口）」、第4水準2-94-73］
齅,※［＃「鼾のへん＋嗅のつくり」、第4水準2-94-73］
齆,※［＃「鼾のへん＋（巛／邑）」、第4水準2-94-74］
齓,※［＃「齒＋礼のつくり」、第4水準2-94-75］
齕,※［＃「齒＋乞」、第4水準2-94-76］
齝,※［＃「齒＋台」、第4水準2-94-79］
齰,※［＃「齒＋昔」、第4水準2-94-84］
龐,※［＃「まだれ＋龍」、第3水準1-94-86］
龐,※［＃「广＋龍」、第3水準1-94-86］
龔,※［＃「龍／共」、第3水準1-94-87］
龗,※［＃「靈」の「巫」に代えて「龍」、第3水準1-94-88］
﨏,※［＃「土へん＋谷」、第3水準1-15-43］
塚,※［＃「土へん＋冢」、第3水準1-15-55］
﨑,※［＃「山＋竒」、第3水準1-47-82］
凞,※［＃「熈」の「ノ」に代えて「冫」、第3水準1-87-58］
凞,※［＃「（冫＋臣＋犯のつくり）／れんが」、第3水準1-87-58］
﨟,※［＃「※」は「くさかんむり」の下に「月＋曷」、第3水準1-91-26、19-12］
﨟,※［＃「※」は「くさかんむり」の下に「月＋曷」、第3水準1-91-26、69-13］
﨟,※［＃「※」は「くさかんむり」の下に「月＋曷」、第3水準1-91-26、7-1］
﨟,※［＃「※」は「くさかんむり」の下に「月＋曷」、第3水準1-91-26、70-12］
﨟,※［＃「※」は「くさかんむり」の下に「月＋曷」、第3水準1-91-26、70-6］
﨟,※［＃「※」は「くさかんむり」の下に「月＋曷」、第3水準1-91-26、71-3］
﨟,※［＃「くさかんむり／（月＋曷）」、第3水準1-91-26］
﨟,※［＃「臈のくさかんむりが月にもかかった形（臘と同字）」、読みは「ろう」、第3水準1-91-26、133-上15］
﨟,※［＃「草かんむり／（月＋曷）」、第3水準1-91-26］
﨟,※［＃「藹」の「言」に代えて「月」、第3水準1-91-26］
﨟,※［＃「藹」の「言」に代えて「月」」、第3水準1-91-26］
﨟,※［＃くさかんむり／（月＋曷）」、第3水準1-91-26］
謹,※［＃非0213外字：「厂＋菫」、ただし「菫」は第3水準1-92-16のつくりの形、読みは「わづ」、289-上-12］
謹,※［＃非0213外字：「厂＋菫」、ただし「菫」は第3水準1-92-16のつくりの形、読みは「わづか」、286-下-24］
逸,※［＃「二点しんにょう＋兔」、第3水準1-92-57］
𠈓,※［＃「にんべん＋両」、第4水準2-1-38］
𠠇,※［＃「劉」の「金」に代えて「亞」、第4水準2-3-31］
𠵅,※［＃「口＋椛のつくり」、第4水準2-3-87］
𠹤,※［＃「口＋恚」、第4水準2-4-26］
𠹭,※［＃「口＋哥」、第4水準2-04-18］
𠺕,※［＃「口＋留」、第4水準2-4-17］
𡉕,※［＃「土へん＋丸」、第4水準2-4-60］
𡸴,※［＃「山＋険のつくり」、第3水準1-47-78］
𡽶,※［＃「山＋鼻」、第4水準2-8-70］
𢈘,※［＃「（鹿－比）の、まだれ右下の縦画二本を下に延ばし、左右にはらいを添える」、第4水準2-94-51］
𢌞,※［＃「※」は「えんにょう＋囘」、第4水準2-12-11、101-2］
𢌞,※［＃「※」は「えんにょう＋囘」、第4水準2-12-11、104-6］
𢌞,※［＃「※」は「えんにょう＋囘」、第4水準2-12-11、14-5］
𢌞,※［＃「※」は「えんにょう＋囘」、第4水準2-12-11、25-7］
𢌞,※［＃「※」は「えんにょう＋囘」、第4水準2-12-11、47-5］
𢌞,※［＃「※」は「えんにょう＋囘」、第4水準2-12-11、52-5］
𢌞,※［＃「※」は「えんにょう＋囘」、第4水準2-12-11、70-9］
𢌞,※［＃「※」は「えんにょう＋囘」、第4水準2-12-11、71-8］
𢌞,※［＃「※」は「えんにょう＋囘」、第4水準2-12-11、76-2］
𢌞,※［＃「※」は「えんにょう＋囘」、第4水準2-12-11、84-3］
𢌞,※［＃「※」は「えんにょう＋囘」、第4水準2-12-11、93-3］
𢌞,※［＃「※」は「えんにょう＋囘」、第4水準2-12-11、読みは「まわ」、202-15］
𢌞,※［＃「※」は「えんにょう＋囘」、第4水準2-12-11、読みは「まわ」、204-6］
𢌞,※［＃「※」は「えんにょう＋囘」、第四水準2-12-11、］
𢌞,※［＃「えんにょう＋囘」、第4水準2-12-11、289-1］
𢌞,※［＃「えんにょう＋囘」、第4水準2-12-11、292-2］
𢌞,※［＃「えんにょう＋囘」、第4水準2-12-11、309-12］
𢌞,※［＃「えんにょう＋囘」、第4水準2-12-11、310-8］
𢌞,※［＃「えんにょう＋囘」、第4水準2-12-11］
𢌞,※［＃「えんにょう＋囘」、第４水準2-12-11］
𢌞,※［＃「えんにょう＋囘」第4水準2-12-11］
𢌞,※［＃「廴＋囘」、第4水準2-12-11、24-2］
𢌞,※［＃「廴＋囘」、第4水準2-12-11、339-4］
𢌞,※［＃「廴＋囘」、第4水準2-12-11、340-1］
𢌞,※［＃「廴＋囘」、第4水準2-12-11、340-5］
𢌞,※［＃「廴＋囘」、第4水準2-12-11、340-7］
𢌞,※［＃「廴＋囘」、第4水準2-12-11、341-1］
𢌞,※［＃「廴＋囘」、第4水準2-12-11、341-5］
𢌞,※［＃「廴＋囘」、第4水準2-12-11、XIV-15］
𢌞,※［＃「廴＋囘」、第4水準2-12-11、XVII-6］
𢌞,※［＃「廴＋囘」、第4水準2-12-11、XXXVII-10］
𢌞,※［＃「廴＋囘」、第4水準2-12-11］
𢌞,※［＃「廴＋囘」、第４水準2-12-11］
𢌞,※［＃「廻」の「回」の代わりに「囘」、第4水準2-12-11］
𢪸,※［＃「怨」の「心」に代えて「手」、第4水準2-13-4］
𢮦,※［＃「てへん＋険のつくり」、第4水準2-13-21］
𣏓,※［＃「木＋汚のつくり」、第4水準2-14-28］
𣏕,※［＃「木＋（朮－丶）」、第4水準2-14-36］
𣑊,※［＃「木＋在」、第4水準2-14-53］
𣑥,※［＃「木＋「孝」の「子」に代えて「丁」」、第4水準2-14-59］
𣑥,※［＃「木＋孝」の「子」に代えて「丁」、第4水準2-14-59］
𣑥,※［＃「木＋（「孝」の「子」に代えて「丁」）」、第4水準2-14-59］
𣑥,※［＃「栲」のおいがしらの下が「丁」、第4水準2-14-59］
𣜌,※［＃「木＋鼠」、第4水準2-15-57］
𣠽,※［＃「木＋覇」、第4水準2-15-85］
𣠽,※［＃「木＋覊」の「馬」に代えて「月」、第4水準2-15-85］
𣱿,※［＃「さんずい＋入」、第4水準2-78-20］
𣵀,※［＃「さんずい＋（日／工）」、第4水準2-78-60、56下-12］
𣵀,※［＃「さんずい＋（日／工）」、第4水準2-78-60］
𣷓,※［＃「さんずい＋和」、第4水準2-78-64］
𤄃,※［＃「さんずい＋闊」、第4水準2-79-45］
𤢖,※［＃「けものへん＋噪のつくり」、第4水準2-80-51］
𤢖,※［＃「けものへん＋操のつくり」、第4水準2-80-51］
𤢖,※［＃「操」の「てへん」に代えて「けものへん」、第4水準2-80-51］
𤭖,※［＃「瓦＋髟－彡」、第4水準2-81-14］
𤹪,※［＃「やまいだれ＋區」、第4水準2-81-70］
𥁕,※［＃「慍のつくり」、第4水準2-81-87、384-6］
𥁕,※［＃「慍のつくり」、第4水準2-81-87］
𥇍,※［＃「目＋卓」、第4水準2-82-4］
𥇥,※［＃「目＋検のつくり」、第4水準2-82-3］
𥇥,※［＃「目＋険のつくり」、第4水準2-82-3］
𥉌,※［＃「目＋荅」、第4水準2-82-12］
𥶡,※［＃「竹かんむり／輪」、第3水準1-89-78］
𥻘,※［＃「鄰のへん＋巛」、第4水準2-83-91］
𥿻,※［＃「糸＋旨」、第4水準2-84-21］
𦙾,※［＃「月＋径のつくり」、第4水準2-85-21］
𦣝,※［＃「臣」の「コ」に代えて「口」、第4水準2-85-54］
𦥯,※［＃「學－子」、第4水準2-85-61］
𧄍,※［＃「くさかんむり／翹」、第4水準2-87-19］
𧏛,※［＃「討／虫」、第4水準2-87-68］
𧘔,※［＃「ころもへん＋下」、第4水準2-88-10］
𧘕,※［＃「ころもへん＋上」、第4水準2-88-9］
𧘕,※［＃「衣へん＋上」、第4水準2-88-9］
𧜎,※［＃「ころもへん＋挙」、第4水準2-88-28］
𧦅,※［＃「言＋区」、第4水準2-88-54］
𧮾,※［＃「渓のつくり＋谷」、第4水準2-88-89］
𧲸,※［＃「豸＋占」、第4水準2-89-5］
𨋳,※［＃「車＋因」、第4水準2-89-62］
𨏍,※［＃「車＋榮」、第3水準1-92-49］
𨗉,※［＃「二点しんにょう＋（穴かんむり／豬のへん）」、第4水準2-90-1］
𨫤,※［＃「金＋二点しんにょうの通」、第4水準2-91-29］
𨸶,※［＃「こざとへん＋怦のつくり」、第4水準2-91-65］
𨿸,※［＃「渓のつくり＋隹」、第4水準2-91-81］
𩛰,※［＃「求／食」、第4水準2-92-54］
𩛰,※［＃「求／（餮－殄）」、第4水準2-92-54］
𩜙,※［＃「食＋尭」、第4水準2-92-57］
𩜙,※［＃「飲のへん＋尭」、第4水準2-92-57］
𩺊,※［＃「魚＋荒」の「亡」に代えて「氓のへん」、第4水準2-93-59］
𩻩,※［＃「澁」の「さんずい」に代えて「魚」、第4水準2-93-77］
𩻩,※［＃「魚＋澁のつくり」、第4水準2-93-77］
𪘂,※［＃「契」の「大」に代えて「歯」、第4水準2-94-80］
