ϑ,※［＃θ異体字、U+03D1、173-下-9］
ϑ,※［＃θ異体字、U+03D1、174-上-18］
ϑ,※［＃θ異体字、U+03D1、176-上-16］
ϑ,※［＃θ異体字、U+03D1、176-上-19］
ϑ,※［＃θ異体字、U+03D1、177-下-12］
ϑ,※［＃θ異体字、U+03D1、179-上-16］
ϑ,※［＃θ異体字、U+03D1、179-上-1］
ϵ,※［＃ε異体字、U+03F5、158-下-16］
ϵ,※［＃ε異体字、U+03F5、176-下-11］
ϵ,※［＃ε異体字、U+03F5、176-下-12］
Й,※［＃ブリーブ付きИ、U+0419］
і,※［＃キリル小文字I、U+0456、1-1］
ἀ,※［＃無気記号付きα、U+1F00、157-4］
ἀ,※［＃無気記号付きα、U+1F00、164-5］
ἀ,※［＃無気記号付きα、U+1F00、171-10］
ἀ,※［＃無気記号付きα、U+1F00、179-上-16］
ἀ,※［＃無気記号付きα、U+1F00、180-上-18］
ἀ,※［＃無気記号付きα、U+1F00、223-12］
ἀ,※［＃無気記号付きα、U+1F00、579-6］
ἀ,※［＃無気記号付きα、U+1F00、77-8］
ἄ,※［＃無気記号と鋭アクセント付きα、U+1F04、100-13］
ἄ,※［＃無気記号と鋭アクセント付きα、U+1F04、176-下-12］
Ἀ,※［＃無気記号付きΑ、U+1F08、302-10］
ἐ,※［＃無気記号付きε、U+1F10、110-14］
ἐ,※［＃無気記号付きε、U+1F10、113-6］
ἐ,※［＃無気記号付きε、U+1F10、113-8］
ἐ,※［＃無気記号付きε、U+1F10、171-10］
ἐ,※［＃無気記号付きε、U+1F10、174-上-19］
ἐ,※［＃無気記号付きε、U+1F10、180-上-18］
ἐ,※［＃無気記号付きε、U+1F10、384-下-12］
ἐ,※［＃無気記号付きε、U+1F10、384-下-6］
ἐ,※［＃無気記号付きε、U+1F10、598-10］
ἐ,※［＃無気記号付きε、U+1F10、623-21］
ἐ,※［＃無気記号付きε、U+1F10、642-10］
ἐ,※［＃無気記号付きε、U+1F10、77-8］
ἑ,※［＃有気記号付きε、U+1F11、580-15］
ἔ,※［＃無気記号と鋭アクセント付きε、U+1F14、120-3-3］
ἔ,※［＃無気記号と鋭アクセント付きε、U+1F14、77-8］
ἕ,※［＃有気記号と鋭アクセント付きε、U+1F15、158-上-2］
ἕ,※［＃有気記号と鋭アクセント付きε、U+1F15、223-12］
ἕ,※［＃有気記号と鋭アクセント付きε、U+1F15、59-11］
ἡ,※［＃有気記号付きη、U+1F21、110-13］
ἡ,※［＃有気記号付きη、U+1F21、155-下-6］
ἤ,※［＃無気記号と鋭アクセント付きη、U+1F24、198-13］
ἤ,※［＃無気記号と鋭アクセント付きη、U+1F24、223-12］
ἰ,※［＃無気記号付きι、U+1F30、100-13］
ἰ,※［＃無気記号付きι、U+1F30、113-6］
ἰ,※［＃無気記号付きι、U+1F30、113-8］
ἰ,※［＃無気記号付きι、U+1F30、173-下-13］
ἰ,※［＃無気記号付きι、U+1F30、175-上-11］
ἰ,※［＃無気記号付きι、U+1F30、175-上-8］
ἰ,※［＃無気記号付きι、U+1F30、176-下-11］
ἰ,※［＃無気記号付きι、U+1F30、223-12］
ἰ,※［＃無気記号付きι、U+1F30、386-下-20］
ἰ,※［＃無気記号付きι、U+1F30、51-下-17］
ἱ,※［＃有気記号付きι、U+1F31、198-13］
ἴ,※［＃無気記号と鋭アクセント付きι、U+1F34、174-上-18］
ἶ,※［＃無気記号と曲アクセント付きι、U+1F36、175-上-7］
ὀ,※［＃無気記号付きο、U+1F40、111-11］
ὀ,※［＃無気記号付きο、U+1F40、223-12］
ὁ,※［＃有気記号付きο、U+1F41、158-下-15］
ὁ,※［＃有気記号付きο、U+1F41、171-10］
ὁ,※［＃有気記号付きο、U+1F41、174-上-5］
ὁ,※［＃有気記号付きο、U+1F41、180-上-8］
ὁ,※［＃有気記号付きο、U+1F41、302-10］
ὁ,※［＃有気記号付きο、U+1F41、575-15］
ὁ,※［＃有気記号付きο、U+1F41、61-2］
ὂ,※［＃無気記号と重アクセント付きο、U+1F42、84-7］
ὄ,※［＃無気記号と鋭アクセント付きο、U+1F44、110-13］
ὄ,※［＃無気記号と鋭アクセント付きο、U+1F44、132-2］
ὅ,※［＃有気記号と鋭アクセント付きο、U+1F45、158-下-17］
ὅ,※［＃有気記号と鋭アクセント付きο、U+1F45、173-下-10］
ὅ,※［＃有気記号と鋭アクセント付きο、U+1F45、61-3］
ὐ,※［＃無気記号付きυ、U+1F50、113-6］
ὐ,※［＃無気記号付きυ、U+1F50、120-3-3］
ὑ,※［＃有気記号付きυ、U+1F51、129-14］
ὑ,※［＃有気記号付きυ、U+1F51、174-上-6］
ὑ,※［＃有気記号付きυ、U+1F51、31-4］
ὑ,※［＃有気記号付きυ、U+1F51、51-下-23］
ὕ,※［＃有気記号と鋭アクセント付きυ、U+1F55、171-11］
ὖ,※［＃無気記号と曲アクセント付きυ、U+1F56、158-下-16］
ὗ,※［＃有気記号と曲アクセント付きυ、U+1F57、61-2］
ὡ,※［＃有気記号付きω、U+1F61、384-下-12］
ὡ,※［＃有気記号付きω、U+1F61、84-7］
ὴ,※［＃重アクセント付きη、U+1F74、173-下-17］
ὴ,※［＃重アクセント付きη、U+1F74、81-6］
ή,※［＃鋭アクセント付きη、U+1F75、136-5］
ή,※［＃鋭アクセント付きη、U+1F75、171-10］
ή,※［＃鋭アクセント付きη、U+1F75、174-上-18］
ή,※［＃鋭アクセント付きη、U+1F75、174-上-19］
ή,※［＃鋭アクセント付きη、U+1F75、174-上-6］
ή,※［＃鋭アクセント付きη、U+1F75、178-上-13］
ή,※［＃鋭アクセント付きη、U+1F75、178-上-2］
ή,※［＃鋭アクセント付きη、U+1F75、179-上-16］
ή,※［＃鋭アクセント付きη、U+1F75、180-上-18］
ή,※［＃鋭アクセント付きη、U+1F75、193-上-11］
ή,※［＃鋭アクセント付きη、U+1F75、302-10］
ή,※［＃鋭アクセント付きη、U+1F75、51-下-16］
ή,※［＃鋭アクセント付きη、U+1F75、51-下-17］
ή,※［＃鋭アクセント付きη、U+1F75、55-12］
ή,※［＃鋭アクセント付きη、U+1F75、575-15］
ή,※［＃鋭アクセント付きη、U+1F75、580-15］
ή,※［＃鋭アクセント付きη、U+1F75、580-18］
ὶ,※［＃重アクセント付きι、U+1F76、120-3-3］
ὶ,※［＃重アクセント付きι、U+1F76、158-下-16］
ὶ,※［＃重アクセント付きι、U+1F76、171-11］
ὶ,※［＃重アクセント付きι、U+1F76、380-上-9］
ὶ,※［＃重アクセント付きι、U+1F76、384-下-12］
ὶ,※［＃重アクセント付きι、U+1F76、61-2］
ί,※［＃鋭アクセント付きι、U+1F77、103-9］
ί,※［＃鋭アクセント付きι、U+1F77、110-14］
ί,※［＃鋭アクセント付きι、U+1F77、113-6］
ί,※［＃鋭アクセント付きι、U+1F77、113-8］
ί,※［＃鋭アクセント付きι、U+1F77、129-14］
ί,※［＃鋭アクセント付きι、U+1F77、136-5］
ί,※［＃鋭アクセント付きι、U+1F77、155-7］
ί,※［＃鋭アクセント付きι、U+1F77、163-6］
ί,※［＃鋭アクセント付きι、U+1F77、173-下-13］
ί,※［＃鋭アクセント付きι、U+1F77、174-上-19］
ί,※［＃鋭アクセント付きι、U+1F77、176-上-16］
ί,※［＃鋭アクセント付きι、U+1F77、176-上-2］
ί,※［＃鋭アクセント付きι、U+1F77、177-下-12］
ί,※［＃鋭アクセント付きι、U+1F77、179-上-1］
ί,※［＃鋭アクセント付きι、U+1F77、180-上-8］
ί,※［＃鋭アクセント付きι、U+1F77、31-4］
ί,※［＃鋭アクセント付きι、U+1F77、378-1］
ί,※［＃鋭アクセント付きι、U+1F77、383-下-10］
ί,※［＃鋭アクセント付きι、U+1F77、574-12］
ί,※［＃鋭アクセント付きι、U+1F77、579-10］
ί,※［＃鋭アクセント付きι、U+1F77、579-6］
ί,※［＃鋭アクセント付きι、U+1F77、581-8］
ί,※［＃鋭アクセント付きι、U+1F77、77-8］
ί,※［＃鋭アクセント付きι、U+1F77、813-6］
ὸ,※［＃重アクセント付きο、U+1F78、158-上-2］
ὸ,※［＃重アクセント付きο、U+1F78、158-下-17］
ὸ,※［＃重アクセント付きο、U+1F78、171-10］
ὸ,※［＃重アクセント付きο、U+1F78、171-11］
ὸ,※［＃重アクセント付きο、U+1F78、171-13］
ὸ,※［＃重アクセント付きο、U+1F78、173-下-10］
ὸ,※［＃重アクセント付きο、U+1F78、173-下-12］
ὸ,※［＃重アクセント付きο、U+1F78、173-下-17］
ὸ,※［＃重アクセント付きο、U+1F78、173-下-9］
ὸ,※［＃重アクセント付きο、U+1F78、384-下-12］
ὸ,※［＃重アクセント付きο、U+1F78、59-11］
ὸ,※［＃重アクセント付きο、U+1F78、601-4］
ὸ,※［＃重アクセント付きο、U+1F78、61-3］
ό,※［＃鋭アクセント付きο、U+1F79、103-9］
ό,※［＃鋭アクセント付きο、U+1F79、111-11］
ό,※［＃鋭アクセント付きο、U+1F79、113-6］
ό,※［＃鋭アクセント付きο、U+1F79、132-3］
ό,※［＃鋭アクセント付きο、U+1F79、155-下-15］
ό,※［＃鋭アクセント付きο、U+1F79、155-下-16］
ό,※［＃鋭アクセント付きο、U+1F79、155-下-8］
ό,※［＃鋭アクセント付きο、U+1F79、163-6］
ό,※［＃鋭アクセント付きο、U+1F79、169-8］
ό,※［＃鋭アクセント付きο、U+1F79、17-3］
ό,※［＃鋭アクセント付きο、U+1F79、17-4］
ό,※［＃鋭アクセント付きο、U+1F79、171-10］
ό,※［＃鋭アクセント付きο、U+1F79、171-11］
ό,※［＃鋭アクセント付きο、U+1F79、173-下-12］
ό,※［＃鋭アクセント付きο、U+1F79、173-下-9］
ό,※［＃鋭アクセント付きο、U+1F79、174-上-5］
ό,※［＃鋭アクセント付きο、U+1F79、176-下-12］
ό,※［＃鋭アクセント付きο、U+1F79、177-下-12］
ό,※［＃鋭アクセント付きο、U+1F79、178-下-19］
ό,※［＃鋭アクセント付きο、U+1F79、179-上-10］
ό,※［＃鋭アクセント付きο、U+1F79、179-上-4］
ό,※［＃鋭アクセント付きο、U+1F79、180-上-18］
ό,※［＃鋭アクセント付きο、U+1F79、29-13］
ό,※［＃鋭アクセント付きο、U+1F79、378-2］
ό,※［＃鋭アクセント付きο、U+1F79、380-上-9］
ό,※［＃鋭アクセント付きο、U+1F79、383-下-10］
ό,※［＃鋭アクセント付きο、U+1F79、386-下-20］
ό,※［＃鋭アクセント付きο、U+1F79、498-上-1］
ό,※［＃鋭アクセント付きο、U+1F79、55-13］
ό,※［＃鋭アクセント付きο、U+1F79、56-3］
ό,※［＃鋭アクセント付きο、U+1F79、56-4］
ό,※［＃鋭アクセント付きο、U+1F79、578-3］
ὺ,※［＃重アクセント付きυ、U+1F7A、223-12］
ύ,※［＃鋭アクセント付きυ、U+1F7B、157-4］
ύ,※［＃鋭アクセント付きυ、U+1F7B、19-下-2］
ύ,※［＃鋭アクセント付きυ、U+1F7B、199-7］
ύ,※［＃鋭アクセント付きυ、U+1F7B、380-上-9］
ύ,※［＃鋭アクセント付きυ、U+1F7B、384-下-12］
ύ,※［＃鋭アクセント付きυ、U+1F7B、384-下-6］
ύ,※［＃鋭アクセント付きυ、U+1F7B、51-下-16］
ύ,※［＃鋭アクセント付きυ、U+1F7B、573-12］
ύ,※［＃鋭アクセント付きυ、U+1F7B、573-5］
ύ,※［＃鋭アクセント付きυ、U+1F7B、77-8］
ώ,※［＃鋭アクセント付きω、U+1F7D、179-上-10］
ώ,※［＃鋭アクセント付きω、U+1F7D、188-下-15］
ώ,※［＃鋭アクセント付きω、U+1F7D、498-下-12］
ώ,※［＃鋭アクセント付きω、U+1F7D、575-15］
ώ,※［＃鋭アクセント付きω、U+1F7D、642-10］
ᾗ,※［＃有気記号と曲アクセントと下書きのι付きη、U+1F97、110-14］
ᾶ,※［＃曲アクセント付きα、U+1FB6、100-13］
ᾶ,※［＃曲アクセント付きα、U+1FB6、158-上-12］
ᾶ,※［＃曲アクセント付きα、U+1FB6、176-上-17］
ᾶ,※［＃曲アクセント付きα、U+1FB6、60-3］
ᾶ,※［＃曲アクセント付きα、U+1FB6、83-13］
ᾶ,※［＃曲アクセント付きα、U+1FB6、83-4］
ᾶ,※［＃曲アクセント付きα、U+1FB6、83-7］
ῆ,※［＃曲アクセント付きη、U+1FC6、173-下-17］
ῆ,※［＃曲アクセント付きη、U+1FC6、198-13］
ῆ,※［＃曲アクセント付きη、U+1FC6、223-12］
ῖ,※［＃曲アクセント付きι、U+1FD6、136-5］
ῖ,※［＃曲アクセント付きι、U+1FD6、155-下-6］
ῖ,※［＃曲アクセント付きι、U+1FD6、55-12］
ῦ,※［＃曲アクセント付きυ、U+1FE6、110-13］
ῦ,※［＃曲アクセント付きυ、U+1FE6、110-14］
ῦ,※［＃曲アクセント付きυ、U+1FE6、142-3］
ῦ,※［＃曲アクセント付きυ、U+1FE6、171-10］
ῦ,※［＃曲アクセント付きυ、U+1FE6、171-13］
ῦ,※［＃曲アクセント付きυ、U+1FE6、180-上-18］
ῶ,※［＃曲アクセント付きω、U+1FF6、155-下-15］
ῶ,※［＃曲アクセント付きω、U+1FF6、223-12］
ῶ,※［＃曲アクセント付きω、U+1FF6、579-10］
ῷ,※［＃曲アクセントと下書きのι付きω、U+1FF7、56-3］
ῷ,※［＃曲アクセントと下書きのι付きω、U+1FF7、56-4］
„,※［＃下側の右ダブル引用符、U+201E、100-1］
„,※［＃下側の右ダブル引用符、U+201E、100-4］
„,※［＃下側の右ダブル引用符、U+201E、103-4］
„,※［＃下側の右ダブル引用符、U+201E、116-3］
„,※［＃下側の右ダブル引用符、U+201E、155-17］
„,※［＃下側の右ダブル引用符、U+201E、155-18］
„,※［＃下側の右ダブル引用符、U+201E、155-19］
„,※［＃下側の右ダブル引用符、U+201E、155-21］
„,※［＃下側の右ダブル引用符、U+201E、155-25］
„,※［＃下側の右ダブル引用符、U+201E、161-17］
„,※［＃下側の右ダブル引用符、U+201E、161-20］
„,※［＃下側の右ダブル引用符、U+201E、162-21］
„,※［＃下側の右ダブル引用符、U+201E、164-22］
„,※［＃下側の右ダブル引用符、U+201E、165-22］
„,※［＃下側の右ダブル引用符、U+201E、165-23］
„,※［＃下側の右ダブル引用符、U+201E、166-10］
„,※［＃下側の右ダブル引用符、U+201E、166-11］
„,※［＃下側の右ダブル引用符、U+201E、168-4］
„,※［＃下側の右ダブル引用符、U+201E、180-24］
„,※［＃下側の右ダブル引用符、U+201E、186-11］
„,※［＃下側の右ダブル引用符、U+201E、187-20］
„,※［＃下側の右ダブル引用符、U+201E、187-21］
„,※［＃下側の右ダブル引用符、U+201E、187-22］
„,※［＃下側の右ダブル引用符、U+201E、188-13］
„,※［＃下側の右ダブル引用符、U+201E、188-9］
„,※［＃下側の右ダブル引用符、U+201E、189-11］
„,※［＃下側の右ダブル引用符、U+201E、189-8］
„,※［＃下側の右ダブル引用符、U+201E、197-14］
„,※［＃下側の右ダブル引用符、U+201E、200-23］
„,※［＃下側の右ダブル引用符、U+201E、200-25］
„,※［＃下側の右ダブル引用符、U+201E、200-5］
„,※［＃下側の右ダブル引用符、U+201E、200-8］
„,※［＃下側の右ダブル引用符、U+201E、267-1］
„,※［＃下側の右ダブル引用符、U+201E、267-2］
„,※［＃下側の右ダブル引用符、U+201E、267-4］
„,※［＃下側の右ダブル引用符、U+201E、269-下-6］
„,※［＃下側の右ダブル引用符、U+201E、270-1］
„,※［＃下側の右ダブル引用符、U+201E、270-6］
„,※［＃下側の右ダブル引用符、U+201E、283-13］
„,※［＃下側の右ダブル引用符、U+201E、29-上-3］
„,※［＃下側の右ダブル引用符、U+201E、33-上-10］
„,※［＃下側の右ダブル引用符、U+201E、370-下-20］
„,※［＃下側の右ダブル引用符、U+201E、377-下-20］
„,※［＃下側の右ダブル引用符、U+201E、378-上-12］
„,※［＃下側の右ダブル引用符、U+201E、383-下-11］
„,※［＃下側の右ダブル引用符、U+201E、41-1］
„,※［＃下側の右ダブル引用符、U+201E、490-上-13］
„,※［＃下側の右ダブル引用符、U+201E、494-下-23］
„,※［＃下側の右ダブル引用符、U+201E、503-下-2］
„,※［＃下側の右ダブル引用符、U+201E、508-下-15］
„,※［＃下側の右ダブル引用符、U+201E、554-下-21］
„,※［＃下側の右ダブル引用符、U+201E、63-9］
„,※［＃下側の右ダブル引用符、U+201E、92-5］
⅛,※［＃8分の1、U+215B、62-10］
⊠,※［＃□＜×、U+22A0、690-1］
▭,※［＃白い長方形、U+25AD、4-3］
㊀,※［＃丸一、U+3280、332-4］
㊁,※［＃丸二、U+3281、332-4］
㊂,※［＃丸三、U+3282、151-上-1］
㊂,※［＃丸三、U+3282、275-上-9］
㊂,※［＃丸三、U+3282、332-6］
㊇,※［＃丸八、U+3287、197-上-18］
㊒,※［＃丸有、U+3292、258-3］
㊞,※［＃丸印、U+329E、188-11］
㊞,※［＃丸印、U+329E、188-13］
㊞,※［＃丸印、U+329E、189-9］
㊞,※［＃丸印、U+329E、195-14］
㊞,※［＃丸印、U+329E、218-11］
㊞,※［＃丸印、U+329E、218-13］
㊞,※［＃丸印、U+329E、218-18］
㊞,※［＃丸印、U+329E、218-3］
㊞,※［＃丸印、U+329E、218-5］
㊞,※［＃丸印、U+329E、218-7］
㊞,※［＃丸印、U+329E、218-9］
㊞,※［＃丸印、U+329E、36-10］
㊞,※［＃丸印、U+329E、5-4］
㊞,※［＃丸印、U+329E、57-10］
㊞,※［＃丸印、U+329E、7-16］
㐌,※［＃「施のつくり」、U+340C、138-7］
㐧,※［＃「第」の俗字、U+3427、257-12］
㑃,※［＃「にんべん＋幼」、U+3443、18-1］
㒜,※［＃「にんべん＋與」、U+349C、164-5］
㓐,※［＃「冫＋陸のつくり」、U+34D0、上巻-289-15］
㓐,※［＃「冫＋陸のつくり」、U+34D0、上巻-290-1］
㓐,※［＃「冫＋陸のつくり」、U+34D0、上巻-290-2］
㓐,※［＃「冫＋陸のつくり」、U+34D0、上巻-290-5］
㓐,※［＃「冫＋陸のつくり」、U+34D0、上巻-296-11］
㓐,※［＃「冫＋陸のつくり」、U+34D0、上巻-297-11］
㓐,※［＃「冫＋陸のつくり」、U+34D0、上巻-298-10］
㓐,※［＃「冫＋陸のつくり」、U+34D0、上巻-298-14］
㓐,※［＃「冫＋陸のつくり」、U+34D0、上巻-298-3］
㓐,※［＃「冫＋陸のつくり」、U+34D0、上巻-298-4］
㓐,※［＃「冫＋陸のつくり」、U+34D0、上巻-298-5］
㓐,※［＃「冫＋陸のつくり」、U+34D0、上巻-298-7］
㓐,※［＃「冫＋陸のつくり」、U+34D0、上巻-298-8］
㓐,※［＃「冫＋陸のつくり」、U+34D0、上巻-301-16］
㓐,※［＃「冫＋陸のつくり」、U+34D0、上巻-301-6］
㓐,※［＃「冫＋陸のつくり」、U+34D0、上巻-302-7］
㓐,※［＃「冫＋陸のつくり」、U+34D0、上巻-310-15］
㓐,※［＃「冫＋陸のつくり」、U+34D0、上巻-310-17］
㓐,※［＃「冫＋陸のつくり」、U+34D0、上巻-311-12］
㓐,※［＃「冫＋陸のつくり」、U+34D0、下巻-175-15］
㔇,※［＃「發＋りっとう」、U+3507、288-下-1］
㕒,※［＃「厂＋義」、U+3552、7巻-54-上-6］
㖗,※［＃「口＋岑」、U+3597、224-11］
㖭,※［＃「口＋恭」の「共」に代えて「俣のつくり－口」、U+35AD、378-12］
㗙,※［＃「口＋芻」、U+35D9、42-13］
㗲,※［＃「口＋畫」、U+35F2、110-10］
㗲,※［＃「口＋畫」、U+35F2、79-4］
㘞,※［＃「囗＜力」、U+361E、159-上-1］
㘞,※［＃「囗＜力」、U+361E、276-13］
㘞,※［＃「囗＜力」、U+361E、64-6］
㘞,※［＃「囗＜力」、U+361E、92-14］
㘞,※［＃「囗＜力」、U+361E、92-15］
㝠,※［＃「宀／日／六」、U+3760、211-12］
㝠,※［＃「宀／日／六」、U+3760、211-13］
㟐,※［＃「山＋芒」、U+37D0、109-5］
㟐,※［＃「山＋芒」、U+37D0、173-3］
㟐,※［＃「山＋芒」、U+37D0、370-17］
㠔,※［＃「山／（避－しんにょう）」、U+3814、500-8］
㠝,※［＃「山＋賛」、U+381D、145-上-13］
㠿,※［＃「此／巾」、U+383F、98-12］
㢧,※［＃「疆のへん」の「土」に代えて「一」、U+38A7、173-7］
㤉,※［＃「りっしんべん＋牙」、U+3909、119-16］
㦣,※［＃「衛／心」、U+39A3、165-14］
㦣,※［＃「衛／心」、U+39A3、165-15］
㦣,※［＃「衛／心」、U+39A3、166-6］
㦣,※［＃「衛／心」、U+39A3、168-8］
㦣,※［＃「衛／心」、U+39A3、169-9］
㦸,※［＃「卓＋戈」、U+39B8、10-下-12］
㦸,※［＃「卓＋戈」、U+39B8、114-上-13］
㦸,※［＃「卓＋戈」、U+39B8、114-上-14］
㦸,※［＃「卓＋戈」、U+39B8、121-下-17］
㦸,※［＃「卓＋戈」、U+39B8、127-5］
㦸,※［＃「卓＋戈」、U+39B8、13-10］
㦸,※［＃「卓＋戈」、U+39B8、130-1］
㦸,※［＃「卓＋戈」、U+39B8、14-1］
㦸,※［＃「卓＋戈」、U+39B8、144-上-3］
㦸,※［＃「卓＋戈」、U+39B8、179-12］
㦸,※［＃「卓＋戈」、U+39B8、18-8］
㦸,※［＃「卓＋戈」、U+39B8、19-4］
㦸,※［＃「卓＋戈」、U+39B8、196-上-5］
㦸,※［＃「卓＋戈」、U+39B8、204-9］
㦸,※［＃「卓＋戈」、U+39B8、204-下-3］
㦸,※［＃「卓＋戈」、U+39B8、212-上-2］
㦸,※［＃「卓＋戈」、U+39B8、223-下-14］
㦸,※［＃「卓＋戈」、U+39B8、226-中-4］
㦸,※［＃「卓＋戈」、U+39B8、237-8］
㦸,※［＃「卓＋戈」、U+39B8、24-4］
㦸,※［＃「卓＋戈」、U+39B8、241-8］
㦸,※［＃「卓＋戈」、U+39B8、256-下-17］
㦸,※［＃「卓＋戈」、U+39B8、27-13］
㦸,※［＃「卓＋戈」、U+39B8、277-上-10］
㦸,※［＃「卓＋戈」、U+39B8、281-8］
㦸,※［＃「卓＋戈」、U+39B8、286-13］
㦸,※［＃「卓＋戈」、U+39B8、287-上-7］
㦸,※［＃「卓＋戈」、U+39B8、299-4］
㦸,※［＃「卓＋戈」、U+39B8、308-下-9］
㦸,※［＃「卓＋戈」、U+39B8、309-15］
㦸,※［＃「卓＋戈」、U+39B8、31-10］
㦸,※［＃「卓＋戈」、U+39B8、32-上-8］
㦸,※［＃「卓＋戈」、U+39B8、337-上-13］
㦸,※［＃「卓＋戈」、U+39B8、337-上-18］
㦸,※［＃「卓＋戈」、U+39B8、347-上-7］
㦸,※［＃「卓＋戈」、U+39B8、347-下-15］
㦸,※［＃「卓＋戈」、U+39B8、356-下-16］
㦸,※［＃「卓＋戈」、U+39B8、395-上-19］
㦸,※［＃「卓＋戈」、U+39B8、452-下-10］
㦸,※［＃「卓＋戈」、U+39B8、493-上-1］
㦸,※［＃「卓＋戈」、U+39B8、51-8］
㦸,※［＃「卓＋戈」、U+39B8、64-上-17］
㦸,※［＃「卓＋戈」、U+39B8、86-下-13］
㦸,※［＃「卓＋戈」、U+39B8、88-10］
㦸,※［＃「卓＋戈」、U+39B8、91-14］
㦸,※［＃「卓＋戈」、U+39B8］
㧓,※［＃「てへん＋瓜」、U+39D3、18-11］
㧞,※［＃「抜」の「友」に代えて「丿／友」、U+39DE、105-15］
㧞,※［＃「抜」の「友」に代えて「丿／友」、U+39DE、115-上-1］
㧞,※［＃「抜」の「友」に代えて「丿／友」、U+39DE、122-3］
㧞,※［＃「抜」の「友」に代えて「丿／友」、U+39DE、13-上-7］
㧞,※［＃「抜」の「友」に代えて「丿／友」、U+39DE、14-上-10］
㧞,※［＃「抜」の「友」に代えて「丿／友」、U+39DE、14-下-10］
㧞,※［＃「抜」の「友」に代えて「丿／友」、U+39DE、15-3］
㧞,※［＃「抜」の「友」に代えて「丿／友」、U+39DE、154-3］
㧞,※［＃「抜」の「友」に代えて「丿／友」、U+39DE、162-14］
㧞,※［＃「抜」の「友」に代えて「丿／友」、U+39DE、165-上-5］
㧞,※［＃「抜」の「友」に代えて「丿／友」、U+39DE、175-上-2］
㧞,※［＃「抜」の「友」に代えて「丿／友」、U+39DE、26-7］
㧞,※［＃「抜」の「友」に代えて「丿／友」、U+39DE、3-29-上-5］
㧞,※［＃「抜」の「友」に代えて「丿／友」、U+39DE、64-6］
㧞,※［＃「抜」の「友」に代えて「丿／友」、U+39DE、67-12］
㧞,※［＃「抜」の「友」に代えて「丿／友」、U+39DE、86-15］
㧞,※［＃「抜」の「友」に代えて「丿／友」、U+39DE、9-下-1］
㧞,※［＃「抜」の「友」に代えて「丿／友」、U+39DE］
㧡,※［＃「てへん＋亥」、U+39E1、128-10］
㧡,※［＃「てへん＋亥」、U+39E1、130-11］
㧡,※［＃「てへん＋亥」、U+39E1、132-11］
㧡,※［＃「てへん＋亥」、U+39E1、140-3］
㧡,※［＃「てへん＋亥」、U+39E1、141-9］
㩅,※［＃「てへん＋澑のつくり」、U+3A45、192-1］
㯉,※［＃「木＋罅のつくり」、U+3BC9、7巻-130-上-3］
㯉,※［＃「木＋罅のつくり」、U+3BC9、U+3BC9、7巻-130-上-2］
㯉,※［＃「木＋罅のつくり」、U+3BC9、U+3BC9、7巻-130-上-3］
㯙,※［＃「轍」の「車」に代えて「木」、U+3BD9、55-上-3］
㲓,※［＃「毬」の「求」に代えて「戍」、U+3C93、297-4］
㲪,※［＃「登＋毛」、U+3CAA、62-12］
㳽,※［＃「さんずい＋弥」、U+3CFD、231-下-19］
㴶,※［＃「さんずい＋確のつくり」、U+3D36、405-12］
㴶,※［＃「さんずい＋確のつくり」、U+3D36、406-8］
㵼,※［＃「さんずい＋冩」、U+3D7C、13-上-10］
㵼,※［＃「さんずい＋冩」、U+3D7C、42-上-11］
㵼,※［＃「さんずい＋冩」、U+3D7C、42-上-5］
㵼,※［＃「さんずい＋冩」、U+3D7C、42-上-6］
㵼,※［＃「さんずい＋冩」、U+3D7C、43-上-11］
㵼,※［＃「さんずい＋冩」、U+3D7C、43-上-9］
㵼,※［＃「さんずい＋冩」、U+3D7C、43-下-23］
㵼,※［＃「さんずい＋冩」、U+3D7C、44-上-2］
㶑,※［＃「さんずい＋歛」、U+3D91、957-上-16］
㷲,※［＃「火＋動」、U+3DF2、279-5］
㹀,※［＃「特のへん＋孛」、U+3E40、40-2］
㹅,※［＃「特のへん＋怱」、U+3E45、263-4］
㺄,※［＃「けものへん＋愉のつくり」、U+3E84、187-10］
㺄,※［＃「けものへん＋愉のつくり」、U+3E84、189-9］
㾗,※［＃「やまいだれ＋良」、U+3F97、141-下-13］
㾗,※［＃「やまいだれ＋良」、U+3F97、142-上-14］
㾗,※［＃「やまいだれ＋良」、U+3F97、38-上-9］
㾗,※［＃「やまいだれ＋良」、U+3F97、40-上-15］
㾱,※［＃「やまいだれ＋発」、U+3FB1、36-上-16］
㾱,※［＃「やまいだれ＋発」、U+3FB1、37-上-1］
㾱,※［＃「やまいだれ＋発」、U+3FB1、742-下-21］
㾱,※［＃「やまいだれ＋発」、U+3FB1、92-下-11］
㾾,※［＃「やまいだれ＋慊のつくり」、U+3FBE、291-2］
㿠,※［＃「白＋光」、U+3FE0、342-11］
㿺,※［＃「暴＋皮」、U+3FFA、25-18］
㿺,※［＃「暴＋皮」、U+3FFA、26-6］
䇿,※［＃「竹かんむり／束」、U+41FF、76-1］
䈥,※［＃「筋」の「月」に代えて「角」、U+4225、97-10］
䈥,※［＃「筋」の「月」に代えて「角」、U+4225、98-8］
䌤,※［＃「糸＋爾」、U+4324、529-4］
䎖,※［＃「曾＋栩のつくり」、U+4396、234-4］
䐿,※［＃「月＋奧」、U+443F、358-19］
䐿,※［＃「月＋奧」、U+443F、359-12］
䐿,※［＃「月＋奧」、U+443F、359-14］
䐿,※［＃「月＋奧」、U+443F、359-16］
䐿,※［＃「月＋奧」、U+443F、359-19］
䐿,※［＃「月＋奧」、U+443F、359-1］
䑜,※［＃「舌＋蝶のつくり」、U+445C、38-11］
䓶,※［＃「くさかんむり／剌」、U+44F6、429-下-1］
䓶,※［＃「くさかんむり／剌」、U+44F6、46-下-4］
䓶,※［＃「くさかんむり／剌」、U+44F6、46-下-8］
䓶,※［＃「くさかんむり／剌」、U+44F6、47-上-1］
䓶,※［＃「くさかんむり／剌」、U+44F6、47-上-5］
䔵,※［＃「くさかんむり／閑」、U+4535、7巻-42-上-14］
䔵,※［＃「くさかんむり／閑」、U+4535、7巻-42-下-10］
䔵,※［＃「くさかんむり／閑」、U+4535、7巻-42-下-7］
䔵,※［＃「くさかんむり／閑」、U+4535、7巻-42-下-9］
䖘,※［＃「虎＋兔」の「儿」に代えて「几」、U+4598、41-7］
䖟,※［＃「亡／虫」、U+459F、7巻-153-上-10］
䖟,※［＃「亡／虫」、U+459F、7巻-153-上-12］
䖟,※［＃「亡／虫」、U+459F、7巻-153-下-1］
䖟,※［＃「亡／虫」、U+459F、7巻-155-上-6］
䖟,※［＃「亡／虫」、U+459F、7巻-168-下-10］
䖟,※［＃「亡／虫」、U+459F、7巻-168-下-3］
䖧,※［＃「虫＋旦」、U+45A7、48-2］
䗹,※［＃「虫＋慈」、U+45F9、159-下-8］
䗹,※［＃「虫＋慈」、U+45F9、196-上-20］
䗹,※［＃「虫＋慈」、U+45F9、39-上-12］
䗹,※［＃「虫＋慈」、U+45F9、下巻-68-4］
䙜,※［＃「ころもへん＋一点しんにょうの逢」、U+465C、68-5］
䙝,※［＃「褒」の「保」に代えて「執」、U+465D、2-6］
䙝,※［＃「褒」の「保」に代えて「執」、U+465D、245-11］
䙝,※［＃「褒」の「保」に代えて「執」、U+465D、245-2］
䙝,※［＃「褒」の「保」に代えて「執」、U+465D、245-3］
䙝,※［＃「褒」の「保」に代えて「執」、U+465D、245-5］
䙝,※［＃「褒」の「保」に代えて「執」、U+465D、245-8］
䙝,※［＃「褒」の「保」に代えて「執」、U+465D、245-9］
䙝,※［＃「褒」の「保」に代えて「執」、U+465D、246-11］
䙝,※［＃「褒」の「保」に代えて「執」、U+465D、246-12］
䙝,※［＃「褒」の「保」に代えて「執」、U+465D、246-15］
䙝,※［＃「褒」の「保」に代えて「執」、U+465D、246-1］
䙝,※［＃「褒」の「保」に代えて「執」、U+465D、246-3］
䙝,※［＃「褒」の「保」に代えて「執」、U+465D、247-15］
䙝,※［＃「褒」の「保」に代えて「執」、U+465D、248-12］
䙝,※［＃「褒」の「保」に代えて「執」、U+465D、248-5］
䙝,※［＃「褒」の「保」に代えて「執」、U+465D、248-8］
䙝,※［＃「褒」の「保」に代えて「執」、U+465D、61-12］
䙝,※［＃「褒」の「保」に代えて「執」、U+465D、86-13］
䚧,※［＃「魚＋膠のつくり」、U+46A7、156-7］
䞇,※［＃「勢」の「力」に代えて「貝」、U+4787、7-6］
䟜,※［＃「足へん＋吶のつくり」、U+47DC、97-6］
䟦,※［＃「足へん＋ノ／友」、U+47E6、第4巻-74-2］
䤄,※［＃「酉＋面」、U+4904、37-14］
䤲,※［＃「金＋赤」、U+4932、37-上-19］
䤶,※［＃「金＋奄」、U+4936、233-10］
䥫,※［＃「金＋截」、U+496B、262-12］
䥫,※［＃「金＋截」、U+496B、262-2］
䥫,※［＃「金＋截」、U+496B、262-8］
䦧,※［＃「門＜兒」、U+49A7、156-9］
䦧,※［＃「門＜兒」、U+49A7、432-8］
䨇,※［＃「隻＋隻」、U+4A07、7巻-118-下-3］
䨇,※［＃「隻＋隻」、U+4A07、7巻-123-下-6］
䨇,※［＃「隻＋隻」、U+4A07、7巻-154-下-13］
䨇,※［＃「隻＋隻」、U+4A07、7巻-207-下-10］
䨇,※［＃「隻＋隻」、U+4A07、7巻-207-下-11］
䨇,※［＃「隻＋隻」、U+4A07、7巻-69-上-14］
䨇,※［＃「隻＋隻」、U+4A07、7巻-73-上-3］
䨇,※［＃「隻＋隻」、U+4A07、7巻-74-上-10］
䨇,※［＃「隻＋隻」、U+4A07、7巻-74-上-9］
䨇,※［＃「隻＋隻」、U+4A07、7巻-74-下-15］
䨇,※［＃「隻＋隻」、U+4A07、7巻-87-下-12］
䨇,※［＃「隻＋隻」、U+4A07、7巻-94-上-5］
䨇,※［＃「隻＋隻」、U+4A07、7巻-94-上-7］
䨮,※［＃「雨かんむり／彗」、U+4A2E、12-1］
䨮,※［＃「雨かんむり／彗」、U+4A2E、163-5］
䨮,※［＃「雨かんむり／彗」、U+4A2E、164-下-18］
䬒,※［＃「風にょう＋容」の「口」に代えて「ヌ」、U+4B12、259-8］
䬸,※［＃「餮」の「珍のつくり」に代えて「又」、U+4B38、138-13］
䬸,※［＃「餮」の「珍のつくり」に代えて「又」、U+4B38、150-3］
䬸,※［＃「餮」の「珍のつくり」に代えて「又」、U+4B38、153-9］
䬸,※［＃「餮」の「珍のつくり」に代えて「又」、U+4B38、156-9］
䬸,※［＃「餮」の「珍のつくり」に代えて「又」、U+4B38、157-13］
䬸,※［＃「餮」の「珍のつくり」に代えて「又」、U+4B38、158-11］
䬸,※［＃「餮」の「珍のつくり」に代えて「又」、U+4B38、158-2］
䬸,※［＃「餮」の「珍のつくり」に代えて「又」、U+4B38、160-9］
䬸,※［＃「餮」の「珍のつくり」に代えて「又」、U+4B38、161-15］
䬸,※［＃「餮」の「珍のつくり」に代えて「又」、U+4B38、162-16］
䬸,※［＃「餮」の「珍のつくり」に代えて「又」、U+4B38、162-2］
䬸,※［＃「餮」の「珍のつくり」に代えて「又」、U+4B38、21-下-17］
䬸,※［＃「餮」の「珍のつくり」に代えて「又」、U+4B38、32-1］
䬸,※［＃「餮」の「珍のつくり」に代えて「又」、U+4B38、34-7］
䬸,※［＃「餮」の「珍のつくり」に代えて「又」、U+4B38、35-11］
䬸,※［＃「餮」の「珍のつくり」に代えて「又」、U+4B38、353-2］
䬸,※［＃「餮」の「珍のつくり」に代えて「又」、U+4B38、71-13］
䬸,※［＃「餮」の「珍のつくり」に代えて「又」、U+4B38、84-7］
䬸,※［＃「餮」の「珍のつくり」に代えて「又」、U+4B38、99-2］
䯻,※［＃「髟／梏のつくり」、U+4BFB、36-11］
䱉,※［＃「魚＋且」、U+4C49、217-8］
䱊,※［＃「魚＋米」、U+4C4A、122-12］
䱊,※［＃「魚＋米」、U+4C4A、124-8］
䲻,※［＃「玄＋鳥」、U+4CBB、39-15］
䳇,※［＃「母＋鳥」、U+4CC7、217-9］
䴡,※［＃「晋」の「一／日」に代えて「麁－々」、U+4D21、24-8-39］
䴡,※［＃「晋」の「一／日」に代えて「麁－々」、U+4D21、25-3-28］
䶉,※［＃「鼬」の「由」に代えて「留」、U+4D89、395-12］
䶕,※［＃「齒＋巴」、U+4D95、263-1］
乁,※［＃「迅－しんにょう－十」、U+4E41、391-5］
亓,※［＃「鼾のへん－自－田」の「一」に代えて「二」、U+4E93、152-10］
亖,※［＃「二／二」、U+4E96、167-2］
伱,※［＃「にんべん＋（人がしら／小）」、U+4F31、110-3］
伱,※［＃「にんべん＋（人がしら／小）」、U+4F31、141-10］
伱,※［＃「にんべん＋（人がしら／小）」、U+4F31、141-13］
伱,※［＃「にんべん＋（人がしら／小）」、U+4F31、141-14］
伱,※［＃「にんべん＋（人がしら／小）」、U+4F31、141-15］
伱,※［＃「にんべん＋（人がしら／小）」、U+4F31、141-16］
伱,※［＃「にんべん＋（人がしら／小）」、U+4F31、141-17］
伱,※［＃「にんべん＋（人がしら／小）」、U+4F31、141-9］
伱,※［＃「にんべん＋（人がしら／小）」、U+4F31、142-1］
伱,※［＃「にんべん＋（人がしら／小）」、U+4F31、142-2］
伱,※［＃「にんべん＋（人がしら／小）」、U+4F31、142-3］
伱,※［＃「にんべん＋（人がしら／小）」、U+4F31、142-4］
伱,※［＃「にんべん＋（人がしら／小）」、U+4F31、241-10］
伱,※［＃「にんべん＋（人がしら／小）」、U+4F31、241-11］
伱,※［＃「にんべん＋（人がしら／小）」、U+4F31、241-12］
伱,※［＃「にんべん＋（人がしら／小）」、U+4F31、241-14］
伱,※［＃「にんべん＋（人がしら／小）」、U+4F31、241-15］
伱,※［＃「にんべん＋（人がしら／小）」、U+4F31、242-13］
伱,※［＃「にんべん＋（人がしら／小）」、U+4F31、242-14］
伱,※［＃「にんべん＋（人がしら／小）」、U+4F31、242-4］
伱,※［＃「にんべん＋（人がしら／小）」、U+4F31、242-7］
伱,※［＃「にんべん＋（人がしら／小）」、U+4F31、242-9］
伱,※［＃「にんべん＋（人がしら／小）」、U+4F31、244-9］
伱,※［＃「にんべん＋（人がしら／小）」、U+4F31、32-11］
伹,※［＃「にんべん＋且」、U+4F39、24-15］
侄,※［＃「にんべん＋至」、U+4F84、148-5］
侄,※［＃「にんべん＋至」、U+4F84、148-7］
侄,※［＃「にんべん＋至」、U+4F84、7巻-61-下-1］
侹,※［＃「にんべん＋梃のつくり」、U+4FB9、764-10］
俴,※［＃「にんべん＋戔」、U+4FF4、76-7］
倛,※［＃「にんべん＋其」、U+501B、24-11］
倛,※［＃「にんべん＋其」、U+501B、24-12］
倛,※［＃「にんべん＋其」、U+501B、24-14］
倰,※［＃「にんべん＋陵のつくり」、U+5030、109-3］
倰,※［＃「にんべん＋陵のつくり」、U+5030、98-15］
偊,※［＃「にんべん＋禹」、U+504A、142-16］
偊,※［＃「にんべん＋禹」、U+504A、144-7］
偊,※［＃「にんべん＋禹」、U+504A、151-17］
偊,※［＃「にんべん＋禹」、U+504A、152-14］
偊,※［＃「にんべん＋禹」、U+504A、152-1］
偊,※［＃「にんべん＋禹」、U+504A、152-7］
偊,※［＃「にんべん＋禹」、U+504A、152-9］
偊,※［＃「にんべん＋禹」、U+504A、153-5］
偊,※［＃「にんべん＋禹」、U+504A、153-9］
偊,※［＃「にんべん＋禹」、U+504A、154-3］
偊,※［＃「にんべん＋禹」、U+504A、155-15］
偊,※［＃「にんべん＋禹」、U+504A、160-18］
偫,※［＃「にんべん＋待」、U+506B、169-17］
傞,※［＃「にんべん＋差」、U+509E、7巻-203-下-7］
傯,※［＃「にんべん＋總のつくり」、U+50AF、65-6］
僜,※［＃「にんべん＋登」、U+50DC、109-3］
僜,※［＃「にんべん＋登」、U+50DC、98-15］
僨,※［＃「にんべん＋賁」、U+50E8、53-1］
儇,※［＃「にんべん＋鐶のつくり」、U+5107、112-2］
儇,※［＃「にんべん＋鐶のつくり」、U+5107、8巻-147-下-13］
儓,※［＃「にんべん＋臺」、U+5113、164-5］
儤,※［＃「にんべん＋暴」、U+5124、298-2］
儱,※［＃「にんべん＋龍」、U+5131、94-16］
儹,※［＃「にんべん＋贊」、U+5139、1038-下-25］
冎,※［＃「咼－口」、U+518E、169-16］
冎,※［＃「咼－口」、U+518E、170-3］
冡,※［＃「冖／一／豕」、U+51A1、196-下-16］
冡,※［＃「冖／一／豕」、U+51A1、267-13］
冡,※［＃「冖／一／豕」、U+51A1、76-14］
净,※［＃「冫＋争」、U+51C0、413-下-19］
减,※［＃「冫＋咸」、U+51CF、102-9］
减,※［＃「冫＋咸」、U+51CF、113-2］
减,※［＃「冫＋咸」、U+51CF、114-下-7］
减,※［＃「冫＋咸」、U+51CF、117-上-12］
减,※［＃「冫＋咸」、U+51CF、128-5］
减,※［＃「冫＋咸」、U+51CF、129-9］
减,※［＃「冫＋咸」、U+51CF、139-1］
减,※［＃「冫＋咸」、U+51CF、14-10］
减,※［＃「冫＋咸」、U+51CF、14-上-10］
减,※［＃「冫＋咸」、U+51CF、14-上-4］
减,※［＃「冫＋咸」、U+51CF、158-13］
减,※［＃「冫＋咸」、U+51CF、159-10］
减,※［＃「冫＋咸」、U+51CF、163-2］
减,※［＃「冫＋咸」、U+51CF、17-5］
减,※［＃「冫＋咸」、U+51CF、17-上-27］
减,※［＃「冫＋咸」、U+51CF、172-1］
减,※［＃「冫＋咸」、U+51CF、18-下-22］
减,※［＃「冫＋咸」、U+51CF、19-10］
减,※［＃「冫＋咸」、U+51CF、22-9］
减,※［＃「冫＋咸」、U+51CF、229-上-5］
减,※［＃「冫＋咸」、U+51CF、229-下-10］
减,※［＃「冫＋咸」、U+51CF、232-下-25］
减,※［＃「冫＋咸」、U+51CF、232-下-26］
减,※［＃「冫＋咸」、U+51CF、232-下-8］
减,※［＃「冫＋咸」、U+51CF、24-12］
减,※［＃「冫＋咸」、U+51CF、263-13］
减,※［＃「冫＋咸」、U+51CF、42-1］
减,※［＃「冫＋咸」、U+51CF、46-8］
减,※［＃「冫＋咸」、U+51CF、5-14］
减,※［＃「冫＋咸」、U+51CF、530-2］
减,※［＃「冫＋咸」、U+51CF、66-3］
减,※［＃「冫＋咸」、U+51CF、67-6］
减,※［＃「冫＋咸」、U+51CF、7-5］
减,※［＃「冫＋咸」、U+51CF、70-10］
减,※［＃「冫＋咸」、U+51CF、75-2］
减,※［＃「冫＋咸」、U+51CF、81-下-8］
减,※［＃「冫＋咸」、U+51CF、82-上-12］
减,※［＃「冫＋咸」、U+51CF、82-上-13］
减,※［＃「冫＋咸」、U+51CF、82-上-14］
减,※［＃「冫＋咸」、U+51CF、82-上-26］
减,※［＃「冫＋咸」、U+51CF、83-上-24］
减,※［＃「冫＋咸」、U+51CF、83-上-6］
减,※［＃「冫＋咸」、U+51CF、87-下-14］
减,※［＃「冫＋咸」、U+51CF、9-10］
减,※［＃「冫＋咸」、U+51CF］
刜,※［＃「弗＋りっとう」、U+521C、8巻-15-上-14］
刲,※［＃「卦のへん＋りっとう」、U+5232、171-3］
刲,※［＃「卦のへん＋りっとう」、U+5232、174-5］
刲,※［＃「卦のへん＋りっとう」、U+5232、181-10］
刲,※［＃「卦のへん＋りっとう」、U+5232、196-12］
刲,※［＃「卦のへん＋りっとう」、U+5232、196-15］
刲,※［＃「卦のへん＋りっとう」、U+5232、197-14］
刲,※［＃「卦のへん＋りっとう」、U+5232、198-10］
刲,※［＃「卦のへん＋りっとう」、U+5232、198-11］
刲,※［＃「卦のへん＋りっとう」、U+5232、198-12］
刲,※［＃「卦のへん＋りっとう」、U+5232、198-13］
刲,※［＃「卦のへん＋りっとう」、U+5232、198-1］
刲,※［＃「卦のへん＋りっとう」、U+5232、198-4］
刲,※［＃「卦のへん＋りっとう」、U+5232、198-6］
刲,※［＃「卦のへん＋りっとう」、U+5232、198-9］
刲,※［＃「卦のへん＋りっとう」、U+5232、201-3］
刲,※［＃「卦のへん＋りっとう」、U+5232、60-13］
刲,※［＃「卦のへん＋りっとう」、U+5232、62-1］
剘,※［＃「其＋りっとう」、U+5258、13-3］
剚,※［＃「事＋りっとう」、U+525A、85-13］
剮,※［＃「咼＋りっとう」、U+526E、177-10］
剮,※［＃「咼＋りっとう」、U+526E、183-9］
剮,※［＃「咼＋りっとう」、U+526E、184-6］
劊,※［＃「會＋りっとう」、U+528A、200-3］
劊,※［＃「會＋りっとう」、U+528A、201-17］
劊,※［＃「會＋りっとう」、U+528A、80-8］
劊,※［＃「會＋りっとう」、U+528A、91-19］
劊,※［＃「會＋りっとう」、U+528A、（三）-128-5］
勱,※［＃「萬＋力」、U+52F1、76-13］
匃,※［＃「曷－日」、U+5303、357-15］
匄,※［＃「勹＜亡」、U+5304、184-7］
匄,※［＃「勹＜亡」、U+5304、7巻-300-上-4］
匌,※［＃「勹＜合」、U+530C、303-10］
卌,※［＃「卅」にさらに縦棒を一本付け加える、U+534C、7巻-192-上-12］
卌,※［＃「卅」にさらに縦棒を一本付け加える、U+534C、7巻-197-上-14］
卝,※［＃「（「卜」を左右反転したもの）＋卜」、U+535D、200-2］
卝,※［＃「（「卜」を左右反転したもの）＋卜」、U+535D、200-4］
卭,※［＃「功のへん＋卩」、U+536D、5-1］
卭,※［＃「工＋卩」、U+536D、7巻-66-上-4］
卹,※［＃「衄のへん＋卩」、U+5379、287-2］
厜,※［＃「厂＋垂」、U+539C、7巻-54-上-6］
呌,※［＃「口+斗」、U+544C、50-1］
呌,※［＃「口＋斗」、U+544C、13-下-5］
呌,※［＃「口＋斗」、U+544C、16-14］
呌,※［＃「口＋斗」、U+544C、170-16］
呌,※［＃「口＋斗」、U+544C、21-10］
呌,※［＃「口＋斗」、U+544C、23-上-13］
呌,※［＃「口＋斗」、U+544C、23-上-14］
呌,※［＃「口＋斗」、U+544C、23-下-14］
呌,※［＃「口＋斗」、U+544C、265-1］
呌,※［＃「口＋斗」、U+544C、29-11］
呌,※［＃「口＋斗」、U+544C、30-12］
呌,※［＃「口＋斗」、U+544C、37-9］
呌,※［＃「口＋斗」、U+544C、4-6］
呌,※［＃「口＋斗」、U+544C、44-上-9］
呌,※［＃「口＋斗」、U+544C、47-上-10］
呌,※［＃「口＋斗」、U+544C、51-下-12］
呌,※［＃「口＋斗」、U+544C、53-上-13］
呌,※［＃「口＋斗」、U+544C、53-上-15］
呌,※［＃「口＋斗」、U+544C、60-上-11］
呌,※［＃「口＋斗」、U+544C、60-上-15］
呌,※［＃「口＋斗」、U+544C、60-上-5］
呌,※［＃「口＋斗」、U+544C、63-下-12］
呌,※［＃「口＋斗」、U+544C、64-上-6］
呌,※［＃「口＋斗」、U+544C、64-下-18］
呌,※［＃「口＋斗」、U+544C、64-下-3］
呌,※［＃「口＋斗」、U+544C、950-9］
咱,※［＃「口＋自」、U+54B1、135-6］
咻,※［＃「口＋休」、U+54BB、77-下-14］
响,※［＃「口＋向」、U+54CD、215-10］
响,※［＃「口＋向」、U+54CD、242-4］
哎,※［＃「口＋艾」、U+54CE、66-5］
哞,※［＃「口＋牟」、U+54DE、46-5］
哪,※［＃「口＋那」の「二」に代えて「はみ出た横棒二本」、U+54EA、204-上-19］
唅,※［＃「口＋含」、U+5505、上-350-16］
唶,※［＃「口＋昔」、U+5536、29-5］
喍,※［＃「口＋柴」、U+558D、265-17］
喏,※［＃「口＋若」、U+558F、116-2］
喲,※［＃「口＋約」、U+55B2、101-4］
喲,※［＃「口＋約」、U+55B2、89-6］
喼,※［＃「口＋（危－厄）／（帚－冖－巾）／心」、U+55BC、224-9］
嗆,※［＃「口＋倉」、U+55C6、63-上-14］
嗋,※［＃「口＋脅」、U+55CB、144-4］
嗚,※［＃「口＋烏」、U+55DA、389-1］
嗛,※［＃「口＋慊のつくり」、U+55DB、182-10］
嗛,※［＃「口＋慊のつくり」、U+55DB、256-2］
嗛,※［＃「口＋慊のつくり」、U+55DB、33-12］
嗡,※［＃「口＋翁」、U+55E1、112-16］
嗡,※［＃「口＋翁」、U+55E1、66-5］
嘕,※［＃「口＋焉」、U+5615、250-上-5］
嘵,※［＃「口＋堯」、U+5635、104-10］
嘵,※［＃「口＋堯」、U+5635、112-13］
嘵,※［＃「口＋堯」、U+5635、125-7］
嘵,※［＃「口＋堯」、U+5635、135-15］
嘵,※［＃「口＋堯」、U+5635、148-6］
嘵,※［＃「口＋堯」、U+5635、152-15］
嘵,※［＃「口＋堯」、U+5635、157-12］
嘵,※［＃「口＋堯」、U+5635、157-13］
嘵,※［＃「口＋堯」、U+5635、411-6］
嘵,※［＃「口＋堯」、U+5635、435-4］
嘵,※［＃「口＋堯」、U+5635、439-14］
嘵,※［＃「口＋堯」、U+5635、71-2］
嘹,※［＃「口＋僚のつくり」、U+5639、223-10］
嘹,※［＃「口＋僚のつくり」、U+5639、877-10］
噋,※［＃「口＋敦」、U+564B、199-4］
噋,※［＃「口＋敦」、U+564B、32-7］
噙,※［＃「口＋禽」、U+5659、226-16］
噢,※［＃「口＋奧」、U+5662、77-下-14］
嚅,※［＃「口＋需」、U+5685、179-8］
嚅,※［＃「口＋需」、U+5685、205-5］
嚘,※［＃「口＋憂」、U+5698、157-5］
嚘,※［＃「口＋憂」、U+5698、266-10］
囫,※［＃「囗＜勿」、U+56EB、94-16］
囱,※［＃「窗－穴かんむり」、U+56F1、11-8］
囱,※［＃「窗－穴かんむり」、U+56F1、223-9］
囱,※［＃「窗－穴かんむり」、U+56F1、233-14］
囱,※［＃「窗－穴かんむり」、U+56F1、252-14］
囱,※［＃「窗－穴かんむり」、U+56F1、253-8］
囱,※［＃「窗－穴かんむり」、U+56F1、266-14］
囱,※［＃「窗－穴かんむり」、U+56F1、290-11］
圇,※［＃「囗＜侖」、U+5707、94-16］
圞,※［＃「囗＜欒」、U+571E、7-5］
圞,※［＃「囗＜欒」、U+571E、7-7］
圞,※［＃「囗＜欒」、U+571E、7-図キャプション］
圞,※［＃「囗＜欒」、U+571E、8-3］
圞,※［＃「囗＜欒」、U+571E、8-8］
坫,※［＃「土へん＋占」、U+576B、13-14］
坫,※［＃「土へん＋占」、U+576B、13-註【三三】］
坫,※［＃「土へん＋占」、U+576B、192-9］
坫,※［＃「土へん＋占」、U+576B、193-7］
坫,※［＃「土へん＋占」、U+576B、259-上-11］
坫,※［＃「土へん＋占」、U+576B、259-下-2］
坫,※［＃「土へん＋占」、U+576B、3-9］
坫,※［＃「土へん＋占」、U+576B、45-5］
坫,※［＃「土へん＋占」、U+576B、45-6］
坭,※［＃「土へん＋尼」、U+576D、104-1］
坭,※［＃「土へん＋尼」、U+576D、147-14］
坭,※［＃「土へん＋尼」、U+576D、30-14］
坭,※［＃「土へん＋尼」、U+576D、30-15］
坭,※［＃「土へん＋尼」、U+576D、30-16］
坭,※［＃「土へん＋尼」、U+576D、31-3］
坭,※［＃「土へん＋尼」、U+576D、44-下-16］
坶,※［＃「土へん＋母」、U+5776、268-4］
坶,※［＃「土へん＋母」、U+5776、298-8］
垧,※［＃「土へん＋向」、U+57A7、398-3-26］
垧,※［＃「土へん＋向」、U+57A7、］
埕,※［＃「土へん＋酲のつくり」、U+57D5、324-17］
埕,※［＃「土へん＋酲のつくり」、U+57D5、335-15］
堇,※［＃「槿のつくり」、U+5807、258-14］
堓,※［＃「土へん＋岸」、U+5813、244-15］
堦,※［＃「土へん＋皆」、U+5826、187-1］
堭,※［＃「土へん＋皇」、U+582D、1-4］
堭,※［＃「土へん＋皇」、U+582D、6-8］
塍,※［＃「縢」の「糸」に代えて「土」、U+584D、107-上-4］
塍,※［＃「縢」の「糸」に代えて「土」、U+584D、107-上-5］
塍,※［＃「縢」の「糸」に代えて「土」、U+584D、224-7］
塍,※［＃「縢」の「糸」に代えて「土」、U+584D、7巻-74-下-16］
塏,※［＃「土へん＋豈」、U+584F、55-12］
塏,※［＃「土へん＋豈」、U+584F、7巻-158-上-7］
塜,※［＃「土へん＋（蒙－くさかんむり）」、U+585C、126-8］
塟,※［＃「葬」の「廾」に代えて「土」、U+585F、120-14］
塢,※［＃「土へん＋烏」、U+5862、20-4］
墀,※［＃「土へん＋犀」、U+5880、128-4］
墀,※［＃「土へん＋犀」、U+5880、135-14］
墀,※［＃「土へん＋犀」、U+5880、136-3］
墎,※［＃「土へん＋郭」、U+588E、174-2］
壂,※［＃「殿／土」、U+58C2、185-1］
壈,※［＃「土へん＋稟」、U+58C8、172-3］
壈,※［＃「土へん＋稟」、U+58C8、7巻-278-下-1］
奡,※［＃「（戛－戈）／介」の「人がしら」に代えて「大」、U+5961、372-下-12］
奡,※［＃「（戛－戈）／介」の「人がしら」に代えて「大」、U+5961、373-上-13］
奡,※［＃「（戛－戈）／介」の「人がしら」に代えて「大」、U+5961、373-下-1］
奫,※［＃「大／淵」、U+596B、48-5］
奫,※［＃「大／淵」、U+596B、7巻-182-下-4］
奫,※［＃「大／淵」、U+596B、8巻-52-上-1］
妗,※［＃「女＋今」、U+5997、932-中-26］
妸,※［＃「女＋可」、U+59B8、91-8］
姊,※［＃「女＋（「第－竹」の「コ」に代えて「ノ」）、「姉」の正字、U+59CA、18-7］
姊,※［＃「女＋（「第－竹」の「コ」に代えて「ノ」）、「姉」の正字」、U+59CA、192-14］
姊,※［＃「女＋（「第－竹」の「コ」に代えて「ノ」）、「姉」の正字」、U+59CA、198-3］
姊,※［＃「女＋（「第－竹」の「コ」に代えて「ノ」）、「姉」の正字」、U+59CA、201-3］
姊,※［＃「女＋（「第－竹」の「コ」に代えて「ノ」）、「姉」の正字」、U+59CA、22-14］
姊,※［＃「女＋（「第－竹」の「コ」に代えて「ノ」）、「姉」の正字」、U+59CA、22-中-9］
姊,※［＃「女＋（「第－竹」の「コ」に代えて「ノ」）、「姉」の正字」、U+59CA、222-下-19］
姊,※［＃「女＋（「第－竹」の「コ」に代えて「ノ」）、「姉」の正字」、U+59CA、222-下-229］
姊,※［＃「女＋（「第－竹」の「コ」に代えて「ノ」）、「姉」の正字」、U+59CA、223-上-10］
姊,※［＃「女＋（「第－竹」の「コ」に代えて「ノ」）、「姉」の正字」、U+59CA、223-上-1］
姊,※［＃「女＋（「第－竹」の「コ」に代えて「ノ」）、「姉」の正字」、U+59CA、223-下-1］
姊,※［＃「女＋（「第－竹」の「コ」に代えて「ノ」）、「姉」の正字」、U+59CA、223-下-20］
姊,※［＃「女＋（「第－竹」の「コ」に代えて「ノ」）、「姉」の正字」、U+59CA、223-下-2］
姊,※［＃「女＋（「第－竹」の「コ」に代えて「ノ」）、「姉」の正字」、U+59CA、223-下-3］
姊,※［＃「女＋（「第－竹」の「コ」に代えて「ノ」）、「姉」の正字」、U+59CA、223-下-8］
姊,※［＃「女＋（「第－竹」の「コ」に代えて「ノ」）、「姉」の正字」、U+59CA、248-下-24］
姊,※［＃「女＋（「第－竹」の「コ」に代えて「ノ」）、「姉」の正字」、U+59CA、248-下-25］
姊,※［＃「女＋（「第－竹」の「コ」に代えて「ノ」）、「姉」の正字」、U+59CA、248-下-26］
姊,※［＃「女＋（「第－竹」の「コ」に代えて「ノ」）、「姉」の正字」、U+59CA、248-下-27］
姊,※［＃「女＋（「第－竹」の「コ」に代えて「ノ」）、「姉」の正字」、U+59CA、269-11］
姊,※［＃「女＋（「第－竹」の「コ」に代えて「ノ」）、「姉」の正字」、U+59CA、269-12］
姊,※［＃「女＋（「第－竹」の「コ」に代えて「ノ」）、「姉」の正字」、U+59CA、269-13］
姊,※［＃「女＋（「第－竹」の「コ」に代えて「ノ」）、「姉」の正字」、U+59CA、269-14］
姊,※［＃「女＋（「第－竹」の「コ」に代えて「ノ」）、「姉」の正字」、U+59CA、27-15］
姊,※［＃「女＋（「第－竹」の「コ」に代えて「ノ」）、「姉」の正字」、U+59CA、28-1］
姊,※［＃「女＋（「第－竹」の「コ」に代えて「ノ」）、「姉」の正字」、U+59CA、28-4］
姊,※［＃「女＋（「第－竹」の「コ」に代えて「ノ」）、「姉」の正字」、U+59CA、28-6］
姊,※［＃「女＋（「第－竹」の「コ」に代えて「ノ」）、「姉」の正字」、U+59CA、43-6］
姊,※［＃「女＋（「第－竹」の「コ」に代えて「ノ」）、「姉」の正字」、U+59CA、44-下-1］
姊,※［＃「女＋（「第－竹」の「コ」に代えて「ノ」）、「姉」の正字」、U+59CA、501-11］
姊,※［＃「女＋（「第－竹」の「コ」に代えて「ノ」）、「姉」の正字」、U+59CA、504-14］
姊,※［＃「女＋（「第－竹」の「コ」に代えて「ノ」）、「姉」の正字」、U+59CA、52-4］
姊,※［＃「女＋（「第－竹」の「コ」に代えて「ノ」）、「姉」の正字」、U+59CA、629-11］
姊,※［＃「女＋（「第－竹」の「コ」に代えて「ノ」）、「姉」の正字」、U+59CA、648-5］
姊,※［＃「女＋（「第－竹」の「コ」に代えて「ノ」）、「姉」の正字」、U+59CA、648-8］
姊,※［＃「女＋（「第－竹」の「コ」に代えて「ノ」）、「姉」の正字」、U+59CA、65-6］
姊,※［＃「女＋（「第－竹」の「コ」に代えて「ノ」）、「姉」の正字」、U+59CA、715-2］
姊,※［＃「女＋（「第－竹」の「コ」に代えて「ノ」）、「姉」の正字」、U+59CA、720-15］
姊,※［＃「女＋（「第－竹」の「コ」に代えて「ノ」）、「姉」の正字」、U+59CA、84-23］
姊,※［＃「女＋（「第－竹」の「コ」に代えて「ノ」）、「姉」の正字」、U+59CA、9-3］
姊,※［＃「女＋（「第－竹」の「コ」に代えて「ノ」）、「姉」の正字」、U+59CA、9-7］
姊,※［＃「女＋（「第－竹」の「コ」に代えて「ノ」）、「姉」の正字」、U+59CA、9-8］
姊,※［＃「女＋（「第－竹」の「コ」に代えて「ノ」）、「姉」の正字」、U+59CA、9巻-305-下-12］
姊,※［＃「女＋（「第－竹」の「コ」に代えて「丿」）、「姉」の正字、U+59CA、18-9］
姊,※［＃「女＋（「第－竹」の「コ」に代えて「丿」）、「姉」の正字」、U+59CA、1-4］
姊,※［＃「女＋（「第－竹」の「コ」に代えて「丿」）、「姉」の正字」、U+59CA、1-5］
姊,※［＃「女＋（「第－竹」の「コ」に代えて「丿」）、「姉」の正字」、U+59CA、1-7］
姊,※［＃「女＋（「第－竹」の「コ」に代えて「丿」）、「姉」の正字」、U+59CA、109-8］
姊,※［＃「女＋（「第－竹」の「コ」に代えて「丿」）、「姉」の正字」、U+59CA、11-9］
姊,※［＃「女＋（「第－竹」の「コ」に代えて「丿」）、「姉」の正字」、U+59CA、114-8］
姊,※［＃「女＋（「第－竹」の「コ」に代えて「丿」）、「姉」の正字」、U+59CA、115-14］
姊,※［＃「女＋（「第－竹」の「コ」に代えて「丿」）、「姉」の正字」、U+59CA、116-2］
姊,※［＃「女＋（「第－竹」の「コ」に代えて「丿」）、「姉」の正字」、U+59CA、128-17］
姊,※［＃「女＋（「第－竹」の「コ」に代えて「丿」）、「姉」の正字」、U+59CA、131-15］
姊,※［＃「女＋（「第－竹」の「コ」に代えて「丿」）、「姉」の正字」、U+59CA、132-1］
姊,※［＃「女＋（「第－竹」の「コ」に代えて「丿」）、「姉」の正字」、U+59CA、153-11］
姊,※［＃「女＋（「第－竹」の「コ」に代えて「丿」）、「姉」の正字」、U+59CA、153-2］
姊,※［＃「女＋（「第－竹」の「コ」に代えて「丿」）、「姉」の正字」、U+59CA、153-4］
姊,※［＃「女＋（「第－竹」の「コ」に代えて「丿」）、「姉」の正字」、U+59CA、154-10］
姊,※［＃「女＋（「第－竹」の「コ」に代えて「丿」）、「姉」の正字」、U+59CA、155-13］
姊,※［＃「女＋（「第－竹」の「コ」に代えて「丿」）、「姉」の正字」、U+59CA、156-10］
姊,※［＃「女＋（「第－竹」の「コ」に代えて「丿」）、「姉」の正字」、U+59CA、157-5］
姊,※［＃「女＋（「第－竹」の「コ」に代えて「丿」）、「姉」の正字」、U+59CA、163-6］
姊,※［＃「女＋（「第－竹」の「コ」に代えて「丿」）、「姉」の正字」、U+59CA、165-10］
姊,※［＃「女＋（「第－竹」の「コ」に代えて「丿」）、「姉」の正字」、U+59CA、165-12］
姊,※［＃「女＋（「第－竹」の「コ」に代えて「丿」）、「姉」の正字」、U+59CA、165-4］
姊,※［＃「女＋（「第－竹」の「コ」に代えて「丿」）、「姉」の正字」、U+59CA、166-下-9］
姊,※［＃「女＋（「第－竹」の「コ」に代えて「丿」）、「姉」の正字」、U+59CA、2-22-下-13］
姊,※［＃「女＋（「第－竹」の「コ」に代えて「丿」）、「姉」の正字」、U+59CA、206-10］
姊,※［＃「女＋（「第－竹」の「コ」に代えて「丿」）、「姉」の正字」、U+59CA、206-4］
姊,※［＃「女＋（「第－竹」の「コ」に代えて「丿」）、「姉」の正字」、U+59CA、206-6］
姊,※［＃「女＋（「第－竹」の「コ」に代えて「丿」）、「姉」の正字」、U+59CA、206-8］
姊,※［＃「女＋（「第－竹」の「コ」に代えて「丿」）、「姉」の正字」、U+59CA、207-10］
姊,※［＃「女＋（「第－竹」の「コ」に代えて「丿」）、「姉」の正字」、U+59CA、207-3］
姊,※［＃「女＋（「第－竹」の「コ」に代えて「丿」）、「姉」の正字」、U+59CA、207-5］
姊,※［＃「女＋（「第－竹」の「コ」に代えて「丿」）、「姉」の正字」、U+59CA、207-6］
姊,※［＃「女＋（「第－竹」の「コ」に代えて「丿」）、「姉」の正字」、U+59CA、208-1］
姊,※［＃「女＋（「第－竹」の「コ」に代えて「丿」）、「姉」の正字」、U+59CA、208-8］
姊,※［＃「女＋（「第－竹」の「コ」に代えて「丿」）、「姉」の正字」、U+59CA、209-4］
姊,※［＃「女＋（「第－竹」の「コ」に代えて「丿」）、「姉」の正字」、U+59CA、213-12］
姊,※［＃「女＋（「第－竹」の「コ」に代えて「丿」）、「姉」の正字」、U+59CA、219-13］
姊,※［＃「女＋（「第－竹」の「コ」に代えて「丿」）、「姉」の正字」、U+59CA、219-4］
姊,※［＃「女＋（「第－竹」の「コ」に代えて「丿」）、「姉」の正字」、U+59CA、220-7］
姊,※［＃「女＋（「第－竹」の「コ」に代えて「丿」）、「姉」の正字」、U+59CA、225-4］
姊,※［＃「女＋（「第－竹」の「コ」に代えて「丿」）、「姉」の正字」、U+59CA、24-7］
姊,※［＃「女＋（「第－竹」の「コ」に代えて「丿」）、「姉」の正字」、U+59CA、24-9］
姊,※［＃「女＋（「第－竹」の「コ」に代えて「丿」）、「姉」の正字」、U+59CA、241-12］
姊,※［＃「女＋（「第－竹」の「コ」に代えて「丿」）、「姉」の正字」、U+59CA、244-8］
姊,※［＃「女＋（「第－竹」の「コ」に代えて「丿」）、「姉」の正字」、U+59CA、246-11］
姊,※［＃「女＋（「第－竹」の「コ」に代えて「丿」）、「姉」の正字」、U+59CA、277-15］
姊,※［＃「女＋（「第－竹」の「コ」に代えて「丿」）、「姉」の正字」、U+59CA、279-9］
姊,※［＃「女＋（「第－竹」の「コ」に代えて「丿」）、「姉」の正字」、U+59CA、280-13］
姊,※［＃「女＋（「第－竹」の「コ」に代えて「丿」）、「姉」の正字」、U+59CA、281-11］
姊,※［＃「女＋（「第－竹」の「コ」に代えて「丿」）、「姉」の正字」、U+59CA、285-2］
姊,※［＃「女＋（「第－竹」の「コ」に代えて「丿」）、「姉」の正字」、U+59CA、286-4］
姊,※［＃「女＋（「第－竹」の「コ」に代えて「丿」）、「姉」の正字」、U+59CA、287-11］
姊,※［＃「女＋（「第－竹」の「コ」に代えて「丿」）、「姉」の正字」、U+59CA、290-4］
姊,※［＃「女＋（「第－竹」の「コ」に代えて「丿」）、「姉」の正字」、U+59CA、290-6］
姊,※［＃「女＋（「第－竹」の「コ」に代えて「丿」）、「姉」の正字」、U+59CA、292-2］
姊,※［＃「女＋（「第－竹」の「コ」に代えて「丿」）、「姉」の正字」、U+59CA、295-14］
姊,※［＃「女＋（「第－竹」の「コ」に代えて「丿」）、「姉」の正字」、U+59CA、295-4］
姊,※［＃「女＋（「第－竹」の「コ」に代えて「丿」）、「姉」の正字」、U+59CA、295-6］
姊,※［＃「女＋（「第－竹」の「コ」に代えて「丿」）、「姉」の正字」、U+59CA、299-10］
姊,※［＃「女＋（「第－竹」の「コ」に代えて「丿」）、「姉」の正字」、U+59CA、299-11］
姊,※［＃「女＋（「第－竹」の「コ」に代えて「丿」）、「姉」の正字」、U+59CA、299-2］
姊,※［＃「女＋（「第－竹」の「コ」に代えて「丿」）、「姉」の正字」、U+59CA、300-2］
姊,※［＃「女＋（「第－竹」の「コ」に代えて「丿」）、「姉」の正字」、U+59CA、300-4］
姊,※［＃「女＋（「第－竹」の「コ」に代えて「丿」）、「姉」の正字」、U+59CA、301-11］
姊,※［＃「女＋（「第－竹」の「コ」に代えて「丿」）、「姉」の正字」、U+59CA、301-1］
姊,※［＃「女＋（「第－竹」の「コ」に代えて「丿」）、「姉」の正字」、U+59CA、301-5］
姊,※［＃「女＋（「第－竹」の「コ」に代えて「丿」）、「姉」の正字」、U+59CA、302-2］
姊,※［＃「女＋（「第－竹」の「コ」に代えて「丿」）、「姉」の正字」、U+59CA、302-6］
姊,※［＃「女＋（「第－竹」の「コ」に代えて「丿」）、「姉」の正字」、U+59CA、308-10］
姊,※［＃「女＋（「第－竹」の「コ」に代えて「丿」）、「姉」の正字」、U+59CA、312-5］
姊,※［＃「女＋（「第－竹」の「コ」に代えて「丿」）、「姉」の正字」、U+59CA、322-6］
姊,※［＃「女＋（「第－竹」の「コ」に代えて「丿」）、「姉」の正字」、U+59CA、324-7］
姊,※［＃「女＋（「第－竹」の「コ」に代えて「丿」）、「姉」の正字」、U+59CA、326-15］
姊,※［＃「女＋（「第－竹」の「コ」に代えて「丿」）、「姉」の正字」、U+59CA、394-15］
姊,※［＃「女＋（「第－竹」の「コ」に代えて「丿」）、「姉」の正字」、U+59CA、396-5］
姊,※［＃「女＋（「第－竹」の「コ」に代えて「丿」）、「姉」の正字」、U+59CA、396-6］
姊,※［＃「女＋（「第－竹」の「コ」に代えて「丿」）、「姉」の正字」、U+59CA、450-10］
姊,※［＃「女＋（「第－竹」の「コ」に代えて「丿」）、「姉」の正字」、U+59CA、451-2］
姊,※［＃「女＋（「第－竹」の「コ」に代えて「丿」）、「姉」の正字」、U+59CA、69-12］
姊,※［＃「女＋（「第－竹」の「コ」に代えて「丿」）、「姉」の正字」、U+59CA、760-8］
姊,※［＃「女＋（「第－竹」の「コ」に代えて「丿」）、「姉」の正字」、U+59CA、ファイル末注記］
姊,※［＃「女＋（「第－竹」の「コ」に代えて「丿」）、「姉」の正字」、U+59CA］
姟,※［＃「女＋亥」、U+59DF、82-4］
姟,※［＃「女＋亥」、U+59DF、91-7］
娨,※［＃「女＋旱」、U+5A28、174-14］
娬,※［＃「女＋武」、U+5A2C、28-13］
婇,※［＃「女＋綵のつくり」、U+5A47、142-3］
婇,※［＃「女＋綵のつくり」、U+5A47、177-本文-14］
婇,※［＃「女＋綵のつくり」、U+5A47、177-本文-15］
婇,※［＃「女＋綵のつくり」、U+5A47、177-本文-16］
婇,※［＃「女＋綵のつくり」、U+5A47、177-本文-17］
婇,※［＃「女＋綵のつくり」、U+5A47、180-本文-10］
婇,※［＃「女＋綵のつくり」、U+5A47、400-2-26］
婇,※［＃「女＋綵のつくり」、U+5A47、400-3-1］
婇,※［＃「女＋綵のつくり」、U+5A47、420-2-12］
婇,※［＃「女＋綵のつくり」、U+5A47、79-本文-17］
婔,※［＃「女＋非」、U+5A54、70-1］
婲,※［＃「女＋花」、U+5A72、257-2］
媆,※［＃「女＋（而／大）」、U+5A86、173-11］
媆,※［＃「女＋（而／大）」、U+5A86、7巻-16-下-14］
媓,※［＃「女＋皇」、U+5A93、49-下-5］
媦,※［＃「女＋胃」、U+5AA6、18-12］
媦,※［＃「女＋胃」、U+5AA6、18-13］
媬,※［＃「女＋保」、U+5AAC、175-3］
媲,※［＃「女＋貔のつくり」、U+5AB2、282-下-3］
嫏,※［＃「螂」の「虫」に代えて「女」、U+5ACF、175-13］
嫪,※［＃「女＋膠のつくり」、U+5AEA、928-中-18］
嬛,※［＃「女＋鐶のつくり」、U+5B1B、175-13］
嬝,※［＃「女＋島」の「山」に代えて「衣」、U+5B1D、217-下-3］
嬝,※［＃「女＋島」の「山」に代えて「衣」、U+5B1D、297-14］
嬝,※［＃「女＋島」の「山」に代えて「衣」、U+5B1D、624-4］
孋,※［＃「女＋麗」、U+5B4B、105-10］
孋,※［＃「女＋麗」、U+5B4B、118-14］
孋,※［＃「女＋麗」、U+5B4B、上-222-12］
宼,※［＃「寇」の「攴」に代えて「女」、U+5BBC、171-2］
宼,※［＃「寇」の「攴」に代えて「女」、U+5BBC、171-6］
宼,※［＃「寇」の「攴」に代えて「女」、U+5BBC、173-12］
寗,※［＃「宀／必／（冉の４画目左右に突き出る）」、U+5BD7、300-11］
寠,※［＃「宀／婁」、U+5BE0、142-15］
寠,※［＃「宀／婁」、U+5BE0、219-上-5］
寠,※［＃「宀／婁」、U+5BE0、316-下-14］
寠,※［＃「宀／婁」、U+5BE0、342-4］
寠,※［＃「宀／婁」、U+5BE0、53-上-2］
寠,※［＃「宀／婁」、U+5BE0、72-4］
岝,※［＃「山／乍」、U+5C9D、520-14］
峗,※［＃「山＋危」、U+5CD7、224-4］
峚,※［＃「山／大／土」、U+5CDA、73-4］
峛,※［＃「山／列」、U+5CDB、116-4］
峲,※［＃「山／利」、U+5CF2、206-1］
崒,※［＃「山／卒」、U+5D12、110-上-21］
崥,※［＃「山＋卑」、U+5D25、217-8］
崪,※［＃「山＋卒」、U+5D2A、225-11］
崪,※［＃「山＋卒」、U+5D2A、524-15］
崿,※［＃「山＋咢」、U+5D3F、27-7］
崿,※［＃「山＋咢」、U+5D3F、520-14］
嶻,※［＃「山／截」、U+5DBB、500-8］
帉,※［＃「巾＋扮のつくり」、U+5E09、143-下-3］
帉,※［＃「巾＋扮のつくり」、U+5E09、146-下-7］
帉,※［＃「巾＋扮のつくり」、U+5E09、178-下-14］
帉,※［＃「巾＋扮のつくり」、U+5E09、182-上-8］
帊,※［＃「巾＋巴」、U+5E0A、103-2］
帨,※［＃「巾＋兌」、U+5E28、101-2］
帨,※［＃「巾＋兌」、U+5E28、143-下-3］
帨,※［＃「巾＋兌」、U+5E28、146-下-7］
帨,※［＃「巾＋兌」、U+5E28、178-下-14］
帨,※［＃「巾＋兌」、U+5E28、182-上-8］
帨,※［＃「巾＋兌」、U+5E28、20-14］
帨,※［＃「巾＋兌」、U+5E28、214-上-19］
帨,※［＃「巾＋兌」、U+5E28、228-上-9］
帨,※［＃「巾＋兌」、U+5E28、243-上-19］
帨,※［＃「巾＋兌」、U+5E28、245-上-9］
帨,※［＃「巾＋兌」、U+5E28、255-上-16］
帨,※［＃「巾＋兌」、U+5E28、277-上-16］
幙,※［＃「巾＋莫」、U+5E59、274-11］
庤,※［＃「广＋寺」、U+5EA4、130-14］
庤,※［＃「广＋寺」、U+5EA4、130-16］
庤,※［＃「广＋寺」、U+5EA4、151-14］
廕,※［＃「广＋陰」、U+5ED5、216-5］
廕,※［＃「广＋陰」、U+5ED5、8巻-40-上-11］
弆,※［＃「去／廾」、U+5F06、204-下-9］
弆,※［＃「去／廾」、U+5F06、24-15］
弆,※［＃「去／廾」、U+5F06、7巻-130-下-5］
弆,※［＃「去／廾」、U+5F06、7巻-177-下-10］
弆,※［＃「去／廾」、U+5F06、7巻-41-上-6］
弨,※［＃「弓＋召」、U+5F28、183-3］
弰,※［＃「弓＋悄のつくり」、U+5F30、37-14］
彛,※［＃「帚」の「冖／巾」に代えて「（米＋扮のつくり）／廾」、U+5F5B、286-3］
彴,※［＃「彳＋勺」、U+5F74、155-下-16］
彴,※［＃「彳＋勺」、U+5F74、513-8］
彴,※［＃「彳＋勺」、U+5F74、52-12］
徬,※［＃「彳＋旁」、U+5FAC、208-2］
徬,※［＃「彳＋旁」、U+5FAC、241-16］
忬,※［＃「りっしんべん＋予」、U+5FEC、281-上-3］
忴,※［＃「りっしんべん＋今」、U+5FF4、4-上-14］
怰,※［＃「りっしんべん＋玄」、U+6030、418-3-22］
恑,※［＃「りっしんべん＋危」、U+6051、361-9］
恾,※［＃「りっしんべん＋くさかんむり／氓のへん」、U+607E、99-7］
悤,※［＃「總のつくり、「怱」の正字」、U+60A4、7巻-209-下-12］
悤,※［＃「總のつくり、「怱」の正字」、U+60A4、8巻-207-下-8］
悷,※［＃「りっしんべん＋（戸の旧字＋犬）」、U+60B7、383-2］
惂,※［＃「りっしんべん＋陷のつくり」、U+60C2、59-上-5］
惞,※［＃「りっしんべん＋欣」、U+60DE、92-12］
惢,※［＃「心／（心＋心）」、U+60E2、135-上-6］
慤,※［＃「殻／心」、U+6164、137-3］
慤,※［＃「殻／心」、U+6164、165-14］
慤,※［＃「殻／心」、U+6164、186-10］
慤,※［＃「殻／心」、U+6164、197-14］
慤,※［＃「殻／心」、U+6164、200-4］
慤,※［＃「殻／心」、U+6164、205-5］
慤,※［＃「殻／心」、U+6164、59-7］
慤,※［＃「殻／心」、U+6164、76-13］
慦,※［＃「救／心」、U+6166、144-12］
慦,※［＃「救／心」、U+6166、294-13］
慬,※［＃「りっしんべん＋槿のつくり」、U+616C、140-5］
慬,※［＃「りっしんべん＋槿のつくり」、U+616C、320-3］
慲,※［＃「りっしんべん＋滿のつくり」、U+6172、263-14］
慲,※［＃「りっしんべん＋滿のつくり」、U+6172、263-16］
慲,※［＃「りっしんべん＋滿のつくり」、U+6172、266-6］
憋,※［＃「敝／心」、U+618B、281-下-11］
憟,※［＃「りっしんべん＋粟」、U+619F、2-12-34］
懚,※［＃「隱」の「こざとへん」に代えて「りっしんべん」、U+61DA、487-14］
懜,※［＃「りっしんべん＋夢」、U+61DC、163-12］
懯,※［＃「（甫／方＋攵）／心」、U+61EF、281-下-11］
戄,※［＃「りっしんべん＋矍」、U+6204、14-13］
戄,※［＃「りっしんべん＋矍」、U+6204、14-註【五〇】］
戄,※［＃「りっしんべん＋矍」、U+6204、3-13］
戽,※［＃「戸の旧字＋斗」、U+623D、1巻-90-上-17］
戽,※［＃「戸の旧字＋斗」、U+623D、95-10］
扴,※［＃「てへん＋介」、U+6274、47-16］
扴,※［＃「てへん＋介」、U+6274、47-18］
抇,※［＃「てへん＋日」、U+6287、163-7］
抐,※［＃「てへん＋吶のつくり」、U+6290、384-4］
抮,※［＃「てへん＋珍のつくり」、U+62AE、47-5］
抳,※［＃「てへん＋尼」、U+62B3、141-上-15］
抾,※［＃「てへん＋去」、U+62BE、369-2］
拚,※［＃「てへん＋弁」、U+62DA、156-2］
拚,※［＃「てへん＋弁」、U+62DA、156-7］
挒,※［＃「てへん＋列」、U+6312、173-2］
挒,※［＃「てへん＋列」、U+6312、173-3］
挪,※［＃「てへん＋那」、U+632A、318-8］
捂,※［＃「てへん＋吾」、U+6342、281-7］
捆,※［＃「てへん＋困」、U+6346、2巻-220-上-7］
捽,※［＃「てへん＋卒」、U+637D、196-3］
捿,※［＃「てへん＋妻」、U+637F、283-15］
掇,※［＃「てへん＋綴のつくり」、U+6387、185-13］
掇,※［＃「てへん＋綴のつくり」、U+6387、185-14］
掇,※［＃「てへん＋綴のつくり」、U+6387、36-1］
掊,※［＃「てへん＋倍のつくり」、U+638A、278-15］
掊,※［＃「てへん＋倍のつくり」、U+638A、35-1］
掚,※［＃「てへん＋兩」、U+639A、2-15］
掚,※［＃「てへん＋兩」、U+639A、6-19］
掚,※［＃「てへん＋兩」、U+639A、76-6］
掚,※［＃「てへん＋兩」、U+639A、84-9］
掚,※［＃「てへん＋兩」、U+639A］
掦,※［＃「てへん＋易」、U+63A6、120-12］
揅,※［＃「研／手」、U+63C5、147-17］
搤,※［＃「てへん＋益」、U+6424、181-11］
搤,※［＃「てへん＋縊のつくり」、U+6424、108-本文-1］
搤,※［＃「てへん＋縊のつくり」、U+6424、58-本文-5］
搵,※［＃「てへん＋慍のつくり」、U+6435、384-4］
搵,※［＃「てへん＋慍のつくり」、U+6435、384-5］
搽,※［＃「てへん＋茶」の「ホ」に代えて「木」、U+643D、51-5］
摏,※［＃「てへん＋舂」、U+644F、7巻-64-下-15］
摟,※［＃「てへん＋婁」、U+645F、47-12］
摟,※［＃「てへん＋婁」、U+645F、7巻-218-下-5］
摟,※［＃「てへん＋婁」、U+645F、7巻-355-上-8］
摟,※［＃「てへん＋婁」、U+645F、8巻-8-上-14］
摻,※［＃「てへん＋參」、U+647B、128-8］
摻,※［＃「てへん＋參」、U+647B、198-15］
摻,※［＃「てへん＋參」、U+647B、8巻-101-上-7］
撅,※［＃「てへん＋厥」、U+6485、126-11］
撏,※［＃「てへん＋潯のつくり」、U+648F、384-5］
撏,※［＃「てへん＋潯のつくり」、U+648F、410-7］
撐,※［＃「てへん＋掌」の「手」に代えて「冴のつくり」、U+6490、2-8］
撐,※［＃「てへん＋掌」の「手」に代えて「冴のつくり」、U+6490、424-13］
撙,※［＃「てへん＋墫のつくり」、U+6499、58-11］
撠,※［＃「てへん＋戟」、U+64A0、36-11］
撠,※［＃「てへん＋戟」、U+64A0、36-註【三五】］
撢,※［＃「てへん＋覃」、U+64A2、188-4］
擘,※［＃「辟／手」、U+64D8、45-14］
擫,※［＃「てへん＋厭」、U+64EB、85-17］
擫,※［＃「てへん＋厭」、U+64EB、86-17］
擫,※［＃「てへん＋厭」、U+64EB、86-3］
擫,※［＃「てへん＋厭」、U+64EB、87-1］
擵,※［＃「てへん＋麾」の「毛」に代えて「手」、U+64F5、151-7］
擵,※［＃「てへん＋麾」の「毛」に代えて「手」、U+64F5、58-5］
擵,※［＃「てへん＋麾」の「毛」に代えて「手」、U+64F5、743-上-2］
擵,※［＃「てへん＋麾」の「毛」に代えて「手」、U+64F5、83-14］
擵,※［＃「てへん＋麾」の「毛」に代えて「手」、U+64F5、83-9］
攉,※［＃「てへん＋霍」、U+6509、275-10］
攉,※［＃「てへん＋霍」、U+6509、63-下-14］
攊,※［＃「てへん＋櫪のつくり」、U+650A、294-8］
攊,※［＃「てへん＋櫪のつくり」、U+650A、428-上-2］
斕,※［＃「対のへん＋闌」、U+6595、153-16］
斳,※［＃「槿のつくり＋斤」、U+65B3、140-10］
斳,※［＃「槿のつくり＋斤」、U+65B3、142-3］
斳,※［＃「槿のつくり＋斤」、U+65B3、142-4］
旰,※［＃「日＋干」、U+65F0、174-2］
旰,※［＃「日＋干」、U+65F0、7巻-235-下-8］
旴,※［＃「日＋于」、U+65F4、425-6］
权,※［＃「木＋又」、U+6743、363-下-11］
杅,※［＃「木＋于」、U+6745、10-7］
杅,※［＃「木＋于」、U+6745、39-13］
杅,※［＃「木＋于」、U+6745、39-18］
杅,※［＃「木＋于」、U+6745、40-8］
杮,※［＃「木＋市」、U+676E、1巻-55-上-14］
杮,※［＃「木＋市」、U+676E、1巻-55-上-15］
杮,※［＃「木＋市」、U+676E、1巻-55-下-1］
杮,※［＃「木＋市」、U+676E、2巻-184-下-7］
杮,※［＃「木＋市」、U+676E、2巻-73-下-16］
杮,※［＃「木＋市」、U+676E、3巻-109-上-7］
杮,※［＃「木＋市」、U+676E、3巻-180-下-18］
杮,※［＃「木＋市」、U+676E、3巻-181-上-2］
枙,※［＃「木＋厄」、U+6799、528-7］
枵,※［＃「木＋号」、U+67B5、344-7］
枵,※［＃「木＋号」、U+67B5、532-2］
枿,※［＃「木／卉」、U+67BF、37-1］
柂,※［＃「木＋施のつくり」、U+67C2、122-本文-8］
柜,※［＃「木＋秬のつくり」、U+67DC、184-上-13］
栰,※［＃「木＋伐」、U+6830、207-8］
栰,※［＃「木＋伐」、U+6830、226-3］
栰,※［＃「木＋伐」、U+6830、226-7］
桱,※［＃「木＋徑のつくり」、U+6871、253-4］
梆,※［＃「木＋邦」、U+6886、172-5］
梆,※［＃「木＋邦」、U+6886、191-7］
梆,※［＃「木＋邦」、U+6886、87-8］
梌,※［＃「木＋余」、U+688C、32-15］
梌,※［＃「木＋余」、U+688C、32-9］
棓,※［＃「木＋倍のつくり」、U+68D3、416-11］
棓,※［＃「木＋倍のつくり」、U+68D3、416-12］
棓,※［＃「木＋倍のつくり」、U+68D3、416-13］
棓,※［＃「木＋倍のつくり」、U+68D3、416-14］
椯,※［＃「木＋（山／而）」、U+692F、276-1］
楅,※［＃「木＋福のつくり」、U+6945、224-15］
楇,※［＃「木＋咼」、U+6947、205-10］
楇,※［＃「木＋咼」、U+6947、205-12］
楇,※［＃「木＋咼」、U+6947、205-13］
楇,※［＃「木＋咼」、U+6947、205-17］
楇,※［＃「木＋咼」、U+6947、205-6］
楇,※［＃「木＋咼」、U+6947、205-7］
楇,※［＃「木＋咼」、U+6947、205-9］
楇,※［＃「木＋咼」、U+6947、207-11］
楇,※［＃「木＋咼」、U+6947、207-17］
楇,※［＃「木＋咼」、U+6947、207-2］
楇,※［＃「木＋咼」、U+6947、208-8］
楇,※［＃「木＋咼」、U+6947、210-12］
楇,※［＃「木＋咼」、U+6947、210-1］
楑,※［＃「木＋揆のつくり」、U+6951、126-12］
楑,※［＃「木＋揆のつくり」、U+6951、126-13］
楑,※［＃「木＋揆のつくり」、U+6951、130-3］
楘,※［＃「鶩」の「鳥」に代えて「木」、U+6958、76-7］
楛,※［＃「木＋苦」、U+695B、8巻-151-下-16］
楦,※［＃「木＋宣」、U+6966、7巻-137-下-9］
楧,※［＃「木＋英」、U+6967、252-11］
楰,※［＃「木＋臾」、U+6970、8巻-184-下-2］
槄,※［＃「木＋稻のつくり」、U+69C4、8巻-184-下-2］
槥,※［＃「木＋彗」、U+69E5、172-8］
樉,※［＃「木＋爽」、U+6A09、252-3］
樉,※［＃「木＋爽」、U+6A09、257-9］
樉,※［＃「木＋爽」、U+6A09、265-7］
樎,※［＃「木＋宿」、U+6A0E、169-本文-8］
樎,※［＃「木＋宿」、U+6A0E、400-4-2］
樷,※［＃「最」の「日」に代えて「林」、U+6A37、129-5］
樷,※［＃「最」の「日」に代えて「林」、U+6A37、48-17］
樷,※［＃「林／取」、U+6A37、308-11］
橚,※［＃「木＋肅」、U+6A5A、252-5］
橚,※［＃「木＋肅」、U+6A5A、257-9］
橚,※［＃「木＋肅」、U+6A5A、279-3］
橚,※［＃「木＋肅」、U+6A5A、279-4］
橚,※［＃「木＋肅」、U+6A5A、279-5］
橚,※［＃「木＋肅」、U+6A5A、282-3］
橚,※［＃「木＋肅」、U+6A5A、292-11］
橞,※［＃「木＋惠」、U+6A5E、212-14］
橞,※［＃「木＋惠」、U+6A5E、253-2］
橞,※［＃「木＋惠」、U+6A5E、337-8］
橰,※［＃「槹」の「白」に代えて「自」、U+6A70、168-11］
橰,※［＃「槹」の「白」に代えて「自」、U+6A70、69-12］
橰,※［＃「槹」の「白」に代えて「自」、U+6A70、77-8］
櫰,※［＃「木＋懷のつくり」、U+6AF0、8巻-184-下-2］
欙,※［＃「木＋壘」の「土」に代えて「糸」、U+6B19、192-7］
欙,※［＃「木＋壘」の「土」に代えて「糸」、U+6B19、199-1］
欤,※［＃「占＋欠」の「口」に代えて「「刀」の「丿」が横向き」、U+6B24、53-9］
欻,※［＃「炎＋欠」、U+6B3B、402-13］
欻,※［＃「炎＋欠」、U+6B3B、402-14］
欻,※［＃「炎＋欠」、U+6B3B、410-1］
欻,※［＃「炎＋欠」、U+6B3B、410-2］
歒,※［＃「滴のつくり＋欠」、U+6B52、39-下-7］
歒,※［＃「滴のつくり＋欠」、U+6B52、39-下-9］
歒,※［＃「滴のつくり＋欠」、U+6B52、42-下-14］
歒,※［＃「滴のつくり＋欠」、U+6B52、42-下-7］
歙,※［＃「翕＋欠」、U+6B59、8巻-17-上-2］
殟,※［＃「歹＋慍のつくり」、U+6B9F、383-7］
殢,※［＃「歹＋帶」、U+6BA2、101-5］
殣,※［＃「歹＋槿のつくり」、U+6BA3、181-10］
毋,※［＃「毋の真ん中の縦棒が下につきぬけたもの」、U+6BCB、（三）-240-6］
毋,※［＃「毋の真ん中の縦棒が下につきぬけたもの」、U+6BCB、（三）-240-9］
毋,※［＃「毋の真ん中の縦棒が下につきぬけたもの」、U+6BCB、（三）-244-13］
毋,※［＃「毋の真ん中の縦棒が下につきぬけたもの」、U+6BCB、（三）-246-7］
毋,※［＃「毋の真ん中の縦棒が下につきぬけたもの」、U+6BCB、（三）-247-6］
毋,※［＃「毋の真ん中の縦棒が下につきぬけたもの」、U+6BCB、（三）-253-1］
毋,※［＃「毋の真ん中の縦棒が下につきぬけたもの」、U+6BCB、（三）-256-15］
毋,※［＃「毋の真ん中の縦棒が下につきぬけたもの」、U+6BCB、（三）-268-6］
毋,※［＃「毋の真ん中の縦棒が下につきぬけたもの」、U+6BCB、（三）-273-10］
毋,※［＃「毋の真ん中の縦棒が下につきぬけたもの」、U+6BCB、（三）-275-6］
毋,※［＃「毋の真ん中の縦棒が下につきぬけたもの」、U+6BCB、（三）-276-4］
毋,※［＃「毋の真ん中の縦棒が下につきぬけたもの」、U+6BCB、（三）-286-11］
毋,※［＃「毋の真ん中の縦棒が下につきぬけたもの」、U+6BCB、（三）-290-2］
毋,※［＃「毋の真ん中の縦棒が下につきぬけたもの」、U+6BCB、（四）-298-7］
毋,※［＃「毋の真ん中の縦棒が下につきぬけたもの」、U+6BCB、（四）-64-17］
毌,※［＃「貫－貝」、U+6BCC、460-12］
毌,※［＃「貫－貝」、U+6BCC、460-14］
毌,※［＃「貫－貝」、U+6BCC、460-15］
毌,※［＃「貫－貝」、U+6BCC、472-12］
毌,※［＃「貫－貝」、U+6BCC、479-12］
毌,※［＃「貫－貝」、U+6BCC、479-13］
毐,※［＃「士／毋」、U+6BD0、928-中-18］
毡,※［＃「毬」の「求」に代えて「占」、U+6BE1、117-12］
毡,※［＃「毬」の「求」に代えて「占」、U+6BE1、117-13］
毾,※［＃「搨のつくり＋毛」、U+6BFE、62-12］
氕,※［＃「气＜丿」、U+6C15、24-1-2］
氕,※［＃「气＜丿」、U+6C15、24-3-34］
氕,※［＃「气＜丿」、U+6C15、24-4-19］
氕,※［＃「气＜丿」、U+6C15、24-5-5］
氕,※［＃「气＜丿」、U+6C15、24-6-19］
氕,※［＃「气＜丿」、U+6C15、24-6-46］
氕,※［＃「气＜丿」、U+6C15、24-7-42］
氕,※［＃「气＜丿」、U+6C15、24-7-9］
氕,※［＃「气＜丿」、U+6C15、24-8-14］
氕,※［＃「气＜丿」、U+6C15、25-5-13］
氕,※［＃「气＜丿」、U+6C15、25-5-14］
氕,※［＃「气＜丿」、U+6C15、25-6-8］
汋,※［＃「さんずい＋（勹＜一）」、U+6C4B、154-1］
汋,※［＃「さんずい＋（勹＜一）」、U+6C4B、180-9］
汋,※［＃「さんずい＋（勹＜一）」、U+6C4B、下-6-6］
汒,※［＃「さんずい＋氓のへん」、U+6C52、107-2］
汒,※［＃「さんずい＋氓のへん」、U+6C52、220-5］
沴,※［＃「さんずい＋珍のつくり」、U+6CB4、136-14］
沴,※［＃「さんずい＋珍のつくり」、U+6CB4、137-12］
沴,※［＃「さんずい＋珍のつくり」、U+6CB4、137-4］
沴,※［＃「さんずい＋珍のつくり」、U+6CB4、138-2］
沴,※［＃「さんずい＋珍のつくり」、U+6CB4、15-本文-17］
沴,※［＃「さんずい＋珍のつくり」、U+6CB4、344-6］
沴,※［＃「さんずい＋珍のつくり」、U+6CB4、8巻-195-下-14］
洉,※［＃「さんずい＋后」、U+6D09、208-上-7］
浡,※［＃「さんずい＋孛」、U+6D61、183-1］
涶,※［＃「さんずい＋垂」、U+6DB6、235-7］
涶,※［＃「さんずい＋垂」、U+6DB6、236-7］
涶,※［＃「さんずい＋垂」、U+6DB6、32-14］
涷,※［＃「さんずい＋東」、U+6DB7、23-上-11］
淯,※［＃「さんずい＋育」、U+6DEF、299-17］
淯,※［＃「さんずい＋育」、U+6DEF、454-14］
淯,※［＃「さんずい＋育」、U+6DEF、454-15］
淯,※［＃「さんずい＋育」、U+6DEF、460-14］
淯,※［＃「さんずい＋育」、U+6DEF、469-16］
淯,※［＃「さんずい＋育」、U+6DEF、470-2］
淯,※［＃「さんずい＋育」、U+6DEF、48-1］
淯,※［＃「さんずい＋育」、U+6DEF、48-6］
渹,※［＃「さんずい＋鞫のつくり」、U+6E39、385-6］
湱,※［＃「さんずい＋（挈－刀－手）／石」、U+6E71、513-5］
湼,※［＃「さんずい＋（臼／工）」、U+6E7C、34-下-1］
溆,※［＃「さんずい＋叙」、U+6E86、121-11］
溆,※［＃「さんずい＋叙」、U+6E86、121-12］
溼,※［＃「さんずい＋（一／（幺＋幺）／土）」、U+6EBC、119-10］
溼,※［＃「さんずい＋（一／（幺＋幺）／土）」、U+6EBC、119-13］
溼,※［＃「さんずい＋（一／（幺＋幺）／土）」、U+6EBC、119-16］
溼,※［＃「さんずい＋（一／（幺＋幺）／土）」、U+6EBC、129-11］
溼,※［＃「さんずい＋（一／（幺＋幺）／土）」、U+6EBC、132-6］
溼,※［＃「さんずい＋（一／（幺＋幺）／土）」、U+6EBC、201-2］
溼,※［＃「さんずい＋（一／（幺＋幺）／土）」、U+6EBC、205-2］
溼,※［＃「さんずい＋（一／（幺＋幺）／土）」、U+6EBC、206-7］
溼,※［＃「さんずい＋（一／（幺＋幺）／土）」、U+6EBC、238-11］
溼,※［＃「さんずい＋（一／（幺＋幺）／土）」、U+6EBC、251-14］
溼,※［＃「さんずい＋（一／（幺＋幺）／土）」、U+6EBC、251-15］
溼,※［＃「さんずい＋（一／（幺＋幺）／土）」、U+6EBC、252-1］
溼,※［＃「さんずい＋（一／（幺＋幺）／土）」、U+6EBC、252-3］
溼,※［＃「さんずい＋（一／（幺＋幺）／土）」、U+6EBC、252-5］
溼,※［＃「さんずい＋（一／（幺＋幺）／土）」、U+6EBC、258-16］
溼,※［＃「さんずい＋（一／（幺＋幺）／土）」、U+6EBC、258-17］
溼,※［＃「さんずい＋（一／（幺＋幺）／土）」、U+6EBC、261-2］
溼,※［＃「さんずい＋（一／（幺＋幺）／土）」、U+6EBC、264-4］
溼,※［＃「さんずい＋（一／（幺＋幺）／土）」、U+6EBC、87-11］
溼,※［＃「さんずい＋（一／（幺＋幺）／土）」、U+6EBC、8巻-154-下-11］
溼,※［＃「さんずい＋（一／（幺＋幺）／土）」、U+6EBC、92-2］
滆,※［＃「さんずい＋鬲」、U+6EC6、383-4］
滏,※［＃「さんずい＋（皎のつくり－亠）／（金－人がしら）」、U+6ECF、188-16］
滛,※［＃「さんずい＋揺のつくり」、U+6EDB、116-16］
滛,※［＃「さんずい＋揺のつくり」、U+6EDB、143-3］
滛,※［＃「さんずい＋揺のつくり」、U+6EDB、146-4］
滛,※［＃「さんずい＋揺のつくり」、U+6EDB、62-6］
滛,※［＃「さんずい＋揺のつくり」、U+6EDB、65-7］
滛,※［＃「さんずい＋搖のつくり」、U+6EDB、113-3］
滮,※［＃「さんずい＋彪」、U+6EEE、390-11］
漟,※［＃「さんずい＋堂」、U+6F1F、197-12］
漰,※［＃「さんずい＋萠」の「くさかんむり」に代えて「山」、U+6F30、176-9］
漰,※［＃「さんずい＋萠」の「くさかんむり」に代えて「山」、U+6F30、513-5］
漰,※［＃「さんずい＋萠」の「くさかんむり」に代えて「山」、U+6F30、523-9］
潵,※［＃「さんずい＋散」、U+6F75、122-3］
潵,※［＃「さんずい＋散」、U+6F75、140-10］
潵,※［＃「さんずい＋散」、U+6F75、163-9］
潵,※［＃「さんずい＋散」、U+6F75、258-7］
潵,※［＃「さんずい＋散」、U+6F75、282-16］
潵,※［＃「さんずい＋散」、U+6F75、302-7］
潵,※［＃「さんずい＋散」、U+6F75、36-13］
潵,※［＃「さんずい＋散」、U+6F75、39-4］
潵,※［＃「さんずい＋散」、U+6F75、50-1］
潵,※［＃「さんずい＋散」、U+6F75、53-15］
潵,※［＃「さんずい＋散」、U+6F75、53-4］
潵,※［＃「さんずい＋散」、U+6F75、532-17］
潵,※［＃「さんずい＋散」、U+6F75、540-5］
潵,※［＃「さんずい＋散」、U+6F75、657-13］
潵,※［＃「さんずい＋散」、U+6F75、76-16］
濙,※［＃「さんずい＋螢」の「虫」に代えて「火」、U+6FD9、398-8］
濙,※［＃「さんずい＋螢」の「虫」に代えて「火」、U+6FD9、400-8］
濙,※［＃「さんずい＋螢」の「虫」に代えて「火」、U+6FD9、401-2］
濙,※［＃「さんずい＋螢」の「虫」に代えて「火」、U+6FD9、402-1］
濙,※［＃「さんずい＋螢」の「虫」に代えて「火」、U+6FD9、411-12］
濙,※［＃「さんずい＋螢」の「虫」に代えて「火」、U+6FD9、423-8］
瀠,※［＃「さんずい＋螢」の「虫」に代えて「糸」、U+7020、380-4］
瀵,※［＃「さんずい＋糞」、U+7035、7巻-198-上-11］
瀵,※［＃「さんずい＋糞」、U+7035、7巻-198-上-7］
瀵,※［＃「さんずい＋糞」、U+7035、7巻-198-上-9］
煗,※［＃「火＋（而／大）」、U+7157、267-16］
煗,※［＃「火＋（而／大）」、U+7157、37-14］
煗,※［＃「火＋（而／大）」、U+7157、383-3］
煗,※［＃「火＋（而／大）」、U+7157、397-1］
煗,※［＃「火＋（而／大）」、U+7157、397-3］
煚,※［＃「（日＋秬のつくり）／火」、U+715A、405-13］
煚,※［＃「（日＋秬のつくり）／火」、U+715A、405-7］
煚,※［＃「（日＋秬のつくり）／火」、U+715A、405-9］
煚,※［＃「（日＋秬のつくり）／火」、U+715A、406-1］
熞,※［＃「火＋堅」、U+719E、339-9］
熥,※［＃「火＋二点しんにょうの通」、U+71A5、339-9］
燂,※［＃「火＋覃」、U+71C2、259-8］
燂,※［＃「火＋譚のつくり」、U+71C2、56-9］
燩,※［＃「檄」の「木」に代えて「火」、U+71E9、35-3］
爝,※［＃「火＋嚼のつくり」、U+721D、326-10］
爝,※［＃「火＋嚼のつくり」、U+721D、370-6］
牁,※［＃「爿＋可」、U+7241、163-下-6］
牁,※［＃「爿＋可」、U+7241、181-下-19］
牁,※［＃「爿＋可」、U+7241、237-7］
牁,※［＃「爿＋可」、U+7241、317-7］
牁,※［＃「爿＋可」、U+7241、321-17］
牁,※［＃「爿＋可」、U+7241、80-3］
牃,※［＃「爿＋喋のつくり」、U+7243、81-8］
牚,※［＃「掌」の「手」に代えて「冴のつくり」、U+725A、460-3］
牻,※［＃「特のへん＋尨」、U+727B、116-2］
牻,※［＃「特のへん＋尨」、U+727B、127-上-12］
牻,※［＃「特のへん＋尨」、U+727B、192-15］
牻,※［＃「特のへん＋尨」、U+727B、290-18］
牻,※［＃「特のへん＋尨」、U+727B、298-下-8］
犴,※［＃「けものへん＋干」、U+72B4、（四）-225-2］
犴,※［＃「けものへん＋干」、U+72B4、（四）-295-1］
犿,※［＃「けものへん＋卞」、U+72BF、10-3］
狊,※［＃「目／犬」、U+72CA、97-6］
狖,※［＃「けものへん＋鴪のへん」、U+72D6、116-1］
狖,※［＃「けものへん＋鴪のへん」、U+72D6、32-16］
狖,※［＃「けものへん＋鴪のへん」、U+72D6、33-1］
狖,※［＃「けものへん＋鴪のへん」、U+72D6、U+72D6、115-15］
狟,※［＃「けものへん＋亘」、U+72DF、27-8］
狥,※［＃「けものへん＋旬」、U+72E5、2-7］
狥,※［＃「けものへん＋旬」、U+72E5、8-14］
狥,※［＃「けものへん＋旬」、U+72E5、8-17］
猂,※［＃「けものへん＋旱」、U+7302、299-15］
猅,※［＃「けものへん＋非」、U+7305、10-11］
猅,※［＃「けものへん＋非」、U+7305、12-2］
猅,※［＃「けものへん＋非」、U+7305、149-10］
猅,※［＃「けものへん＋非」、U+7305、174-5］
猅,※［＃「けものへん＋非」、U+7305、237-3］
猅,※［＃「けものへん＋非」、U+7305、237-7］
猅,※［＃「けものへん＋非」、U+7305、238-15］
猅,※［＃「けものへん＋非」、U+7305、243-9］
猅,※［＃「けものへん＋非」、U+7305、249-下-2］
猅,※［＃「けものへん＋非」、U+7305、281-12］
猅,※［＃「けものへん＋非」、U+7305、286-下-17］
猅,※［＃「けものへん＋非」、U+7305、287-下-12］
猅,※［＃「けものへん＋非」、U+7305、31-4］
猅,※［＃「けものへん＋非」、U+7305、310-16］
猅,※［＃「けものへん＋非」、U+7305、432-9］
猅,※［＃「けものへん＋非」、U+7305、537-18］
猅,※［＃「けものへん＋非」、U+7305、64-14］
猋,※［＃「犬／（犬＋犬）」、U+730B、346-9］
猢,※［＃「けものへん＋胡」、U+7322、29-9］
猢,※［＃「けものへん＋胡」、U+7322、72-4］
猰,※［＃「けものへん＋禊のつくり」、U+7330、187-10］
猰,※［＃「けものへん＋禊のつくり」、U+7330、189-9］
猻,※［＃「けものへん＋孫」、U+733B、29-9］
猻,※［＃「けものへん＋孫」、U+733B、72-4］
獍,※［＃「けものへん＋竟」、U+734D、189-9］
獑,※［＃「けものへん＋斬」、U+7351、33-1］
獘,※［＃「敝／犬」、U+7358、78-10］
獘,※［＃「敝／犬」、U+7358、7巻-118-下-10］
獠,※［＃「けものへん＋僚のつくり」、U+7360、167-上-18］
獠,※［＃「けものへん＋僚のつくり」、U+7360、237-2］
獠,※［＃「けものへん＋僚のつくり」、U+7360、395-6］
獾,※［＃「けものへん＋權のつくり」、U+737E、305-14］
獾,※［＃「けものへん＋權のつくり」、U+737E、305-15］
獾,※［＃「けものへん＋權のつくり」、U+737E、305-16］
獾,※［＃「けものへん＋權のつくり」、U+737E、306-1］
獾,※［＃「けものへん＋權のつくり」、U+737E、306-2］
獾,※［＃「けものへん＋權のつくり」、U+737E、306-7］
獾,※［＃「けものへん＋權のつくり」、U+737E、306-8］
獾,※［＃「けものへん＋灌のつくり」、U+737E、40-6］
玀,※［＃「けものへん＋羅」、U+7380、78-上-4］
玀,※［＃「けものへん＋羅」、U+7380、79-下-2］
玀,※［＃「けものへん＋羅」、U+7380、92-下-17］
玃,※［＃「けものへん＋矍」、U+7383、127-10］
玃,※［＃「けものへん＋矍」、U+7383、32-16］
玈,※［＃「玄＋旅のつくり」、U+7388、151-2］
玭,※［＃「王＋比」、U+73AD、118-10］
玭,※［＃「王＋比」、U+73AD、195-17］
琖,※［＃「王＋戔」、U+7416、41-10］
琖,※［＃「王＋戔」、U+7416、60-11］
瑘,※［＃「王＋耶」、U+7458、223-11］
瑘,※［＃「王＋耶」、U+7458、224-2］
瑘,※［＃「王＋耶」、U+7458、262-7］
瑲,※［＃「王＋倉」、U+7472、254-下-9］
瑲,※［＃「王＋倉」、U+7472、9巻-318-下-7］
瑲,※［＃「王＋倉」、U+7472、下-183-13］
璀,※［＃「王＋崔」、U+7480、526-8］
璝,※［＃「王＋貴」、U+749D、131-11］
璝,※［＃「王＋貴」、U+749D、173-10］
璝,※［＃「王＋貴」、U+749D、174-7］
璝,※［＃「王＋貴」、U+749D、175-12］
璝,※［＃「王＋貴」、U+749D、175-15］
璝,※［＃「王＋貴」、U+749D、175-4］
璝,※［＃「王＋貴」、U+749D、175-6］
璝,※［＃「王＋貴」、U+749D、176-18］
璝,※［＃「王＋貴」、U+749D、177-3］
璝,※［＃「王＋貴」、U+749D、183-7］
璝,※［＃「王＋貴」、U+749D、186-3］
璝,※［＃「王＋貴」、U+749D、198-5］
璝,※［＃「王＋貴」、U+749D、222-14］
璝,※［＃「王＋貴」、U+749D、224-16］
璝,※［＃「王＋貴」、U+749D、229-18］
璝,※［＃「王＋貴」、U+749D、230-8］
瓛,※［＃「王＋獻」、U+74DB、284-4］
瓛,※［＃「王＋獻」、U+74DB、301-7］
瓟,※［＃「瓜のにょうの形＋鉋のつくり」、U+74DF、7巻-187-上-6］
瓤,※［＃「襄＋瓜」、U+74E4、101-10］
瓤,※［＃「襄＋瓜」、U+74E4、101-11］
瓤,※［＃「襄＋瓜」、U+74E4、101-14］
瓤,※［＃「襄＋瓜」、U+74E4、101-15］
瓤,※［＃「襄＋瓜」、U+74E4、130-11］
瓤,※［＃「襄＋瓜」、U+74E4、477-11］
瓴,※［＃「令＋瓶のつくり」、U+74F4、7巻-329-下-1］
瓼,※［＃「瓰」の「扮のつくり」に代えて「里」、U+74FC、372-10］
甝,※［＃「彪」の「彡」に代えて「甘」、U+751D、12-15］
甿,※［＃「田＋氓のへん」、U+753F、152-3］
畡,※［＃「田＋亥」、U+7561、8巻-316-上-2］
畡,※［＃「田＋亥」、U+7561、8巻-316-上-3］
畮,※［＃「田＋誨のつくり」、U+756E、101-6］
疪,※［＃「やまいだれ＋比」、U+75AA、83-下-1］
疴,※［＃「やまいだれ＋可」、U+75B4、61-6］
疴,※［＃「やまいだれ＋可」、U+75B4、61-8］
痡,※［＃「やまいだれ＋甫」、U+75E1、7巻-90-上-3］
瘣,※［＃「やまいだれ＋鬼」、U+7623、203-下-15］
瘣,※［＃「やまいだれ＋鬼」、U+7623、203-下-19］
瘣,※［＃「やまいだれ＋鬼」、U+7623、203-下-20］
瘣,※［＃「やまいだれ＋鬼」、U+7623、204-上-21］
瘣,※［＃「やまいだれ＋鬼」、U+7623、204-上-3］
瘣,※［＃「やまいだれ＋鬼」、U+7623、204-下-14］
癅,※［＃「やまいだれ＋澑のつくり」、U+7645、249-上-21］
癅,※［＃「やまいだれ＋澑のつくり」、U+7645、249-上-22］
皤,※［＃「白＋番」、U+76A4、145-4］
皤,※［＃「白＋番」、U+76A4、498-上-10］
皤,※［＃「白＋番」、U+76A4、7巻-186-下-14］
皤,※［＃「白＋番」、U+76A4、7巻-187-上-3］
皤,※［＃「白＋番」、U+76A4、7巻-262-下-11］
皤,※［＃「白＋番」、U+76A4、96-9］
皭,※［＃「白＋嚼のつくり」、U+76AD、208-下-11］
皭,※［＃「白＋嚼のつくり」、U+76AD、452-12］
盰,※［＃「目＋干」、U+76F0、35-16］
眂,※［＃「目＋氏」、U+7702、15-9］
眎,※［＃「目＋示」、U+770E、7巻-180-下-11］
眎,※［＃「目＋示」、U+770E、97-8］
眕,※［＃「目＋珍のつくり」、U+7715、219-8］
眳,※［＃「目＋名」、U+7733、313-14］
眳,※［＃「目＋名」、U+7733、314-5］
睌,※［＃「目＋免」、U+774C、119-6］
睒,※［＃「目＋炎」、U+7752、408-上-9］
睧,※［＃「目＋昏」、U+7767、32-11］
睩,※［＃「目＋碌のつくり」、U+7769、上-205-3］
瞍,※［＃「目＋嫂のつくり」、U+778D、52-11］
瞍,※［＃「目＋嫂のつくり」、U+778D、64-2］
瞍,※［＃「目＋嫂のつくり」、U+778D、64-3］
瞍,※［＃「目＋嫂のつくり」、U+778D、87-23］
瞍,※［＃「目＋嫂のつくり」、U+778D、87-24］
瞧,※［＃「目＋焦」、U+77A7、8-11］
矉,※［＃「目＋嬪のつくり」、U+77C9、32-13］
矒,※［＃「目＋（離れたくさかんむり／（罘－不）／冖／目）」、U+77D2、121‐8］
矒,※［＃「目＋（離れたくさかんむり／（罘－不）／冖／目）」、U+77D2、32-上-9］
矒,※［＃「目＋（離れたくさかんむり／（罘－不）／冖／目）」、U+77D2、38-上-5］
矸,※［＃「石＋干」、U+77F8、7巻-66-上-2］
矹,※［＃「石＋兀」、U+77F9、333-6］
矹,※［＃「石＋兀」、U+77F9、37-8］
砢,※［＃「石＋可」、U+7822、166-上-15］
砢,※［＃「石＋可」、U+7822、234-10］
砢,※［＃「石＋可」、U+7822、306-13］
砢,※［＃「石＋可」、U+7822、321-8］
砢,※［＃「石＋可」、U+7822、418-8］
砢,※［＃「石＋可」、U+7822、513-3］
砢,※［＃「石＋可」、U+7822、86-16］
硉,※［＃「石＋聿」、U+7849、491-9］
硜,※［＃「石＋徑のつくり」、U+785C、114-上-4］
硜,※［＃「石＋徑のつくり」、U+785C、202-13］
硜,※［＃「石＋徑のつくり」、U+785C、7巻-335-下-2］
碿,※［＃「石＋（尸＋悄のつくり）」、U+78BF、271-9］
磵,※［＃「石＋間」、U+78F5、84-1］
礉,※［＃「激」の「さんずい」に代えて「石」、U+7909、28-2］
礉,※［＃「激」の「さんずい」に代えて「石」、U+7909、28-註【一二八】］
礉,※［＃「激」の「さんずい」に代えて「石」、U+7909、8-1］
礟,※［＃「石＋（馬＋爻）」、U+791F、316-5］
礟,※［＃「石＋（馬＋爻）」、U+791F、344-6］
祱,※［＃「示＋兌」、U+7971、7巻-291-上-6］
禋,※［＃「示＋（西／土）」、U+798B、361-12］
禑,※［＃「示＋禺」、U+7991、146-7］
秃,※［＃「禾／几」、U+79C3、420-上-2］
秥,※［＃「禾＋占」、U+79E5、178-10］
秥,※［＃「禾＋占」、U+79E5、179-4］
秪,※［＃「禾＋低のつくり」、U+79EA、312-2］
秪,※［＃「禾＋低のつくり」、U+79EA、7巻-153-下-12］
稌,※［＃「禾＋余」、U+7A0C、395-2］
穅,※［＃「禾＋康」、U+7A45、69-5］
穊,※［＃「禾＋既」、U+7A4A、117-1］
窑,※［＃「穴かんむり／缶」、U+7A91、193-8］
窑,※［＃「穴かんむり／缶」、U+7A91、211-上-16］
竆,※［＃「窮」の「弓」に代えて「呂」、U+7AC6、260-4］
竛,※［＃「立＋令」、U+7ADB、61-10］
竛,※［＃「立＋令」、U+7ADB、61-9］
笟,※［＃「竹かんむり／瓜」、U+7B1F、1巻-23-下-6］
笟,※［＃「竹かんむり／瓜」、U+7B1F、216-11］
笟,※［＃「竹かんむり／瓜」、U+7B1F、303-13］
笟,※［＃「竹かんむり／瓜」、U+7B1F、81-12］
笟,※［＃「竹かんむり／瓜」、U+7B1F、82-15］
笰,※［＃「竹かんむり／弗」、U+7B30、76-8］
笴,※［＃「竹かんむり／可」、U+7B34、38-6］
笴,※［＃「竹かんむり／可」、U+7B34、78-下-10］
笴,※［＃「竹かんむり／可」、U+7B34、78-下-12］
笴,※［＃「竹かんむり／可」、U+7B34、78-下-13］
笴,※［＃「竹かんむり／可」、U+7B34、79-上-13］
笴,※［＃「竹かんむり／可」、U+7B34、79-下-2］
箎,※［＃「たけかんむり／「虎」の「儿」に代えて「几」」、U+7B8E、7巻-279-上-2］
箠,※［＃「竹かんむり／垂」、U+7BA0、293-5］
箠,※［＃「竹かんむり／垂」、U+7BA0、376-1］
箬,※［＃「竹かんむり／若」、U+7BAC、71-16］
箬,※［＃「竹かんむり／若」、U+7BAC、72-12］
箬,※［＃「竹かんむり／若」、U+7BAC、72-15］
箬,※［＃「竹かんむり／若」、U+7BAC、72-17］
箹,※［＃「竹かんむり／約」、U+7BB9、104-15］
篐,※［＃「箍」の「てへん」に代えて「木」、U+7BD0、143-4］
篛,※［＃「竹かんむり／嫋のつくり」、U+7BDB、7巻-371-上-5］
篨,※［＃「竹かんむり／除」、U+7BE8、163-下-4］
篨,※［＃「竹かんむり／除」、U+7BE8、80-1］
簌,※［＃「竹かんむり／（嗽－口）」、U+7C0C、49-下-14］
簌,※［＃「竹かんむり／（嗽－口）」、U+7C0C、上巻-195-4］
簌,※［＃「竹かんむり／（嗽－口）」、U+7C0C、下巻-60-3］
籒,※［＃「竹かんむり／「擂」の「雨」に代えて「亞」から下の横棒を取り、縦棒二本は下までつなげたものをあてる」、「籀」の本字、U+7C52、8巻-91-上-7］
籒,※［＃「箝」の「甘」に代えて「澑のつくり」、U+7C52、192-1］
籒,※［＃「箝」の「甘」に代えて「澑のつくり」、U+7C52、192-2］
籕,※［＃「箱」の「目」に代えて「留」、U+7C55、267-15］
籜,※［＃「竹かんむり／擇」、U+7C5C、104-13］
籜,※［＃「竹かんむり／擇」、U+7C5C、106-1］
籜,※［＃「竹かんむり／擇」、U+7C5C、56-3］
籜,※［＃「竹かんむり／擇」、U+7C5C、56-6］
籧,※［＃「竹かんむり／遽」、U+7C67、163-下-4］
籧,※［＃「竹かんむり／遽」、U+7C67、80-1］
籪,※［＃「竹／斷」、U+7C6A、64-3］
籪,※［＃「竹／斷」、U+7C6A、64-6］
籲,※［＃「竹かんむり／（籥のあし＋頁）」、U+7C72、198-10］
粰,※［＃「米＋孚」、U+7CB0、108-13］
粰,※［＃「米＋孚」、U+7CB0、108-16］
粰,※［＃「米＋孚」、U+7CB0、109-10］
粰,※［＃「米＋孚」、U+7CB0、109-6］
粰,※［＃「米＋孚」、U+7CB0、109-9］
粰,※［＃「米＋孚」、U+7CB0、111-13］
粰,※［＃「米＋孚」、U+7CB0、112-11］
粰,※［＃「米＋孚」、U+7CB0、112-7］
粰,※［＃「米＋孚」、U+7CB0、114-14］
粰,※［＃「米＋孚」、U+7CB0、116-3］
粰,※［＃「米＋孚」、U+7CB0、116-5］
粰,※［＃「米＋孚」、U+7CB0、117-13］
粰,※［＃「米＋孚」、U+7CB0、117-2］
粰,※［＃「米＋孚」、U+7CB0、131-13］
粰,※［＃「米＋孚」、U+7CB0、131-14］
粰,※［＃「米＋孚」、U+7CB0、131-16］
粰,※［＃「米＋孚」、U+7CB0、132-13］
糓,※［＃「轂」の「車」に代えて「米」、U+7CD3、209-上-10］
糓,※［＃「轂」の「車」に代えて「米」、U+7CD3、934-14］
糓,※［＃「轂」の「車」に代えて「米」、U+7CD3、表紙］
絍,※［＃「糸＋任」、U+7D4D、580-2］
綁,※［＃「糸＋邦」、U+7D81、177-11］
綅,※［＃「糸＋駸のつくり」、U+7D85、72-7］
綘,※［＃「糸＋峰のつくり」、U+7D98、45-3］
綘,※［＃「糸＋峰のつくり」、U+7D98、66-6］
綞,※［＃「糸＋垂」、U+7D9E、449-18］
綞,※［＃「糸＋垂」、U+7D9E、45-5］
綞,※［＃「糸＋垂」、U+7D9E、450-1］
綞,※［＃「糸＋垂」、U+7D9E、450-2］
綞,※［＃「糸＋垂」、U+7D9E、528-3］
綞,※［＃「糸＋垂」、U+7D9E、6-9］
綳,※［＃「糸＋朋」、U+7DB3、57-1］
綳,※［＃「糸＋（萠－くさかんむり）」、U+7DB3、178-1］
綳,※［＃「糸＋（萠－くさかんむり）」、U+7DB3、181-17］
緉,※［＃「糸＋兩」、U+7DC9、23-7］
縯,※［＃「糸＋寅」、U+7E2F、202-8］
縶,※［＃「執／糸」、U+7E36、171-本文-4］
縶,※［＃「執／糸」、U+7E36、293-5］
縶,※［＃「執／糸」、U+7E36、353-17］
縶,※［＃「執／糸」、U+7E36、416-8］
繸,※［＃「燧」の「火」に代えて「糸」、U+7E78、24-18］
繸,※［＃「燧」の「火」に代えて「糸」、U+7E78、27-7］
罝,※［＃「罘」の「不」に代えて「且」、U+7F5D、89-11］
罝,※［＃「罘」の「不」に代えて「且」、U+7F5D、89-9］
罥,※［＃「罘」の「不」に代えて「絹のつくり」、U+7F65、179-2］
罳,※［＃「罘」の「不」に代えて「思」、U+7F73、62-13］
羓,※［＃「翔のへん＋巴」、U+7F93、177-14］
羡,※［＃「義」の「我」に代えて「咨－口」、U+7FA1、103-3］
羡,※［＃「義」の「我」に代えて「咨－口」、U+7FA1、129-6］
羡,※［＃「義」の「我」に代えて「咨－口」、U+7FA1、215-14］
羡,※［＃「義」の「我」に代えて「咨－口」、U+7FA1、216-3］
羡,※［＃「義」の「我」に代えて「咨－口」、U+7FA1、28-5］
羡,※［＃「義」の「我」に代えて「咨－口」、U+7FA1、301-13］
羡,※［＃「義」の「我」に代えて「咨－口」、U+7FA1、53-5］
羡,※［＃「義」の「我」に代えて「咨－口」、U+7FA1、6-1-14］
羡,※［＃「義」の「我」に代えて「咨－口」、U+7FA1、64-13］
羡,※［＃「義」の「我」に代えて「咨－口」、U+7FA1、76-11］
羡,※［＃「義」の「我」に代えて「咨－口」、U+7FA1、78-2］
羡,※［＃「義」の「我」に代えて「咨－口」、U+7FA1、87-6］
羵,※［＃「羚」の「令」に代えて「賁」、U+7FB5、16-5］
羵,※［＃「羚」の「令」に代えて「賁」、U+7FB5、17-9］
羵,※［＃「羚」の「令」に代えて「賁」、U+7FB5、18-6］
翀,※［＃「栩のつくり＋中」、U+7FC0、331-13］
翀,※［＃「栩のつくり＋中」、U+7FC0、331-15］
翀,※［＃「栩のつくり＋中」、U+7FC0、331-7］
翀,※［＃「栩のつくり＋中」、U+7FC0、332-15］
翀,※［＃「栩のつくり＋中」、U+7FC0、332-8］
翀,※［＃「栩のつくり＋中」、U+7FC0、432-2］
翑,※［＃「栩のつくり＋句」、U+7FD1、354-8］
耟,※［＃「耒＋秬のつくり」、U+801F、164-下-5］
耟,※［＃「耒＋秬のつくり」、U+801F、164-下-8］
耟,※［＃「耒＋秬のつくり」、U+801F、74-15］
胈,※［＃「月＋拔のつくり」、U+80C8、196-1］
胔,※［＃「此／肉」、U+80D4、181-10］
胔,※［＃「此／肉」、U+80D4、185-13］
胷,※［＃「匈／（胃－田）」、U+80F7、1006-中-18］
胷,※［＃「匈／（胃－田）」、U+80F7、1015-上-9］
胷,※［＃「匈／（胃－田）」、U+80F7、213-14］
胷,※［＃「匈／（胃－田）」、U+80F7、213-15］
胷,※［＃「匈／（胃－田）」、U+80F7、213-16］
胷,※［＃「匈／（胃－田）」、U+80F7、223-10］
胷,※［＃「匈／（胃－田）」、U+80F7、223-11］
胷,※［＃「匈／（胃－田）」、U+80F7、230-14］
胷,※［＃「匈／（胃－田）」、U+80F7、32-本文-2］
胷,※［＃「匈／（胃－田）」、U+80F7、32-本文-3］
胷,※［＃「匈／（胃－田）」、U+80F7、32-本文-4］
胷,※［＃「匈／（胃－田）」、U+80F7、33-5］
胷,※［＃「匈／（胃－田）」、U+80F7、34-本文-3］
胷,※［＃「匈／（胃－田）」、U+80F7、420-4-7］
胷,※［＃「匈／（胃－田）」、U+80F7、420-4-8］
胷,※［＃「匈／（胃－田）」、U+80F7、420-4-9］
胷,※［＃「匈／（胃－田）」、U+80F7、45-11］
胷,※［＃「匈／（胃－田）」、U+80F7、45-4］
胷,※［＃「匈／（胃－田）」、U+80F7、49-本文-6］
胷,※［＃「匈／（胃－田）」、U+80F7、922-上-15］
胷,※［＃「匈／（胃－田）」、U+80F7、927-中-15］
胷,※［＃「匈／（胃－田）」、U+80F7、928-下-18］
胷,※［＃「匈／（胃－田）」、U+80F7、930-上-5］
胷,※［＃「匈／（胃－田）」、U+80F7、936-中-8］
胷,※［＃「匈／（胃－田）」、U+80F7、944-下-25］
胷,※［＃「匈／（胃－田）」、U+80F7、945-上-22］
胷,※［＃「匈／（胃－田）」、U+80F7、946-下-14］
胷,※［＃「匈／（胃－田）」、U+80F7、997-上-1］
胾,※［＃「栽」の「木」に代えて「肉」、U+80FE、144-12］
脗,※［＃「月＋（勿／口）」、U+8117、7巻-256-上-11］
脗,※［＃「月＋（勿／口）」、U+8117、7巻-29-下-5］
脝,※［＃「月＋亨」、U+811D、465-11］
膌,※［＃「月＋脊」、U+818C、113-15］
膐,※［＃「膂」の「月」に代えて「肉」、U+8190、117-9］
膛,※［＃「月＋堂」、U+819B、177-11］
膧,※［＃「月＋童」、U+81A7、291-3］
膴,※［＃「月＋無」、U+81B4、346-2］
膴,※［＃「月＋無」、U+81B4、7巻-128-下-2］
臌,※［＃「月＋鼓」、U+81CC、292-1］
臌,※［＃「月＋鼓」、U+81CC、313-9］
臌,※［＃「月＋鼓」、U+81CC、338-1］
臝,※［＃「羸」の「羊」に代えて「果」、U+81DD、1085-6］
臝,※［＃「羸」の「羊」に代えて「果」、U+81DD、1097-1］
臝,※［＃「羸」の「羊」に代えて「果」、U+81DD、354-14］
臝,※［＃「羸」の「羊」に代えて「果」、U+81DD、ファイル末注記］
臰,※［＃「自／死」、U+81F0、175-5］
舀,※［＃「稻のつくり」、U+8200、212-11］
舁,※［＃「臼／廾」、U+8201、182-7］
舨,※［＃「舟＋反」、U+8228、100-4］
舨,※［＃「舟＋反」、U+8228、157-下-7］
舨,※［＃「舟＋反」、U+8228、55-14］
舨,※［＃「舟＋反」、U+8228、7-7］
艎,※［＃「舟＋皇」、U+824E、7巻-73-下-2］
芉,※［＃「くさかんむり／干」、U+8289、182-5］
芉,※［＃「くさかんむり／干」、U+8289、182-6］
芉,※［＃「くさかんむり／干」、U+8289、182-8］
芰,※［＃「くさかんむり／支」、U+82B0、36-13］
芰,※［＃「くさかんむり／支」、U+82B0、88-11］
苼,※［＃「くさかんむり／生」、U+82FC、19-17］
苼,※［＃「くさかんむり／生」、U+82FC、19-4］
苼,※［＃「くさかんむり／生」、U+82FC、272-8］
茞,※［＃「くさかんむり／臣」、U+831E、387-9］
茟,※［＃「くさかんむり／聿」、U+831F、116-7］
茟,※［＃「くさかんむり／聿」、U+831F、15-9］
茟,※［＃「くさかんむり／聿」、U+831F、23-12］
茟,※［＃「くさかんむり／聿」、U+831F、30-1］
荈,※［＃「くさかんむり／舛」、U+8348、32-9］
莄,※［＃「くさかんむり／哽のつくり」、U+8384、181-1］
莄,※［＃「くさかんむり／哽のつくり」、U+8384、298-6］
莄,※［＃「くさかんむり／哽のつくり」、U+8384、90-1］
莄,※［＃「くさかんむり／哽のつくり」、U+8384、95-5］
莭,※［＃「くさかんむり／即」、U+83AD、120-11］
莭,※［＃「くさかんむり／即」、U+83AD、120-12］
莭,※［＃「くさかんむり／即」、U+83AD、120-14］
莭,※［＃「くさかんむり／即」、U+83AD、120-15］
莭,※［＃「くさかんむり／即」、U+83AD、120-16］
莭,※［＃「くさかんむり／即」、U+83AD、27-上-5］
莭,※［＃「くさかんむり／即」、U+83AD、28-14］
莭,※［＃「くさかんむり／即」、U+83AD、29-10］
莭,※［＃「くさかんむり／即」、U+83AD、40-14］
莭,※［＃「くさかんむり／即」、U+83AD、45-6］
莭,※［＃「くさかんむり／即」、U+83AD、55-2］
莭,※［＃「くさかんむり／即」、U+83AD、57-14］
莭,※［＃「くさかんむり／即」、U+83AD、57-17］
莭,※［＃「くさかんむり／即」、U+83AD、59-2］
莭,※［＃「くさかんむり／即」、U+83AD、60-1］
莭,※［＃「くさかんむり／即」、U+83AD、73-15］
莭,※［＃「くさかんむり／即」、U+83AD、75-13］
莭,※［＃「くさかんむり／即」、U+83AD、87-3］
莾,※［＃「くさかんむり／奔」、U+83BE、108-下-16］
莾,※［＃「くさかんむり／奔」、U+83BE、276-14］
莾,※［＃「くさかんむり／奔」、U+83BE、303-下-9］
莾,※［＃「くさかんむり／奔」、U+83BE、356-4］
莾,※［＃「くさかんむり／奔」、U+83BE、363-12］
莾,※［＃「くさかんむり／奔」、U+83BE、390-3］
莾,※［＃「くさかんむり／奔」、U+83BE、45-10］
莾,※［＃「くさかんむり／奔」、U+83BE、470-14］
菵,※［＃「くさかんむり／罔」、U+83F5、146-2］
葅,※［＃「くさかんむり／俎」、U+8445、158-17］
葅,※［＃「くさかんむり／俎」、U+8445、158-7］
葅,※［＃「くさかんむり／俎」、U+8445、179-9］
葅,※［＃「くさかんむり／俎」、U+8445、7巻-77-下-2］
葇,※［＃「くさかんむり／柔」、U+8447、193-11］
葇,※［＃「くさかんむり／柔」、U+8447、193-12］
葇,※［＃「くさかんむり／柔」、U+8447、193-14］
葇,※［＃「くさかんむり／柔」、U+8447、193-15］
葇,※［＃「くさかんむり／柔」、U+8447、193-1］
葇,※［＃「くさかんむり／柔」、U+8447、193-2］
葇,※［＃「くさかんむり／柔」、U+8447、193-7］
葇,※［＃「くさかんむり／柔」、U+8447、194-9］
葇,※［＃「くさかんむり／柔」、U+8447、52-7］
葇,※［＃「くさかんむり／柔」、U+8447、7巻-209-上-14］
葌,※［＃「くさかんむり／姦」、U+844C、7巻-103-下-12］
葌,※［＃「くさかんむり／姦」、U+844C、7巻-105-下-13］
葌,※［＃「くさかんむり／姦」、U+844C、7巻-109-下-10］
葌,※［＃「くさかんむり／姦」、U+844C、7巻-113-上-2］
葌,※［＃「くさかんむり／姦」、U+844C、7巻-124-上-3］
葌,※［＃「くさかんむり／姦」、U+844C、7巻-125-下-15］
葌,※［＃「くさかんむり／姦」、U+844C、7巻-127-上-13］
葌,※［＃「くさかんむり／姦」、U+844C、7巻-142-下-4］
葌,※［＃「くさかんむり／姦」、U+844C、7巻-188-下-9］
葌,※［＃「くさかんむり／姦」、U+844C、7巻-234-上-7］
葌,※［＃「くさかんむり／姦」、U+844C、7巻-249-下-7］
葌,※［＃「くさかんむり／姦」、U+844C、7巻-299-上-15］
葌,※［＃「くさかんむり／姦」、U+844C、7巻-309-下-9］
葌,※［＃「くさかんむり／姦」、U+844C、7巻-321-上-5］
葌,※［＃「くさかんむり／姦」、U+844C、7巻-324-上-13］
葌,※［＃「くさかんむり／姦」、U+844C、7巻-324-下-14］
葌,※［＃「くさかんむり／姦」、U+844C、7巻-326-上-12］
葌,※［＃「くさかんむり／姦」、U+844C、7巻-330-下-7］
葌,※［＃「くさかんむり／姦」、U+844C、7巻-332-上-8］
葌,※［＃「くさかんむり／姦」、U+844C、7巻-337-下-5］
葌,※［＃「くさかんむり／姦」、U+844C、7巻-341-下-9］
葌,※［＃「くさかんむり／姦」、U+844C、7巻-343-下-1］
葌,※［＃「くさかんむり／姦」、U+844C、7巻-347-上-4］
葌,※［＃「くさかんむり／姦」、U+844C、7巻-350-上-2］
葌,※［＃「くさかんむり／姦」、U+844C、7巻-356-下-4］
葌,※［＃「くさかんむり／姦」、U+844C、7巻-374-下-1］
葌,※［＃「くさかんむり／姦」、U+844C、7巻-377-上-15］
葌,※［＃「くさかんむり／姦」、U+844C、7巻-377-上-9］
葌,※［＃「くさかんむり／姦」、U+844C、7巻-40-下-15］
葌,※［＃「くさかんむり／姦」、U+844C、7巻-41-上-8］
葌,※［＃「くさかんむり／姦」、U+844C、7巻-41-下-4］
葌,※［＃「くさかんむり／姦」、U+844C、7巻-42-上-12］
葌,※［＃「くさかんむり／姦」、U+844C、7巻-42-上-13］
葌,※［＃「くさかんむり／姦」、U+844C、7巻-42-上-16］
葌,※［＃「くさかんむり／姦」、U+844C、7巻-42-下-10］
葌,※［＃「くさかんむり／姦」、U+844C、7巻-42-下-1］
葌,※［＃「くさかんむり／姦」、U+844C、7巻-42-下-3］
葌,※［＃「くさかんむり／姦」、U+844C、7巻-42-下-4］
葌,※［＃「くさかんむり／姦」、U+844C、7巻-42-下-5］
葌,※［＃「くさかんむり／姦」、U+844C、7巻-42-下-6］
葌,※［＃「くさかんむり／姦」、U+844C、7巻-42-下-7］
葌,※［＃「くさかんむり／姦」、U+844C、7巻-42-下-8］
葌,※［＃「くさかんむり／姦」、U+844C、7巻-42-下-9］
葌,※［＃「くさかんむり／姦」、U+844C、7巻-43-上-14］
葌,※［＃「くさかんむり／姦」、U+844C、7巻-43-上-8］
葌,※［＃「くさかんむり／姦」、U+844C、7巻-46-下-1］
葌,※［＃「くさかんむり／姦」、U+844C、7巻-49-上-8］
葌,※［＃「くさかんむり／姦」、U+844C、7巻-56-下-13］
葌,※［＃「くさかんむり／姦」、U+844C、7巻-58-下-2］
葌,※［＃「くさかんむり／姦」、U+844C、7巻-81-下-9］
葌,※［＃「くさかんむり／姦」、U+844C、7巻-85-上-6］
葌,※［＃「くさかんむり／姦」、U+844C、8巻-159-上-3］
葌,※［＃「くさかんむり／姦」、U+844C、8巻-318-上-9］
葖,※［＃「くさかんむり／突」の「大」に代えて「犬」、U+8456、191-15］
葖,※［＃「くさかんむり／突」の「大」に代えて「犬」、U+8456、191-16］
葖,※［＃「くさかんむり／突」の「大」に代えて「犬」、U+8456、192-13］
葖,※［＃「くさかんむり／突」の「大」に代えて「犬」、U+8456、192-16］
葖,※［＃「くさかんむり／突」の「大」に代えて「犬」、U+8456、192-1］
葖,※［＃「くさかんむり／突」の「大」に代えて「犬」、U+8456、192-3］
葖,※［＃「くさかんむり／突」の「大」に代えて「犬」、U+8456、85-5］
蒓,※［＃「くさかんむり／純」、U+8493、7巻-114-下-10］
蒓,※［＃「くさかんむり／純」、U+8493、7巻-193-上-13］
蒓,※［＃「くさかんむり／純」、U+8493、7巻-193-上-16］
蒓,※［＃「くさかんむり／純」、U+8493、7巻-363-上-13］
蒚,※［＃「くさかんむり／鬲」、U+849A、74-8］
蒨,※［＃「くさかんむり／倩」、U+84A8、、7巻-362-上-10］
蒨,※［＃「くさかんむり／倩」、U+84A8、、7巻-362-上-9］
蒪,※［＃「くさかんむり／溥のつくり」、U+84AA、132-本文-8］
蒪,※［＃「くさかんむり／溥のつくり」、U+84AA、59-本文-4］
蒽,※［＃「くさかんむり／恩」、U+84BD、483-3］
蒽,※［＃「くさかんむり／恩」、U+84BD、488-5］
蓇,※［＃「くさかんむり／骨」、U+84C7、191-15］
蓇,※［＃「くさかんむり／骨」、U+84C7、191-16］
蓇,※［＃「くさかんむり／骨」、U+84C7、192-12］
蓇,※［＃「くさかんむり／骨」、U+84C7、192-16］
蓇,※［＃「くさかんむり／骨」、U+84C7、192-1］
蓇,※［＃「くさかんむり／骨」、U+84C7、192-3］
蓇,※［＃「くさかんむり／骨」、U+84C7、85-5］
蓻,※［＃「くさかんむり／執」、U+84FB、35-3］
蔊,※［＃「くさかんむり／（火＋旱）」、U+850A、195-5］
蔎,※［＃「くさかんむり／設」、U+850E、32-9］
蕖,※［＃「くさかんむり／渠」、U+8556、2-11］
蕖,※［＃「くさかんむり／渠」、U+8556、5-2］
蕖,※［＃「くさかんむり／渠」、U+8556、7巻-90-下-14］
蕝,※［＃「くさかんむり／絶」、U+855D、192-9］
蕳,※［＃「くさかんむり／間」、U+8573、7巻-42-上-11］
蕳,※［＃「くさかんむり／間」、U+8573、7巻-42-上-12］
蕳,※［＃「くさかんむり／間」、U+8573、7巻-42-上-15］
蕳,※［＃「くさかんむり／間」、U+8573、7巻-42-上-16］
蕳,※［＃「くさかんむり／間」、U+8573、7巻-42-下-10］
蕳,※［＃「くさかんむり／間」、U+8573、7巻-42-下-3］
蕳,※［＃「くさかんむり／間」、U+8573、7巻-42-下-4］
蕳,※［＃「くさかんむり／間」、U+8573、7巻-42-下-5］
蕳,※［＃「くさかんむり／間」、U+8573、7巻-42-下-6］
蕳,※［＃「くさかんむり／間」、U+8573、7巻-42-下-8］
薑,※［＃「くさかんむり／橿のつくり」、U+8591、136-8］
薾,※［＃「くさかんむり／爾」、U+85BE、208-7］
薾,※［＃「くさかんむり／爾」、U+85BE、7巻-153-下-15］
藧,※［＃「くさかんむり／（糸＋爰）」、U+85E7、241-12］
藧,※［＃「くさかんむり／（糸＋爰）」、U+85E7、241-3］
藧,※［＃「くさかんむり／（糸＋爰）」、U+85E7、241-4］
藳,※［＃「くさかんむり／稾」、U+85F3、139-3］
蘄,※［＃「（くさかんむり／單）＋斤」、U+8604、61-9］
蘝,※［＃「くさかんむり／歛」、U+861D、342-2］
蘝,※［＃「くさかんむり／歛」、U+861D、371-4］
虒,※［＃「褫のつくり」、U+8652、12-16］
蚖,※［＃「虫＋元」、U+8696、16-3］
蚖,※［＃「虫＋元」、U+8696、224-5］
蚢,※［＃「虫＋亢」、U+86A2、279-10］
蚢,※［＃「虫＋亢」、U+86A2、378-11］
蚦,※［＃「虫＋（冂＜はみ出た横棒二本）」、U+86A6、235-8］
蚦,※［＃「虫＋（冂＜はみ出た横棒二本）」、U+86A6、236-7］
蚦,※［＃「虫＋（冂＜はみ出た横棒二本）」、U+86A6、237-9］
蚦,※［＃「虫＋（冂＜はみ出た横棒二本）」、U+86A6、241-7］
蚦,※［＃「虫＋（冂＜はみ出た横棒二本）」、U+86A6、243-7］
蚺,※［＃「虫＋冉」、U+86BA、183-7］
蚺,※［＃「虫＋冉」、U+86BA、224-6］
蚺,※［＃「虫＋冉」、U+86BA、225-11］
蚺,※［＃「虫＋冉」、U+86BA、225-13］
蚺,※［＃「虫＋冉」、U+86BA、226-14］
蚺,※［＃「虫＋冉」、U+86BA、226-15］
蚺,※［＃「虫＋冉」、U+86BA、226-16］
蚺,※［＃「虫＋冉」、U+86BA、227-11］
蚺,※［＃「虫＋冉」、U+86BA、227-12］
蚺,※［＃「虫＋冉」、U+86BA、227-13］
蚺,※［＃「虫＋冉」、U+86BA、227-3］
蚺,※［＃「虫＋冉」、U+86BA、227-8］
蚺,※［＃「虫＋冉」、U+86BA、228-1］
蚺,※［＃「虫＋冉」、U+86BA、228-2］
蚺,※［＃「虫＋冉」、U+86BA、228-5］
蚺,※［＃「虫＋冉」、U+86BA、229-2］
蚺,※［＃「虫＋冉」、U+86BA、305-15］
蚿,※［＃「虫＋玄」、U+86BF、124-12］
蛀,※［＃「虫＋主」、U+86C0、107-3］
蛅,※［＃「虫＋占」、U+86C5、18-5］
蛘,※［＃「虫＋羊」、U+86D8、181-10］
蛘,※［＃「虫＋羊」、U+86D8、50-下-4］
蛢,※［＃「虫＋餠のつくり」、U+86E2、113-1］
蛪,※［＃「契」の「大」に代えて「虫」、U+86EA、104-6］
蜛,※［＃「虫＋居」、U+871B、262-7］
蜢,※［＃「虫＋孟」、U+8722、462-12］
蜬,※［＃「虫＋函」、U+872C、253-12］
蜹,※［＃「虫＋（くさかんむり／吶のつくり）」、U+8739、135-1］
蜼,※［＃「虫＋隹」、U+873C、31-15］
蜼,※［＃「虫＋隹」、U+873C、31-7］
蝄,※［＃「虫＋罔」、U+8744、168-5］
蝄,※［＃「虫＋罔」、U+8744、222-12］
蝓,※［＃「虫＋兪」、U+8753、312-7］
蝯,※［＃「虫＋爰」、U+876F、28-13］
蝹,※［＃「虫＋媼のつくり」、U+8779、18-10］
螅,※［＃「虫＋息」、U+8785、308-14］
螅,※［＃「虫＋息」、U+8785、607-14］
螘,※［＃「虫＋豈」、U+8798、171-7］
螙,※［＃「木／（虫＋虫）」、U+8799、7巻-352-下-5］
螞,※［＃「虫＋馬」、U+879E、72-下-14］
螣,※［＃「縢」の「糸」に代えて「虫」、U+87A3、274-11］
螣,※［＃「縢」の「糸」に代えて「虫」、U+87A3、275-9］
螮,※［＃「虫＋帶」、U+87AE、113-15］
螿,※［＃「將／虫」、U+87BF、112-13］
蟈,※［＃「虫＋國」、U+87C8、8-1］
蟜,※［＃「虫＋喬」、U+87DC、393-15］
蟜,※［＃「虫＋喬」、U+87DC、500-9］
蟼,※［＃「敬／虫」、U+87FC、185-1］
蠈,※［＃「賊／虫」、U+8808、185-1］
蠙,※［＃「虫＋嬪のつくり」、U+8819、8巻-263-下-6］
衅,※［＃「衄のへん＋絆のつくり」、U+8845、62-12］
衅,※［＃「衄のへん＋絆のつくり」、U+8845、70-5］
衎,※［＃「衙」の「吾」に代えて「干」、U+884E、223-17］
衎,※［＃「衙」の「吾」に代えて「干」、U+884E、225-図のキャプション］
衖,※［＃「衙」の「吾」に代えて「共」、U+8856、163-9］
衖,※［＃「衙」の「吾」に代えて「共」、U+8856、246-12］
衜,※［＃「衙」の「吾」に代えて「首」、U+885C、450-14］
衜,※［＃「衙」の「吾」に代えて「首」、U+885C、450-2］
衜,※［＃「衙」の「吾」に代えて「首」、U+885C、450-4］
衠,※［＃「衙」の「吾」に代えて「眞」、U+8860、77-9］
衮,※［＃「袞」の「口」に代えて「厶」、U+886E、、59-14］
衮,※［＃「袞」の「口」に代えて「厶」、U+886E、、59-15］
衮,※［＃「袞」の「口」に代えて「厶」、U+886E、、60-1］
衮,※［＃「褒」の「保」に代えて「蚣のつくり」、U+886E、44-1］
袺,※［＃「ころもへん＋吉」、U+88BA、175-上-21］
裩,※［＃「ころもへん＋昆」、U+88E9、263-7］
褭,※［＃「褒」の「保」に代えて「馬」、U+892D、7巻-71-下-10］
襏,※［＃「ころもへん＋發」、U+894F、224-4］
襜,※［＃「ころもへん＋譫のつくり」、U+895C、33-16］
襜,※［＃「ころもへん＋譫のつくり」、U+895C、89-9］
襫,※［＃「ころもへん＋夾」の二つの「人」に代えて「百」、U+896B、224-4］
襻,※［＃「ころもへん＋攀」、U+897B、11-10］
襻,※［＃「ころもへん＋攀」、U+897B、113-12］
襻,※［＃「ころもへん＋攀」、U+897B、164-上-9］
襻,※［＃「ころもへん＋攀」、U+897B］
襽,※［＃「ころもへん＋（くさかんむり／闌）」、U+897D、29-2］
訿,※［＃「言＋此」、U+8A3F、19-7］
訿,※［＃「言＋此」、U+8A3F、5-5］
詖,※［＃「言＋皮」、U+8A56、361-10］
詖,※［＃「言＋皮」、U+8A56、383-8］
詖,※［＃「言＋皮」、U+8A56、88-4］
詖,※［＃「言＋皮」、U+8A56、89-1］
詿,※［＃「言＋圭」、U+8A7F、151-16］
詿,※［＃「言＋圭」、U+8A7F、295-5］
誶,※［＃「言＋卒」、U+8AB6、50-5］
譍,※［＃「應」の「心」に代えて「言」、U+8B4D、8巻-37-下-7］
譾,※［＃「言＋翦」、U+8B7E、39-5］
讟,※［＃「讀＋言」、U+8B9F、348-2］
豦,※［＃「據のつくり」、U+8C66、32-15］
豰,※［＃「轂」の「車」に代えて「豬のへん」、U+8C70、282-3］
豻,※［＃「豸＋干」、U+8C7B、57-4］
豻,※［＃「豸＋干」、U+8C7B、57-7］
豻,※［＃「豸＋干」、U+8C7B、57-8］
豻,※［＃「豸＋干」、U+8C7B、57-9］
豻,※［＃「豸＋干」、U+8C7B、58-3］
豻,※［＃「豸＋干」、U+8C7B、58-4］
貐,※［＃「豸＋兪」、U+8C90、41-1］
貺,※［＃「貝＋兄」、U+8CBA、208-3］
貺,※［＃「貝＋兄」、U+8CBA、87-13］
賉,※［＃「貝＋血」、U+8CC9、15-3］
賒,※［＃「貝＋（人がしら／示）」、U+8CD2、151-2］
賒,※［＃「貝＋（人がしら／示）」、U+8CD2、194-15］
賒,※［＃「貝＋（人がしら／示）」、U+8CD2、7巻-284-上-15］
賒,※［＃「貝＋（人がしら／示）」、U+8CD2、7巻-348-上-15］
賒,※［＃「貝＋（人がしら／示）」、U+8CD2、8巻-118-上-5］
賵,※［＃「貝＋瑁のつくり」、U+8CF5、8巻-125-上-2］
賷,※［＃「喪」の「畏－田」に代えて「冖／貝」、U+8CF7、16-本文-7］
贜,※［＃「貝＋藏」、U+8D1C、126-上-13］
贜,※［＃「貝＋藏」、U+8D1C、150-14］
贜,※［＃「貝＋藏」、U+8D1C、231-6］
贜,※［＃「貝＋藏」、U+8D1C、232-2］
贜,※［＃「貝＋藏」、U+8D1C、38-6］
贜,※［＃「貝＋藏」、U+8D1C、398-下-14］
贜,※［＃「貝＋藏」、U+8D1C、415-上-15］
贜,※［＃「貝＋藏」、U+8D1C、42-下-15］
赩,※［＃「赤＋色」、U+8D69、109-15］
赩,※［＃「赤＋色」、U+8D69、124-3］
赩,※［＃「赤＋色」、U+8D69、248-3］
赩,※［＃「赤＋色」、U+8D69、254-13］
赫,※［＃「赤＋赤」、U+8D6B、270-14］
赮,※［＃「赤＋（暇－日）」、U+8D6E、202-18］
趍,※［＃「走にょう＋多」、U+8D8D、218-上-30］
趍,※［＃「走にょう＋多」、U+8D8D、317-11］
趫,※［＃「走にょう＋喬」、U+8DAB、507-9］
跰,※［＃「足へん＋并」、U+8DF0、54-8］
踄,※［＃「足へん＋歩」、U+8E04、528-2］
踋,※［＃「足へん＋却」、U+8E0B、151-7］
踋,※［＃「足へん＋却」、U+8E0B、151-9］
踑,※［＃「足へん＋其」、U+8E11、162-8］
踦,※［＃「足へん＋奇」、U+8E26、354-8］
蹀,※［＃「足へん＋喋のつくり」、U+8E40、305-1］
蹚,※［＃「足へん＋堂」、U+8E5A、144-5］
蹡,※［＃「足へん＋將」、U+8E61、51-7］
蹩,※［＃「敝／足」、U+8E69、103-4］
蹷,※［＃「厥／足」、U+8E77、293-上-19］
蹺,※［＃「足へん＋堯」、U+8E7A、152-下-8］
蹺,※［＃「足へん＋堯」、U+8E7A、319-上-12］
蹺,※［＃「足へん＋堯」、U+8E7A、319-下-16］
蹺,※［＃「足へん＋堯」、U+8E7A、319-下-17］
躒,※［＃「足へん＋樂」、U+8E92、266-上-15］
躚,※［＃「足へん＋遷」、U+8E9A、155-3］
躚,※［＃「足へん＋遷」、U+8E9A、46-6］
躚,※［＃「足へん＋韆のつくり」の「価のつくり」に代えて「襾」、U+8E9A、415-18］
躝,※［＃「足へん＋闌」、U+8E9D、117-下-15］
躝,※［＃「足へん＋闌」、U+8E9D、118-下-5］
躝,※［＃「足へん＋闌」、U+8E9D、135-下-9］
躝,※［＃「足へん＋闌」、U+8E9D、156-13］
躝,※［＃「足へん＋闌」、U+8E9D、249-上-3］
躝,※［＃「足へん＋闌」、U+8E9D、249-中-13］
軃,※［＃「身＋單」、U+8EC3、56-1］
軏,※［＃「車＋兀」、U+8ECF、241-上-5］
軏,※［＃「車＋兀」、U+8ECF、51-上-12］
軏,※［＃「車＋兀」、U+8ECF、51-上-13］
軏,※［＃「車＋兀」、U+8ECF、53-下-2］
輧,※［＃「車＋餠のつくり」、U+8F27、164-1］
輬,※［＃「車＋京」、U+8F2C、384-1］
輴,※［＃「車＋盾」、U+8F34、192-11］
輴,※［＃「車＋盾」、U+8F34、192-12］
輴,※［＃「車＋盾」、U+8F34、192-14］
輴,※［＃「車＋盾」、U+8F34、192-6］
輴,※［＃「車＋盾」、U+8F34、192-7］
輴,※［＃「車＋盾」、U+8F34、192-8］
輴,※［＃「車＋盾」、U+8F34、192-9］
輴,※［＃「車＋盾」、U+8F34、193-11］
輴,※［＃「車＋盾」、U+8F34、193-12］
輴,※［＃「車＋盾」、U+8F34、193-14］
輴,※［＃「車＋盾」、U+8F34、193-4］
輴,※［＃「車＋盾」、U+8F34、193-8］
輴,※［＃「車＋盾」、U+8F34、196-2］
輴,※［＃「車＋盾」、U+8F34、196-4］
輴,※［＃「車＋盾」、U+8F34、196-5］
輴,※［＃「車＋盾」、U+8F34、196-6］
輴,※［＃「車＋盾」、U+8F34、196-9］
輴,※［＃「車＋盾」、U+8F34、197-11］
輴,※［＃「車＋盾」、U+8F34、197-14］
輴,※［＃「車＋盾」、U+8F34、197-2］
輴,※［＃「車＋盾」、U+8F34、197-3］
輴,※［＃「車＋盾」、U+8F34、197-4］
輴,※［＃「車＋盾」、U+8F34、198-11］
輴,※［＃「車＋盾」、U+8F34、198-6］
輴,※［＃「車＋盾」、U+8F34、198-7］
輴,※［＃「車＋盾」、U+8F34］
轒,※［＃「車＋賁」、U+8F52、186-14］
轝,※［＃「譽」の「言」に代えて「車」、U+8F5D、7巻-257-上-6］
遬,※［＃「二点しんにょう＋（嗽－口）」、U+906C、379-2］
遬,※［＃「二点しんにょう＋（嗽－口）」、U+906C、379-6］
邠,※［＃「扮のつくり＋おおざと」、U+90A0、274-3］
邠,※［＃「扮のつくり＋おおざと」、U+90A0、7巻-301-上-7］
邲,※［＃「必＋おおざと」、U+90B2、331-13］
邲,※［＃「必＋おおざと」、U+90B2、332-8］
邴,※［＃「炳のつくり＋おおざと」、U+90B4、153-3］
邴,※［＃「炳のつくり＋おおざと」、U+90B4、153-6］
邽,※［＃「卦のへん＋おおざと」、U+90BD、243-15］
邽,※［＃「卦のへん＋おおざと」、U+90BD、246-4］
邽,※［＃「卦のへん＋おおざと」、U+90BD、250-10］
邽,※［＃「卦のへん＋おおざと」、U+90BD、250-18］
邽,※［＃「卦のへん＋おおざと」、U+90BD、255-14］
邽,※［＃「卦のへん＋おおざと」、U+90BD、267-14］
邽,※［＃「卦のへん＋おおざと」、U+90BD、36-15］
邽,※［＃「卦のへん＋おおざと」、U+90BD、36-17］
邽,※［＃「卦のへん＋おおざと」、U+90BD、37-8］
邽,※［＃「卦のへん＋おおざと」、U+90BD、43-12］
邽,※［＃「卦のへん＋おおざと」、U+90BD、44-17］
邽,※［＃「卦のへん＋おおざと」、U+90BD、45-3］
鄠,※［＃「樗のつくり＋おおざと」、U+9120、166-15］
鄠,※［＃「樗のつくり＋おおざと」、U+9120、22-7］
鄠,※［＃「樗のつくり＋おおざと」、U+9120、60-16］
鄤,※［＃「曼＋おおざと」、U+9124、183-12］
鄤,※［＃「曼＋おおざと」、U+9124、183-13］
鄤,※［＃「曼＋おおざと」、U+9124、183-14］
鄤,※［＃「曼＋おおざと」、U+9124、183-4］
鄤,※［＃「曼＋おおざと」、U+9124、183-6］
鄤,※［＃「曼＋おおざと」、U+9124、184-1］
鄮,※［＃「（卯／貝）＋おおざと」、U+912E、131-10］
酺,※［＃「酉＋甫」、U+917A、72-6］
醁,※［＃「酉＋碌のつくり」、U+9181、195-9］
醑,※［＃「酉＋胥」、U+9191、73-上-16］
醲,※［＃「酉＋農」、U+91B2、7巻-147-上-10］
釞,※［＃「金＋入」、U+91DE、184-下-12］
釯,※［＃「金＋氓のへん」、U+91EF、436-2］
鈆,※［＃「金＋蚣のつくり」、U+9206、243-12］
鈆,※［＃「金＋蚣のつくり」、U+9206、8巻-257-上-13］
鈚,※［＃「金＋比」、U+921A、162-7］
鈚,※［＃「金＋比」、U+921A、163-10］
鈚,※［＃「金＋比」、U+921A、164-12］
鈚,※［＃「金＋比」、U+921A、165-1］
鈚,※［＃「金＋比」、U+921A、165-2］
鈚,※［＃「金＋比」、U+921A、165-8］
鈚,※［＃「金＋比」、U+921A、166-13］
鈢,※［＃「金＋木」、U+9222、377-2］
鈢,※［＃「金＋木」、U+9222、377-4］
鈦,※［＃「金＋太」、U+9226、135-8］
鈦,※［＃「金＋太」、U+9226、135-9］
鈦,※［＃「金＋太」、U+9226、185-13］
鉷,※［＃「金＋共」、U+9277、427-5］
鉷,※［＃「金＋共」、U+9277、433-16］
銼,※［＃「金＋坐」、U+92BC、617-12］
鋈,※［＃「沃／金」、U+92C8、76-7］
鋮,※［＃「金＋成」、U+92EE、108-2］
鋮,※［＃「金＋成」、U+92EE、170-7］
錤,※［＃「金＋其」、U+9324、114-上-22］
鍎,※［＃「金＋盾」、U+934E、13-上-9］
鍎,※［＃「金＋盾」、U+934E、13-下-3］
鍎,※［＃「金＋盾」、U+934E、225-下-17］
鎩,※［＃「金＋殺」、U+93A9、140-14］
鎩,※［＃「金＋殺」、U+93A9、144-14］
鏸,※［＃「金＋惠」、U+93F8、258-上-17］
鏸,※［＃「金＋惠」、U+93F8、271-上-13］
鐁,※［＃「金＋斯」、U+9401、101-14］
鐎,※［＃「金＋焦」、U+940E、160-8］
鑕,※［＃「金＋質」、U+9455、233-10］
鑕,※［＃「金＋質」、U+9455、40-16］
閒,※［＃「燗のつくり」、U+9592、177-11］
閒,※［＃「燗のつくり」、U+9592］
閡,※［＃「門＜亥」、U+95A1、19-上-9］
闉,※［＃「門＜煙のつくり」、U+95C9、334-1］
闤,※［＃「門＜環のつくり」、U+95E4、7巻-61-下-16］
阱,※［＃「こざとへん＋井」、U+9631、121-7］
阱,※［＃「こざとへん＋井」、U+9631、131-10］
阱,※［＃「こざとへん＋井」、U+9631、133-8］
阱,※［＃「こざとへん＋井」、U+9631、402-1］
陔,※［＃「こざとへん＋亥」、U+9654、208-2］
陔,※［＃「こざとへん＋亥」、U+9654、31-8］
陔,※［＃「こざとへん＋亥」、U+9654、333-4］
陔,※［＃「こざとへん＋亥」、U+9654、343-5］
陔,※［＃「こざとへん＋亥」、U+9654、361-5］
隖,※［＃「こざとへん＋烏」、U+9696、8巻-246-上-3］
雊,※［＃「句＋隹」、U+96CA、187-5］
雊,※［＃「句＋隹」、U+96CA、188-6］
雱,※［＃「雨かんむり／方」、U+96F1、149-下-3］
霂,※［＃「雨かんむり／沐」、U+9702、52-4］
霉,※［＃「雨かんむり／誨のつくり」、U+9709、104-17］
霉,※［＃「雨かんむり／誨のつくり」、U+9709、108-4］
霉,※［＃「雨かんむり／誨のつくり」、U+9709、150-10］
霉,※［＃「雨かんむり／誨のつくり」、U+9709、226-13］
霉,※［＃「雨かんむり／誨のつくり」、U+9709、258-1］
霉,※［＃「雨かんむり／誨のつくり」、U+9709、311-11］
霉,※［＃「雨かんむり／誨のつくり」、U+9709、409-6］
霉,※［＃「雨かんむり／誨のつくり」、U+9709、491-14］
霉,※［＃「雨かんむり／誨のつくり」、U+9709、492-11］
霉,※［＃「雨かんむり／誨のつくり」、U+9709、543-7］
霉,※［＃「雨かんむり／誨のつくり」、U+9709、578-13］
霉,※［＃「雨かんむり／誨のつくり」、U+9709、71-14］
霡,※［＃「雨かんむり／脉」、U+9721、52-4］
霿,※［＃「雨かんむり／（「鶩」の「鳥」に代えて「目」）」、U+973F、34-1］
霿,※［＃「雨かんむり／（「鶩」の「鳥」に代えて「目」）」、U+973F、34-2］
霿,※［＃「雨かんむり／（「鶩」の「鳥」に代えて「目」）」、U+973F、34-5］
霿,※［＃「雨かんむり／（「鶩」の「鳥」に代えて「目」）」、U+973F、34-7］
靬,※［＃「革＋干」、U+976C、49-11］
靬,※［＃「革＋干」、U+976C、49-12］
靶,※［＃「革＋巴」、U+9776、344-11］
靶,※［＃「革＋巴」、U+9776、344-9］
靶,※［＃「革＋巴」、U+9776、394-6］
靷,※［＃「革＋引」、U+9777、76-7］
鞃,※［＃「革＋弘」、U+9783、76-8］
鞌,※［＃「安／革」、U+978C、333-6］
鞶,※［＃「般／革」、U+97B6、374-5］
鞸,※［＃「革＋畢」、U+97B8、50-5］
鞹,※［＃「革＋郭」、U+97B9、76-8］
韂,※［＃「檐」の「木」に代えて「革」、U+97C2、184-13］
韂,※［＃「檐」の「木」に代えて「革」、U+97C2、184-8］
頮,※［＃「（水／廾）＋頁」、U+982E、339-1］
頯,※［＃「搖のつくり＋頁」の「缶」に代えて「廾」、U+982F、104-6］
頵,※［＃「君＋頁」、U+9835、141-1］
頵,※［＃「君＋頁」、U+9835、147-11］
颬,※［＃「風にょう＋牙」、U+98AC、523-8］
飀,※［＃「風にょう＋留」、U+98C0、75-下-16］
餕,※［＃「飮のへん＋俊のつくり」、U+9915、M.10.9.26.5.4.3］
餕,※［＃「飮のへん＋俊のつくり」、U+9915、M.10.9.26.6.1.3］
餧,※［＃「飮のへん＋委」、U+9927、201-7］
馵,※［＃「馬／廾」、U+99B5、354-8］
駏,※［＃「馬＋巨」、U+99CF、135-5］
駏,※［＃「馬＋巨」、U+99CF、136-4］
駏,※［＃「馬＋巨」、U+99CF、424-15］
駏,※［＃「馬＋巨」、U+99CF、97-3］
駚,※［＃「馬＋央」、U+99DA、下巻-160-15］
駚,※［＃「馬＋央」、U+99DA、下巻-178-3］
騧,※［＃「馬＋咼」、U+9A27、433-下-2］
驁,※［＃「敖／馬」、U+9A41、129-4］
驁,※［＃「敖／馬」、U+9A41、268-4］
驁,※［＃「敖／馬」、U+9A41、297-4］
驁,※［＃「敖／馬」、U+9A41、53-6］
驆,※［＃「馬＋畢」、U+9A46、142-7］
驆,※［＃「馬＋畢」、U+9A46、198-下段-5］
驆,※［＃「馬＋畢」、U+9A46、65-5］
驉,※［＃「馬＋墟のつくり」、U+9A49、424-15］
驉,※［＃「馬＋墟のつくり」、U+9A49、97-3］
驑,※［＃「馬＋澑のつくり」、U+9A51、358-5］
髗,※［＃「骨＋盧」、U+9AD7、109-8］
髺,※［＃「髟／舌」、U+9AFA、204-12］
髺,※［＃「髟／舌」、U+9AFA、266-9］
鬍,※［＃「髟／胡」、U+9B0D、133-12］
鬍,※［＃「髟／胡」、U+9B0D、133-14］
鬍,※［＃「髟／胡」、U+9B0D、133-4］
鬍,※［＃「髟／胡」、U+9B0D、133-5］
鬍,※［＃「髟／胡」、U+9B0D、133-6］
鬍,※［＃「髟／胡」、U+9B0D、133-7］
鬍,※［＃「髟／胡」、U+9B0D、133-9］
鬍,※［＃「髟／胡」、U+9B0D、134-12］
鬍,※［＃「髟／胡」、U+9B0D、134-4］
鬍,※［＃「髟／胡」、U+9B0D、134-7］
鬍,※［＃「髟／胡」、U+9B0D、134-9］
鬍,※［＃「髟／胡」、U+9B0D、135-3］
鬍,※［＃「髟／胡」、U+9B0D、135-4］
鬍,※［＃「髟／胡」、U+9B0D、135-5］
鬍,※［＃「髟／胡」、U+9B0D、138-9］
鬍,※［＃「髟／胡」、U+9B0D、149-6］
鬍,※［＃「髟／胡」、U+9B0D、150-2］
鬍,※［＃「髟／胡」、U+9B0D、157-4］
鬍,※［＃「髟／胡」、U+9B0D、157-6］
鬍,※［＃「髟／胡」、U+9B0D、157-7］
鬍,※［＃「髟／胡」、U+9B0D、175-12］
鬍,※［＃「髟／胡」、U+9B0D、291-3］
鮀,※［＃「魚＋它」、U+9B80、125-下-8］
鮀,※［＃「魚＋它」、U+9B80、288-下-11］
鮀,※［＃「魚＋它」、U+9B80、288-下-8］
鮁,※［＃「魚＋拔のつくり」、U+9B81、126-12］
鮐,※［＃「魚＋台」、U+9B90、117-15］
鮐,※［＃「魚＋台」、U+9B90、135-12］
鮐,※［＃「魚＋台」、U+9B90、135-7］
鮷,※［＃「魚＋弟」、U+9BB7、328-9］
鯈,※［＃「條」の「木」に代えて「魚」、U+9BC8、382-9］
鯓,※［＃「魚＋身」、U+9BD3、281-2］
鯹,※［＃「魚＋星」、U+9BF9、117-14］
鰑,※［＃「魚＋昜」、U+9C11、22-2］
鰑,※［＃「魚＋昜」、U+9C11、235-12］
鰑,※［＃「魚＋昜」、U+9C11、254-6］
鰑,※［＃「魚＋昜」、U+9C11、363-下-15］
鰑,※［＃「魚＋昜」、U+9C11、上巻-147-8］
鱖,※［＃「魚＋厥」、U+9C56、117-12］
鱖,※［＃「魚＋厥」、U+9C56、117-13］
鱖,※［＃「魚＋厥」、U+9C56、148-15］
鱖,※［＃「魚＋厥」、U+9C56、149-18］
鱖,※［＃「魚＋厥」、U+9C56、149-3］
鱖,※［＃「魚＋厥」、U+9C56、271-5］
鱖,※［＃「魚＋厥」、U+9C56、290-3］
鱖,※［＃「魚＋厥」、U+9C56、343-4］
鱞,※［＃「魚＋鐶のつくり」、U+9C5E、下巻-152-1］
鶒,※［＃「勅＋鳥」、U+9D92、7巻-95-下-7］
鶗,※［＃「題」の「頁」に代えて「鳥」、U+9D97、7巻-102-上-1］
鷼,※［＃「間＋鳥」、U+9DFC、45-14］
鸅,※［＃「澤のつくり＋鳥」、U+9E05、148-9］
鸆,※［＃「虞＋鳥」、U+9E06、148-9］
鸎,※［＃「嬰」の「女」に代えて「鳥」、U+9E0E、219-13］
鸎,※［＃「嬰」の「女」に代えて「鳥」、U+9E0E、下-147-5］
鸐,※［＃「櫂のつくり＋鳥」、U+9E10、180-1］
鸒,※［＃「與／鳥」、U+9E12、181-15］
麄,※［＃「扮」のつくり／鹿」、U+9E84、224-11］
麎,※［＃「塵」の「土」に代えて「辰」、U+9E8E、117-6］
麏,※［＃「塵」の「土」に代えて「君」、U+9E8F、148-1］
麐,※［＃「鹿／吝」」、U+9E90、174-12］
麣,※［＃「鹿＋嚴」、U+9EA3、148-1］
黅,※［＃「（廣－广）＋今」、U+9EC5、263-10］
黈,※［＃「（廣－广）＋（麈－鹿）」、U+9EC8、368-3］
黫,※［＃「黯のへん＋（西／土）」、U+9EEB、113-8］
黫,※［＃「黯のへん＋（西／土）」、U+9EEB、250-13］
黫,※［＃「黯のへん＋（西／土）」、U+9EEB、41-1］
鼉,※［＃「（口＋口）／田／一／黽」、U+9F09、146-16］
鼉,※［＃「（口＋口）／田／一／黽」、U+9F09、147-3］
鼉,※［＃「（口＋口）／田／一／黽」、U+9F09、189-4］
鼴,※［＃「鼬」の「由」に代えて「偃のつくり」、U+9F34、122-16］
齯,※［＃「齒＋兒」、U+9F6F、8巻-203-下-12］
齴,※［＃「齒＋彦」、U+9F74、309-3］
龓,※［＃「有＋龍」、U+9F93、213-1］
龞,※［＃「敝／龜」、U+9F9E、191-13］
鿄,※［＃「染」の「九」に代えて「刃」、U+9FC4、256-14］
鿄,※［＃「染」の「九」に代えて「刃」、U+9FC4、256-15］
鿄,※［＃「染」の「九」に代えて「刃」、U+9FC4、257-2］
𝆏,※［＃ピアノ、U+1D18F、189-8］
𝆑,※［＃フォルテ、U+1D191、189-8］
𠗕,※［＃「冫＋俊のつくり」、U+205D5、54-10］
𠘐,※［＃「冫＋亶」、U+20610、11-9］
𠧩,※［＃「毎＋卜」、U+209E9、345-6］
𠮷,※［＃「土／口」、U+20BB7、53-2］
𠮷,※［＃「土／口」、U+20BB7、53-6］
𠮷,※［＃「土／口」、U+20BB7、53-8］
𠮷,※［＃「土／口」、U+20BB7、53-9］
𠺗,※［＃「口＋迷」、U+20E97、174-17］
𠼅,※［＃「哭」の「犬」に代えて「奄」、U+20F05、166-下-14］
𠼫,※［＃「口＋（「行」のぎょうにんべんにかえて「金」）」、U+20F2B、150-19］
𠼫,※［＃「口＋（「行」のぎょうにんべんにかえて「金」）」、U+20F2B、86-17］
𠽜,※［＃「口＋（帝／口）」、U+20F5C、221-上-7］
𠽰,※［＃「口＋寔」、U+20F70、184-下-13］
𠽰,※［＃「口＋寔」、U+20F70、184-下-15］
𡀗,※［＃「口＋詩」、U+21017、267-15］
𡀗,※［＃「口＋詩」、U+21017、267-16］
𡀗,※［＃「口＋詩」、U+21017、268-1］
𡀗,※［＃「口＋詩」、U+21017、268-2］
𡁱,※［＃「口＋煕」、U+21071、267-15］
𡁱,※［＃「口＋煕」、U+21071、267-16］
𡁱,※［＃「口＋煕」、U+21071、268-1］
𡁱,※［＃「口＋煕」、U+21071、268-2］
𡃤,※［＃「口＋懶のつくり」、U+210E4、183-9］
𡃤,※［＃「口＋懶のつくり」、U+210E4、80-下-4］
𡃤,※［＃「口＋懶のつくり」、U+210E4、81-上-13］
𡃤,※［＃「口＋懶のつくり」、U+210E4、81-上-20］
𡃤,※［＃「口＋懶のつくり」、U+210E4、81-上-9］
𡃤,※［＃「口＋懶のつくり」、U+210E4、82-下-16］
𡃤,※［＃「口＋懶のつくり」、U+210E4、82-下-19］
𡃤,※［＃「口＋懶のつくり」、U+210E4、84-上-14］
𡃤,※［＃「口＋懶のつくり」、U+210E4、86-上-15］
𡃤,※［＃「口＋懶のつくり」、U+210E4、87-上-7］
𡃤,※［＃「口＋懶のつくり」、U+210E4、89-上-11］
𡃤,※［＃「口＋懶のつくり」、U+210E4、91-下-3］
𡄳,※［＃「口＋くさかんむり／（「こざとへん＋顏のへん」の「彡」に代えて「生」）」、U+21133、528-4］
𡄳,※［＃「口＋くさかんむり／（「こざとへん＋顏のへん」の「彡」に代えて「生」）」、U+21133、528-8］
𡉏,※［＃「土へん＋已」、U+2124F、317-6］
𡉏,※［＃「土へん＋已」、U+2124F、97-1］
𡘞,※［＃「畚」の「田」に代えて「由」、U+2161E、76-上-15］
𡚁,※［＃「敝／大」、U+21681、118-10］
𡢳,※［＃「女＋感」、U+218B3、下-156-4］
𡣞,※［＃「女＋聚」、U+218DE、271-7］
𡥅,※［＃「てへん＋孑」、U+21945、234-14］
𡨥,※［＃「寇」の「攴」に代えて「攵」、U+21A25、272-6］
𡰷,※［＃「尸＋斗」、U+21C37、158-13］
𡵧,※［＃「山／元」、U+21D67、7巻-60-下-2］
𡺸,※［＃「山＋耆」、U+21EB8、116-5］
𡺸,※［＃「山＋耆」、U+21EB8、135-2］
𡻋,※［＃「山＋骨」、U+21ECB、229-11］
𢇇,※［＃「聯のつくり」、U+221C7、192-16］
𢇇,※［＃「聯のつくり」、U+221C7、194-12］
𢇇,※［＃「聯のつくり」、U+221C7、194-13］
𢎥,※［＃「疆のへん」の「土」に代えて「二」、U+223A5、90-9］
𢙾,※［＃「りっしんべん＋更」、U+2267E、449-上-12］
𢤱,※［＃「りっしんべん＋龍」、U+22931、383-2］
𢥫,※［＃「韻／心」、U+2296B、288-10］
𢴇,※［＃「てへん＋執」、U+22D07、254-8］
𣅡,※［＃「日＋夬」、U+23161、172-7］
𣏾,※［＃「木＋戈」、U+233FE、129-2］
𣏾,※［＃「木＋戈」、U+233FE、129-3］
𣏾,※［＃「木＋戈」、U+233FE、148-2］
𣏾,※［＃「木＋戈」、U+233FE、148-3］
𣏾,※［＃「木＋戈」、U+233FE、1巻-28-下-13］
𣏾,※［＃「木＋戈」、U+233FE、3巻-105-下-2］
𣏾,※［＃「木＋戈」、U+233FE、3巻-105-下-6］
𣏾,※［＃「木＋戈」、U+233FE、3巻-106-上-3］
𣏾,※［＃「木＋戈」、U+233FE、3巻-106-上-5］
𣏾,※［＃「木＋戈」、U+233FE、84-12］
𣏾,※［＃「木＋戈」、U+233FE、98-下-7］
𣖾,※［＃「木＋備のつくり」、U+235BE、239-10］
𣟗,※［＃「木＋帚」の「冖／巾」に代えて「（米＋扮のつくり）／廾」、U+237D7、253-5］
𣫔,※［＃「穀」の「禾」に代えて「一／豕」、U+23AD4、7巻-49-上-7］
𤆦,※［＃「火＋王」、U+241A6、319-下-13］
𤊹,※［＃「火＋勃」、U+242B9、426-15］
𤊹,※［＃「火＋勃」、U+242B9、426-16］
𤊹,※［＃「火＋勃」、U+242B9、427-8］
𤍠,※［＃「執／れんが」、U+24360、1-2］
𤍠,※［＃「執／れんが」、U+24360、1-5］
𤍠,※［＃「執／れんが」、U+24360、100-上-6］
𤍠,※［＃「執／れんが」、U+24360、106-上-6］
𤍠,※［＃「執／れんが」、U+24360、106-下-5］
𤍠,※［＃「執／れんが」、U+24360、10巻-377-下-7］
𤍠,※［＃「執／れんが」、U+24360、10巻-483-上-1］
𤍠,※［＃「執／れんが」、U+24360、10巻-490-上-12］
𤍠,※［＃「執／れんが」、U+24360、11-5］
𤍠,※［＃「執／れんが」、U+24360、11-上-10］
𤍠,※［＃「執／れんが」、U+24360、112-12］
𤍠,※［＃「執／れんが」、U+24360、113-2］
𤍠,※［＃「執／れんが」、U+24360、12-12］
𤍠,※［＃「執／れんが」、U+24360、120-1］
𤍠,※［＃「執／れんが」、U+24360、121-4］
𤍠,※［＃「執／れんが」、U+24360、121-6］
𤍠,※［＃「執／れんが」、U+24360、123-9］
𤍠,※［＃「執／れんが」、U+24360、125-1］
𤍠,※［＃「執／れんが」、U+24360、127-上-12］
𤍠,※［＃「執／れんが」、U+24360、13-2］
𤍠,※［＃「執／れんが」、U+24360、130-3］
𤍠,※［＃「執／れんが」、U+24360、130-6］
𤍠,※［＃「執／れんが」、U+24360、130-9］
𤍠,※［＃「執／れんが」、U+24360、137-下-2］
𤍠,※［＃「執／れんが」、U+24360、14-5］
𤍠,※［＃「執／れんが」、U+24360、14-7］
𤍠,※［＃「執／れんが」、U+24360、14-9］
𤍠,※［＃「執／れんが」、U+24360、16-2］
𤍠,※［＃「執／れんが」、U+24360、165-上-4］
𤍠,※［＃「執／れんが」、U+24360、166-3］
𤍠,※［＃「執／れんが」、U+24360、166-下-6］
𤍠,※［＃「執／れんが」、U+24360、169-11］
𤍠,※［＃「執／れんが」、U+24360、17-2］
𤍠,※［＃「執／れんが」、U+24360、172-下-7］
𤍠,※［＃「執／れんが」、U+24360、174-上-12］
𤍠,※［＃「執／れんが」、U+24360、176-上-8］
𤍠,※［＃「執／れんが」、U+24360、176-下-5］
𤍠,※［＃「執／れんが」、U+24360、177-上-1］
𤍠,※［＃「執／れんが」、U+24360、18-3］
𤍠,※［＃「執／れんが」、U+24360、184-下-2］
𤍠,※［＃「執／れんが」、U+24360、188-下-11］
𤍠,※［＃「執／れんが」、U+24360、196-14］
𤍠,※［＃「執／れんが」、U+24360、197-7］
𤍠,※［＃「執／れんが」、U+24360、197-上-12］
𤍠,※［＃「執／れんが」、U+24360、197-上-4］
𤍠,※［＃「執／れんが」、U+24360、197-下-2］
𤍠,※［＃「執／れんが」、U+24360、199-12］
𤍠,※［＃「執／れんが」、U+24360、199-9］
𤍠,※［＃「執／れんが」、U+24360、2-4］
𤍠,※［＃「執／れんが」、U+24360、200-3］
𤍠,※［＃「執／れんが」、U+24360、204-3］
𤍠,※［＃「執／れんが」、U+24360、204-5］
𤍠,※［＃「執／れんが」、U+24360、205-上-3］
𤍠,※［＃「執／れんが」、U+24360、207-下-1］
𤍠,※［＃「執／れんが」、U+24360、21-13］
𤍠,※［＃「執／れんが」、U+24360、222-5］
𤍠,※［＃「執／れんが」、U+24360、223-3］
𤍠,※［＃「執／れんが」、U+24360、224-1］
𤍠,※［＃「執／れんが」、U+24360、224-2］
𤍠,※［＃「執／れんが」、U+24360、224-5］
𤍠,※［＃「執／れんが」、U+24360、225-8］
𤍠,※［＃「執／れんが」、U+24360、225-下-11］
𤍠,※［＃「執／れんが」、U+24360、225-下-12］
𤍠,※［＃「執／れんが」、U+24360、227-11］
𤍠,※［＃「執／れんが」、U+24360、227-2］
𤍠,※［＃「執／れんが」、U+24360、227-4］
𤍠,※［＃「執／れんが」、U+24360、227-6］
𤍠,※［＃「執／れんが」、U+24360、23-3］
𤍠,※［＃「執／れんが」、U+24360、231-下-7］
𤍠,※［＃「執／れんが」、U+24360、232-7］
𤍠,※［＃「執／れんが」、U+24360、232-上-1］
𤍠,※［＃「執／れんが」、U+24360、233-8］
𤍠,※［＃「執／れんが」、U+24360、239-4］
𤍠,※［＃「執／れんが」、U+24360、24-7］
𤍠,※［＃「執／れんが」、U+24360、249-10］
𤍠,※［＃「執／れんが」、U+24360、249-1］
𤍠,※［＃「執／れんが」、U+24360、25-11］
𤍠,※［＃「執／れんが」、U+24360、25-1］
𤍠,※［＃「執／れんが」、U+24360、25-4］
𤍠,※［＃「執／れんが」、U+24360、254-下-7］
𤍠,※［＃「執／れんが」、U+24360、257-11］
𤍠,※［＃「執／れんが」、U+24360、259-下-1］
𤍠,※［＃「執／れんが」、U+24360、26-2］
𤍠,※［＃「執／れんが」、U+24360、26-8］
𤍠,※［＃「執／れんが」、U+24360、262-下-10］
𤍠,※［＃「執／れんが」、U+24360、284-12］
𤍠,※［＃「執／れんが」、U+24360、285-1］
𤍠,※［＃「執／れんが」、U+24360、290-上-13］
𤍠,※［＃「執／れんが」、U+24360、290-下-14］
𤍠,※［＃「執／れんが」、U+24360、297-上-1］
𤍠,※［＃「執／れんが」、U+24360、298-上-7］
𤍠,※［＃「執／れんが」、U+24360、299-1］
𤍠,※［＃「執／れんが」、U+24360、300-下-4］
𤍠,※［＃「執／れんが」、U+24360、302-上-7］
𤍠,※［＃「執／れんが」、U+24360、330-11］
𤍠,※［＃「執／れんが」、U+24360、334-13］
𤍠,※［＃「執／れんが」、U+24360、342-3］
𤍠,※［＃「執／れんが」、U+24360、357-6］
𤍠,※［＃「執／れんが」、U+24360、36-1］
𤍠,※［＃「執／れんが」、U+24360、36-2］
𤍠,※［＃「執／れんが」、U+24360、368-11］
𤍠,※［＃「執／れんが」、U+24360、37-4］
𤍠,※［＃「執／れんが」、U+24360、38-11］
𤍠,※［＃「執／れんが」、U+24360、38-12］
𤍠,※［＃「執／れんが」、U+24360、38-3］
𤍠,※［＃「執／れんが」、U+24360、38-5］
𤍠,※［＃「執／れんが」、U+24360、39-12］
𤍠,※［＃「執／れんが」、U+24360、39-1］
𤍠,※［＃「執／れんが」、U+24360、39-2］
𤍠,※［＃「執／れんが」、U+24360、39-5］
𤍠,※［＃「執／れんが」、U+24360、39-9］
𤍠,※［＃「執／れんが」、U+24360、4-8］
𤍠,※［＃「執／れんが」、U+24360、40-2］
𤍠,※［＃「執／れんが」、U+24360、40-7］
𤍠,※［＃「執／れんが」、U+24360、406-13］
𤍠,※［＃「執／れんが」、U+24360、407-11］
𤍠,※［＃「執／れんが」、U+24360、408-5］
𤍠,※［＃「執／れんが」、U+24360、408-9］
𤍠,※［＃「執／れんが」、U+24360、409-4］
𤍠,※［＃「執／れんが」、U+24360、41-9］
𤍠,※［＃「執／れんが」、U+24360、414-3］
𤍠,※［＃「執／れんが」、U+24360、415-6］
𤍠,※［＃「執／れんが」、U+24360、42-1］
𤍠,※［＃「執／れんが」、U+24360、420-5］
𤍠,※［＃「執／れんが」、U+24360、424-6］
𤍠,※［＃「執／れんが」、U+24360、43-12］
𤍠,※［＃「執／れんが」、U+24360、43-1］
𤍠,※［＃「執／れんが」、U+24360、45-10］
𤍠,※［＃「執／れんが」、U+24360、46-2］
𤍠,※［＃「執／れんが」、U+24360、46-9］
𤍠,※［＃「執／れんが」、U+24360、462-1］
𤍠,※［＃「執／れんが」、U+24360、49-12］
𤍠,※［＃「執／れんが」、U+24360、5-13］
𤍠,※［＃「執／れんが」、U+24360、54-1］
𤍠,※［＃「執／れんが」、U+24360、55-2］
𤍠,※［＃「執／れんが」、U+24360、56-6］
𤍠,※［＃「執／れんが」、U+24360、58-2］
𤍠,※［＃「執／れんが」、U+24360、60-11］
𤍠,※［＃「執／れんが」、U+24360、66-下-13］
𤍠,※［＃「執／れんが」、U+24360、7-4］
𤍠,※［＃「執／れんが」、U+24360、70-8］
𤍠,※［＃「執／れんが」、U+24360、84-3］
𤍠,※［＃「執／れんが」、U+24360、86-3］
𤍠,※［＃「執／れんが」、U+24360、87-3］
𤍠,※［＃「執／れんが」、U+24360、89-13］
𤍠,※［＃「執／れんが」、U+24360、9-1］
𤍠,※［＃「執／れんが」、U+24360、9-7］
𤍠,※［＃「執／れんが」、U+24360、9巻-319-上-8］
𤍠,※［＃「執／れんが」、U+24360、9巻-322-上-1］
𤍠,※［＃「執／れんが」、U+24360、9巻-326-下-4］
𤍠,※［＃「執／れんが」、U+24360、二-20］
𤍠,※［＃「執／れんが」、U+24360］
𤎅,※［＃「敖／火」、U+24385、88-12］
𤏋,※［＃「火＋發」、U+243CB、106-1］
𤏋,※［＃「火＋發」、U+243CB、153-7］
𤏋,※［＃「火＋發」、U+243CB、182-14］
𤏋,※［＃「火＋發」、U+243CB、218-5］
𤏋,※［＃「火＋發」、U+243CB、268-12］
𤏋,※［＃「火＋發」、U+243CB、298-16］
𤏋,※［＃「火＋發」、U+243CB、308-10］
𤏋,※［＃「火＋發」、U+243CB、308-3］
𤏋,※［＃「火＋發」、U+243CB、363-12］
𤏋,※［＃「火＋發」、U+243CB、397-11］
𤏋,※［＃「火＋發」、U+243CB、42-10］
𤏋,※［＃「火＋發」、U+243CB、468-3］
𤏋,※［＃「火＋發」、U+243CB、473-8］
𤏋,※［＃「火＋發」、U+243CB、528-18］
𤏋,※［＃「火＋發」、U+243CB、532-10］
𤏋,※［＃「火＋發」、U+243CB、534-11］
𤏋,※［＃「火＋發」、U+243CB、573-6］
𤏋,※［＃「火＋發」、U+243CB、624-3］
𤏋,※［＃「火＋發」、U+243CB、663-14］
𤏋,※［＃「火＋發」、U+243CB、717-14］
𤏋,※［＃「火＋發」、U+243CB、75-4］
𤏋,※［＃「火＋發」、U+243CB、78-9］
𤔩,※［＃「爪＋國」、U+24529、112-7］
𤗉,※［＃「片＋総のつくり」、U+245C9、7巻-300-上-10］
𤗼,※［＃「片＋嗇」、U+245FC、75-7］
𤞵,※［＃「けものへん＋完」、U+247B5、305-13］
𤞵,※［＃「けものへん＋完」、U+247B5、305-14］
𤞵,※［＃「けものへん＋完」、U+247B5、306-8］
𤢥,※［＃「けものへん＋萬」、U+248A5、27-上-6］
𤢥,※［＃「けものへん＋萬」、U+248A5、27-下-17］
𤥭,※［＃「王＋車」、U+2496D、第4巻-23-13］
𤦭,※［＃「王＋睛のつくり」、U+249AD、202-10］
𤧫,※［＃「王＋追」、U+249EB、402-3］
𤶛,※［＃「やまいだれ／邑」、U+24D9B、112-15］
𤸇,※［＃「やまいだれ＋（ふゆがしら／一／生）」、U+24E07、258-6］
𤺨,※［＃「やまいだれ＋創」、U+24EA8、262-5］
𤾂,※［＃「白＋宛」、U+24F82、314-10］
𤾂,※［＃「白＋宛」、U+24F82、314-12］
𤾂,※［＃「白＋宛」、U+24F82、314-15］
𤾂,※［＃「白＋宛」、U+24F82、315-8］
𤾂,※［＃「白＋宛」、U+24F82、317-13］
𤾂,※［＃「白＋宛」、U+24F82、322-15］
𤿎,※［＃「比＋皮」、U+24FCE、127-11］
𤿎,※［＃「比＋皮」、U+24FCE、127-5］
𤿎,※［＃「比＋皮」、U+24FCE、127-7］
𤿎,※［＃「比＋皮」、U+24FCE、128-12］
𤿎,※［＃「比＋皮」、U+24FCE、128-13］
𥑎,※［＃「石＋炯のつくり」、U+2544E、103-本文-11］
𥑎,※［＃「石＋炯のつくり」、U+2544E、282-5］
𥔀,※［＃「石＋鞫のつくり」、U+25500、523-3］
𥕐,※［＃「石＋滴のつくり」、U+25550、210-中-11］
𥥔,※［＃「穴かんむり／石」、U+25954、165-12］
𥥔,※［＃「穴かんむり／石」、U+25954、165-16］
𥥔,※［＃「穴かんむり／石」、U+25954、165-18］
𥥔,※［＃「穴かんむり／石」、U+25954、169-18］
𥥔,※［＃「穴かんむり／石」、U+25954、170-15］
𥥔,※［＃「穴かんむり／石」、U+25954、170-1］
𥥔,※［＃「穴かんむり／石」、U+25954、174-17］
𥥔,※［＃「穴かんむり／石」、U+25954、319-1］
𥥔,※［＃「穴かんむり／石」、U+25954、319-4］
𥥔,※［＃「穴かんむり／石」、U+25954、319-8］
𥥔,※［＃「穴かんむり／石」、U+25954、320-2］
𥥔,※［＃「穴かんむり／石」、U+25954、320-6］
𥥔,※［＃「穴かんむり／石」、U+25954、324-8］
𥥔,※［＃「穴かんむり／石」、U+25954、349-1］
𥥔,※［＃「穴かんむり／石」、U+25954、428-1］
𥥔,※［＃「穴かんむり／石」、U+25954、430-13］
𥥔,※［＃「穴かんむり／石」、U+25954、430-15］
𥥔,※［＃「穴かんむり／石」、U+25954、470-10］
𥦽,※［＃「穴かんむり／是」、U+259BD、429-3］
𥫫,※［＃「竹かんむり／下」、U+25AEB、398-1］
𥱌,※［＃「竹かんむり／候」、U+25C4C、14-1］
𥳽,※［＃「竹かんむり／欺」、U+25CFD、476-7］
𥴩,※［＃「竹かんむり／隔」、U+25D29、135-10］
𥴩,※［＃「竹かんむり／隔」、U+25D29、249-2］
𥴩,※［＃「竹かんむり／隔」、U+25D29、300-3］
𦄂,※［＃「糸＋帶」、U+26102、162-2］
𦄂,※［＃「糸＋帶」、U+26102、2巻-290-下-2］
𦞈,※［＃「月＋侯」、U+26788、188-1］
𦣇,※［＃「月／羅」、U+268C7、37-6］
𦩀,※［＃「舟＋夾」、U+26A40、337-上-13］
𦩀,※［＃「舟＋夾」、U+26A40、337-上-15］
𦩀,※［＃「舟＋夾」、U+26A40、345-下-13］
𦬇,※［＃「くさかんむり／廾」、U+26B07、262-13］
𦬇,※［＃「くさかんむり／廾」、U+26B07、263-12］
𦬇,※［＃「くさかんむり／廾」、U+26B07、263-13］
𦬇,※［＃「くさかんむり／廾」、U+26B07、263-14］
𦬇,※［＃「くさかんむり／廾」、U+26B07、8-7］
𦮯,※［＃「くさかんむり／（月＋りっとう）」、U+26BAF、139-下-18］
𦰌,※［＃「謹のつくり」、U+26C0C、146-7］
𦼠,※［＃「くさかんむり／開」、U+26F20、16-11］
𦼠,※［＃「くさかんむり／開」、U+26F20、16-13］
𦼠,※［＃「くさかんむり／開」、U+26F20、17-13］
𦼠,※［＃「くさかんむり／開」、U+26F20、17-3］
𦼠,※［＃「くさかんむり／開」、U+26F20、目次1-6］
𧋬,※［＃「虫＋系」、U+272EC、243-13］
𧋬,※［＃「虫＋系」、U+272EC、245-13］
𧋬,※［＃「虫＋系」、U+272EC、245-9］
𧋬,※［＃「虫＋系」、U+272EC、246-12］
𧋬,※［＃「虫＋系」、U+272EC、246-1］
𧋬,※［＃「虫＋系」、U+272EC、246-3］
𧍑,※［＃「虫＋罔」の「亡」に代えて「曷－日－勹」、U+27351、169-4］
𧕇,※［＃「虫＋鮮」、U+27547、113-1］
𧞃,※［＃「ころもへん＋辟」、U+27783、144-上-2］
𧤽,※［＃「角＋燗のつくり」、U+2793D、40-3］
𧵅,※［＃「貝＋巴」、U+27D45、266-18］
𧵅,※［＃「貝＋巴」、U+27D45、364-16］
𧿹,※［＃「足へん＋母」、U+27FF9、314-7］
𧿹,※［＃「足へん＋母」、U+27FF9、63-14］
𨀥,※［＃「足へん＋（咨－口）」、U+28025、104-4］
𨇤,※［＃「足へん＋鮮」、U+281E4、上-147-12］
𨇤,※［＃「足へん＋鮮」、U+281E4、上-147-13］
𨈭,※［＃「身＋冉」、U+2822D、517-2］
𨍏,※［＃「車＋度」、U+2834F、139-16］
𨔆,※［＃「一点しんにょう＋於」、U+28506、235-13］
𨜟,※［＃「猶のつくり＋おおざと」、U+2871F、374-上-10］
𨜟,※［＃「猶のつくり＋おおざと」、U+2871F、374-上-14］
𨜟,※［＃「猶のつくり＋おおざと」、U+2871F、374-上-2］
𨜟,※［＃「猶のつくり＋おおざと」、U+2871F、374-上-6］
𨜟,※［＃「猶のつくり＋おおざと」、U+2871F、395-上-8］
𨜟,※［＃「猶のつくり＋おおざと」、U+2871F、395-上-9］
𨜟,※［＃「猶のつくり＋おおざと」、U+2871F、395-下-1］
𨜟,※［＃「猶のつくり＋おおざと」、U+2871F、420-下-12］
𨜟,※［＃「猶のつくり＋おおざと」、U+2871F、420-下-6］
𨣉,※［＃「酉＋間」、U+288C9、84-1］
𨣉,※［＃「酉＋間」、U+288C9、84-3］
𨥁,※［＃「金＋又」、U+28941、40-上-10］
𨫃,※［＃「金＋宰」、U+28AC3、164-10］
𨫃,※［＃「金＋宰」、U+28AC3、171-1］
𨫃,※［＃「金＋宰」、U+28AC3、173-13］
𨫃,※［＃「金＋宰」、U+28AC3、262-6］
𨳯,※［＃「門＜牛」、U+28CEF、17-6］
𨵙,※［＃「門＜惧のつくり」、U+28D59、209-上-9］
𨶑,※［＃「門＜嗅のつくり」、U+28D91、293-16］
𨶑,※［＃「門＜嗅のつくり」、U+28D91、298-下-8］
𨶑,※［＃「門＜嗅のつくり」、U+28D91、323-上-10］
𩅰,※［＃「雨かんむり／斯」、U+29170、7巻-288-上-7］
𩋠,※［＃「革＋面」、U+292E0、103-7］
𩋡,※［＃「革＋室」、U+292E1、8巻-152-上-12］
𩍈,※［＃「革＋答」、U+29348、109-3］
𩕳,※［＃「濘のつくり＋頁」、U+29573、329-10］
𩖼,※［＃「風にょう＋弗」、U+295BC、523-7］
𩗖,※［＃「風にょう＋良」、U+295D6、391-3］
𩚅,※［＃「飲のへん＋卜」、U+29685、24-15］
𩚚,※［＃「飮のへん＋厄」、U+2969A、（二）-138-9］
𩬡,※［＃「髟／丘」、U+29B21、10-15］
𩳦,※［＃「魅」の「未」に代えて「知」、U+29CE6、61-5］
𩵝,※［＃「魚＋財のつくり」、U+29D5D、186-10］
𩵩,※［＃「魚＋夫」、U+29D69、139-2］
𩵩,※［＃「魚＋夫」、U+29D69、139-3］
𩵩,※［＃「魚＋夫」、U+29D69、166-2］
𩵩,※［＃「魚＋夫」、U+29D69、168-17］
𩵩,※［＃「魚＋夫」、U+29D69、169-6］
𩸀,※［＃「魚＋（萠－くさかんむり）」、U+29E00、76-5］
𩼳,※［＃「魚＋監」、U+29F33、143-9］
𪂬,※［＃「虎＋鳥」、U+2A0AC、179-上-5］
𪂬,※［＃「虎＋鳥」の「儿」に代えて「几」、U+2A0AC、41-7］
𪃈,※［＃「契＋鳥」、U+2A0C8、112-5］
𪃈,※［＃「契＋鳥」、U+2A0C8、112-6］
𪇊,※［＃「鳥＋辟」、U+2A1CA、112-6］
𪉩,※［＃「（土へん＋鹵）／皿」、U+2A269、118-上-22］
𪉩,※［＃「（土へん＋鹵）／皿」、U+2A269、192-8］
𪉩,※［＃「（土へん＋鹵）／皿」、U+2A269、197-1］
𪉩,※［＃「（土へん＋鹵）／皿」、U+2A269、70-下-3］
𪉩,※［＃「（土へん＋鹵）／皿」、U+2A269、70-下-4］
𪌈,※［＃「麥＋比」、U+2A308、206-3］
𪏆,※［＃「享＋（廣－广）」、U+2A3C6、174-5］
𪕱,※［＃「鼬」の「由」に代えて「胡」、U+2A571、33-1］
𪤕,※［＃「土へん＋「顏のへん」の「彡」に代えて「生」」、U+2A915、203-7］
𪤕,※［＃「土へん＋「顏のへん」の「彡」に代えて「生」」、U+2A915、213-14］
𪤕,※［＃「土へん＋「顏のへん」の「彡」に代えて「生」」、U+2A915、214-9］
𪤕,※［＃「土へん＋「顏のへん」の「彡」に代えて「生」」、U+2A915、350-16］
𪥶,※［＃「女＋邦」、U+2A976、209-上-1］
𪫧,※［＃「りっしんべん＋可」、U+2AAE7、上-219-5］
𪫧,※［＃「りっしんべん＋可」、U+2AAE7、上-219-6］
𪫧,※［＃「りっしんべん＋可」、U+2AAE7、下-120-6］
𪫧,※［＃「りっしんべん＋可」、U+2AAE7、下-120-7］
𪮮,※［＃「てへん＋卓＋戈」、U+2ABAE、10-16］
𪶦,※［＃「さんずい＋哀」、U+2ADA6、248-上-17］
𪸑,※［＃「火＋元」、U+2AE11、12-12］
𪸵,※［＃「火＋武」、U+2AE35、481-1］
𪽶,※［＃「やまいだれ＋鬲」、U+2AF76、8巻-188-下-2］
𫁹,※［＃「竹かんむり／匝」、U+2B079、9-5］
𫁹,※［＃「竹／匝」、U+2B079、370-7］
𫂙,※［＃「竹かんむり／敕」、U+2B099、3-6］
𫂙,※［＃「竹かんむり／敕」、U+2B099、3-7］
𫃠,※［＃「糸＋包」、U+2B0E0、上-188-1］
𫃠,※［＃「糸＋鉋のつくり」、U+2B0E0、313-8］
𫑿,※［＃「酉＋蕉」、U+2B47F、726-2］
𫕟,※［＃「雨かんむり／月」、U+2B55F、277-5］
𫙠,※［＃「魚＋（冢－冖）」、U+2B660、517-4］
𫝂,※［＃「一／（（畄－田）＋丿＋（敢のへん－耳）」、U+2B742、23-上-9］
𫝹,※［＃「人がしら／二／心」、U+2B779、10-3］
𫝹,※［＃「人がしら／二／心」、U+2B779、10-7］
𫝹,※［＃「人がしら／二／心」、U+2B779、11-3］
𫝹,※［＃「人がしら／二／心」、U+2B779、11-4］
𫝹,※［＃「人がしら／二／心」、U+2B779、11-6］
𫝹,※［＃「人がしら／二／心」、U+2B779、11-8］
𫝹,※［＃「人がしら／二／心」、U+2B779、12-5］
𫝹,※［＃「人がしら／二／心」、U+2B779、12-7］
𫝹,※［＃「人がしら／二／心」、U+2B779、12-8］
𫝹,※［＃「人がしら／二／心」、U+2B779、13-4］
𫝹,※［＃「人がしら／二／心」、U+2B779、13-5］
𫝹,※［＃「人がしら／二／心」、U+2B779、14-2］
𫝹,※［＃「人がしら／二／心」、U+2B779、14-9］
𫝹,※［＃「人がしら／二／心」、U+2B779、15-3］
𫝹,※［＃「人がしら／二／心」、U+2B779、15-4］
𫝹,※［＃「人がしら／二／心」、U+2B779、15-5］
𫝹,※［＃「人がしら／二／心」、U+2B779、15-7］
𫝹,※［＃「人がしら／二／心」、U+2B779、15-9］
𫝹,※［＃「人がしら／二／心」、U+2B779、16-1］
𫝹,※［＃「人がしら／二／心」、U+2B779、16-5］
𫝹,※［＃「人がしら／二／心」、U+2B779、16-6］
𫝹,※［＃「人がしら／二／心」、U+2B779、16-7］
𫝹,※［＃「人がしら／二／心」、U+2B779、17-1］
𫝹,※［＃「人がしら／二／心」、U+2B779、17-4］
𫝹,※［＃「人がしら／二／心」、U+2B779、17-6］
𫝹,※［＃「人がしら／二／心」、U+2B779、17-7］
𫝹,※［＃「人がしら／二／心」、U+2B779、17-8］
𫝹,※［＃「人がしら／二／心」、U+2B779、18-10］
𫝹,※［＃「人がしら／二／心」、U+2B779、18-1］
𫝹,※［＃「人がしら／二／心」、U+2B779、18-3］
𫝹,※［＃「人がしら／二／心」、U+2B779、18-7］
𫝹,※［＃「人がしら／二／心」、U+2B779、18-9］
𫝹,※［＃「人がしら／二／心」、U+2B779、19-10］
𫝹,※［＃「人がしら／二／心」、U+2B779、19-1］
𫝹,※［＃「人がしら／二／心」、U+2B779、19-4］
𫝹,※［＃「人がしら／二／心」、U+2B779、19-5］
𫝹,※［＃「人がしら／二／心」、U+2B779、19-8］
𫝹,※［＃「人がしら／二／心」、U+2B779、2-5］
𫝹,※［＃「人がしら／二／心」、U+2B779、2-8］
𫝹,※［＃「人がしら／二／心」、U+2B779、20-2］
𫝹,※［＃「人がしら／二／心」、U+2B779、20-4］
𫝹,※［＃「人がしら／二／心」、U+2B779、20-6］
𫝹,※［＃「人がしら／二／心」、U+2B779、20-7］
𫝹,※［＃「人がしら／二／心」、U+2B779、20-8］
𫝹,※［＃「人がしら／二／心」、U+2B779、20-9］
𫝹,※［＃「人がしら／二／心」、U+2B779、21-10］
𫝹,※［＃「人がしら／二／心」、U+2B779、22-4］
𫝹,※［＃「人がしら／二／心」、U+2B779、22-8］
𫝹,※［＃「人がしら／二／心」、U+2B779、23-9］
𫝹,※［＃「人がしら／二／心」、U+2B779、24-2］
𫝹,※［＃「人がしら／二／心」、U+2B779、24-3］
𫝹,※［＃「人がしら／二／心」、U+2B779、25-3］
𫝹,※［＃「人がしら／二／心」、U+2B779、25-4］
𫝹,※［＃「人がしら／二／心」、U+2B779、25-7］
𫝹,※［＃「人がしら／二／心」、U+2B779、25-9］
𫝹,※［＃「人がしら／二／心」、U+2B779、26-1］
𫝹,※［＃「人がしら／二／心」、U+2B779、26-2］
𫝹,※［＃「人がしら／二／心」、U+2B779、26-4］
𫝹,※［＃「人がしら／二／心」、U+2B779、26-6］
𫝹,※［＃「人がしら／二／心」、U+2B779、26-9］
𫝹,※［＃「人がしら／二／心」、U+2B779、27-5］
𫝹,※［＃「人がしら／二／心」、U+2B779、27-6］
𫝹,※［＃「人がしら／二／心」、U+2B779、27-7］
𫝹,※［＃「人がしら／二／心」、U+2B779、27-9］
𫝹,※［＃「人がしら／二／心」、U+2B779、28-7］
𫝹,※［＃「人がしら／二／心」、U+2B779、29-1］
𫝹,※［＃「人がしら／二／心」、U+2B779、3-2］
𫝹,※［＃「人がしら／二／心」、U+2B779、30-4］
𫝹,※［＃「人がしら／二／心」、U+2B779、30-9］
𫝹,※［＃「人がしら／二／心」、U+2B779、31-5］
𫝹,※［＃「人がしら／二／心」、U+2B779、31-9］
𫝹,※［＃「人がしら／二／心」、U+2B779、32-1］
𫝹,※［＃「人がしら／二／心」、U+2B779、33-3］
𫝹,※［＃「人がしら／二／心」、U+2B779、33-6］
𫝹,※［＃「人がしら／二／心」、U+2B779、33-7］
𫝹,※［＃「人がしら／二／心」、U+2B779、34-5］
𫝹,※［＃「人がしら／二／心」、U+2B779、36-2］
𫝹,※［＃「人がしら／二／心」、U+2B779、36-6］
𫝹,※［＃「人がしら／二／心」、U+2B779、36-7］
𫝹,※［＃「人がしら／二／心」、U+2B779、37-1］
𫝹,※［＃「人がしら／二／心」、U+2B779、37-2］
𫝹,※［＃「人がしら／二／心」、U+2B779、37-3］
𫝹,※［＃「人がしら／二／心」、U+2B779、37-7］
𫝹,※［＃「人がしら／二／心」、U+2B779、38-1］
𫝹,※［＃「人がしら／二／心」、U+2B779、38-3］
𫝹,※［＃「人がしら／二／心」、U+2B779、38-4］
𫝹,※［＃「人がしら／二／心」、U+2B779、38-5］
𫝹,※［＃「人がしら／二／心」、U+2B779、38-6］
𫝹,※［＃「人がしら／二／心」、U+2B779、38-7］
𫝹,※［＃「人がしら／二／心」、U+2B779、38-9］
𫝹,※［＃「人がしら／二／心」、U+2B779、39-10］
𫝹,※［＃「人がしら／二／心」、U+2B779、39-3］
𫝹,※［＃「人がしら／二／心」、U+2B779、39-6］
𫝹,※［＃「人がしら／二／心」、U+2B779、39-8］
𫝹,※［＃「人がしら／二／心」、U+2B779、40-10］
𫝹,※［＃「人がしら／二／心」、U+2B779、40-2］
𫝹,※［＃「人がしら／二／心」、U+2B779、40-6］
𫝹,※［＃「人がしら／二／心」、U+2B779、40-8］
𫝹,※［＃「人がしら／二／心」、U+2B779、41-1］
𫝹,※［＃「人がしら／二／心」、U+2B779、41-2］
𫝹,※［＃「人がしら／二／心」、U+2B779、41-3］
𫝹,※［＃「人がしら／二／心」、U+2B779、41-6］
𫝹,※［＃「人がしら／二／心」、U+2B779、41-7］
𫝹,※［＃「人がしら／二／心」、U+2B779、42-6］
𫝹,※［＃「人がしら／二／心」、U+2B779、43-10］
𫝹,※［＃「人がしら／二／心」、U+2B779、43-3］
𫝹,※［＃「人がしら／二／心」、U+2B779、43-4］
𫝹,※［＃「人がしら／二／心」、U+2B779、43-5］
𫝹,※［＃「人がしら／二／心」、U+2B779、43-6］
𫝹,※［＃「人がしら／二／心」、U+2B779、43-7］
𫝹,※［＃「人がしら／二／心」、U+2B779、43-9］
𫝹,※［＃「人がしら／二／心」、U+2B779、44-10］
𫝹,※［＃「人がしら／二／心」、U+2B779、44-3］
𫝹,※［＃「人がしら／二／心」、U+2B779、44-4］
𫝹,※［＃「人がしら／二／心」、U+2B779、44-6］
𫝹,※［＃「人がしら／二／心」、U+2B779、44-7］
𫝹,※［＃「人がしら／二／心」、U+2B779、45-10］
𫝹,※［＃「人がしら／二／心」、U+2B779、45-5］
𫝹,※［＃「人がしら／二／心」、U+2B779、46-10］
𫝹,※［＃「人がしら／二／心」、U+2B779、46-5］
𫝹,※［＃「人がしら／二／心」、U+2B779、47-9］
𫝹,※［＃「人がしら／二／心」、U+2B779、48-4］
𫝹,※［＃「人がしら／二／心」、U+2B779、48-5］
𫝹,※［＃「人がしら／二／心」、U+2B779、48-6］
𫝹,※［＃「人がしら／二／心」、U+2B779、49-3］
𫝹,※［＃「人がしら／二／心」、U+2B779、49-4］
𫝹,※［＃「人がしら／二／心」、U+2B779、49-6］
𫝹,※［＃「人がしら／二／心」、U+2B779、49-9］
𫝹,※［＃「人がしら／二／心」、U+2B779、5-8］
𫝹,※［＃「人がしら／二／心」、U+2B779、50-1］
𫝹,※［＃「人がしら／二／心」、U+2B779、50-2］
𫝹,※［＃「人がしら／二／心」、U+2B779、50-3］
𫝹,※［＃「人がしら／二／心」、U+2B779、50-4］
𫝹,※［＃「人がしら／二／心」、U+2B779、50-7］
𫝹,※［＃「人がしら／二／心」、U+2B779、50-8］
𫝹,※［＃「人がしら／二／心」、U+2B779、51-4］
𫝹,※［＃「人がしら／二／心」、U+2B779、51-9］
𫝹,※［＃「人がしら／二／心」、U+2B779、52-10］
𫝹,※［＃「人がしら／二／心」、U+2B779、52-1］
𫝹,※［＃「人がしら／二／心」、U+2B779、52-2］
𫝹,※［＃「人がしら／二／心」、U+2B779、52-4］
𫝹,※［＃「人がしら／二／心」、U+2B779、52-6］
𫝹,※［＃「人がしら／二／心」、U+2B779、52-8］
𫝹,※［＃「人がしら／二／心」、U+2B779、53-2］
𫝹,※［＃「人がしら／二／心」、U+2B779、54-10］
𫝹,※［＃「人がしら／二／心」、U+2B779、54-5］
𫝹,※［＃「人がしら／二／心」、U+2B779、54-8］
𫝹,※［＃「人がしら／二／心」、U+2B779、55-10］
𫝹,※［＃「人がしら／二／心」、U+2B779、55-2］
𫝹,※［＃「人がしら／二／心」、U+2B779、56-1］
𫝹,※［＃「人がしら／二／心」、U+2B779、56-3］
𫝹,※［＃「人がしら／二／心」、U+2B779、56-9］
𫝹,※［＃「人がしら／二／心」、U+2B779、57-2］
𫝹,※［＃「人がしら／二／心」、U+2B779、57-3］
𫝹,※［＃「人がしら／二／心」、U+2B779、57-4］
𫝹,※［＃「人がしら／二／心」、U+2B779、57-7］
𫝹,※［＃「人がしら／二／心」、U+2B779、57-9］
𫝹,※［＃「人がしら／二／心」、U+2B779、58-1］
𫝹,※［＃「人がしら／二／心」、U+2B779、58-2］
𫝹,※［＃「人がしら／二／心」、U+2B779、58-3］
𫝹,※［＃「人がしら／二／心」、U+2B779、58-4］
𫝹,※［＃「人がしら／二／心」、U+2B779、58-5］
𫝹,※［＃「人がしら／二／心」、U+2B779、58-8］
𫝹,※［＃「人がしら／二／心」、U+2B779、6-7］
𫝹,※［＃「人がしら／二／心」、U+2B779、60-3］
𫝹,※［＃「人がしら／二／心」、U+2B779、63-3］
𫝹,※［＃「人がしら／二／心」、U+2B779、63-4］
𫝹,※［＃「人がしら／二／心」、U+2B779、64-7］
𫝹,※［＃「人がしら／二／心」、U+2B779、65-6］
𫝹,※［＃「人がしら／二／心」、U+2B779、66-5］
𫝹,※［＃「人がしら／二／心」、U+2B779、68-9］
𫝹,※［＃「人がしら／二／心」、U+2B779、69-5］
𫝹,※［＃「人がしら／二／心」、U+2B779、69-6］
𫝹,※［＃「人がしら／二／心」、U+2B779、69-8］
𫝹,※［＃「人がしら／二／心」、U+2B779、69-9］
𫝹,※［＃「人がしら／二／心」、U+2B779、7-2］
𫝹,※［＃「人がしら／二／心」、U+2B779、7-9］
𫝹,※［＃「人がしら／二／心」、U+2B779、70-10］
𫝹,※［＃「人がしら／二／心」、U+2B779、70-2］
𫝹,※［＃「人がしら／二／心」、U+2B779、70-4］
𫝹,※［＃「人がしら／二／心」、U+2B779、70-8］
𫝹,※［＃「人がしら／二／心」、U+2B779、71-2］
𫝹,※［＃「人がしら／二／心」、U+2B779、71-4］
𫝹,※［＃「人がしら／二／心」、U+2B779、71-7］
𫝹,※［＃「人がしら／二／心」、U+2B779、72-2］
𫝹,※［＃「人がしら／二／心」、U+2B779、72-6］
𫝹,※［＃「人がしら／二／心」、U+2B779、72-9］
𫝹,※［＃「人がしら／二／心」、U+2B779、73-14］
𫝹,※［＃「人がしら／二／心」、U+2B779、74-7］
𫝹,※［＃「人がしら／二／心」、U+2B779、74-8］
𫝹,※［＃「人がしら／二／心」、U+2B779、75-10］
𫝹,※［＃「人がしら／二／心」、U+2B779、75-2］
𫝹,※［＃「人がしら／二／心」、U+2B779、75-3］
𫝹,※［＃「人がしら／二／心」、U+2B779、76-2］
𫝹,※［＃「人がしら／二／心」、U+2B779、76-3］
𫝹,※［＃「人がしら／二／心」、U+2B779、77-10］
𫝹,※［＃「人がしら／二／心」、U+2B779、77-4］
𫝹,※［＃「人がしら／二／心」、U+2B779、77-7］
𫝹,※［＃「人がしら／二／心」、U+2B779、78-1］
𫝹,※［＃「人がしら／二／心」、U+2B779、78-8］
𫝹,※［＃「人がしら／二／心」、U+2B779、79-10］
𫝹,※［＃「人がしら／二／心」、U+2B779、79-2］
𫝹,※［＃「人がしら／二／心」、U+2B779、79-5］
𫝹,※［＃「人がしら／二／心」、U+2B779、79-6］
𫝹,※［＃「人がしら／二／心」、U+2B779、79-9］
𫝹,※［＃「人がしら／二／心」、U+2B779、80-2］
𫝹,※［＃「人がしら／二／心」、U+2B779、82-9］
𫝹,※［＃「人がしら／二／心」、U+2B779、84-1］
𫝹,※［＃「人がしら／二／心」、U+2B779、85-10］
𫝹,※［＃「人がしら／二／心」、U+2B779、86-10］
𫝹,※［＃「人がしら／二／心」、U+2B779、86-2］
𫝹,※［＃「人がしら／二／心」、U+2B779、86-4］
𫝹,※［＃「人がしら／二／心」、U+2B779、86-5］
𫝹,※［＃「人がしら／二／心」、U+2B779、86-6］
𫝹,※［＃「人がしら／二／心」、U+2B779、86-8］
𫝹,※［＃「人がしら／二／心」、U+2B779、87-10］
𫝹,※［＃「人がしら／二／心」、U+2B779、87-1］
𫝹,※［＃「人がしら／二／心」、U+2B779、87-3］
𫝹,※［＃「人がしら／二／心」、U+2B779、87-4］
𫝹,※［＃「人がしら／二／心」、U+2B779、87-5］
𫝹,※［＃「人がしら／二／心」、U+2B779、88-2］
𫝹,※［＃「人がしら／二／心」、U+2B779、88-3］
𫝹,※［＃「人がしら／二／心」、U+2B779、序言-3］
𫝹,※［＃「人がしら／二／心」、U+2B779、序言-5］
𫝹,※［＃「人がしら／二／心」、U+2B779、表紙］
𫝼,※［＃「てへん＋発」、U+2B77C、180-上-23］
𫝼,※［＃「てへん＋発」、U+2B77C、200-上-9］
𫝼,※［＃「てへん＋発」、U+2B77C、277-上-3］
𫝼,※［＃「てへん＋発」、U+2B77C、372-上-20］
𫝼,※［＃「てへん＋発」、U+2B77C、379-下-15］
𫝼,※［＃「てへん＋発」、U+2B77C、390-上-2］
𫝼,※［＃「てへん＋発」、U+2B77C、66-5］
𫞻,※［＃「立へん＋丁」、U+2B7BB、61-9］
𫟏,※［＃「くさかんむり／兎」、U+2B7CF、195-6］
𫟏,※［＃「くさかんむり／兎」、U+2B7CF、42-18］
𫠘,※［＃「鼬」の「鼠」に代えて「鼡」、U+2B818、上巻-129-18］
𫠘,※［＃「鼬」の「鼠」に代えて「鼡」、U+2B818、下巻-202-10］
𫢏,※［＃「にんべん＋弖」、U+2B88F、上-192-12］
𫥇,※［＃「冫＋氷」、U+2B947、630-13］
𫥇,※［＃「冫＋氷」、U+2B947、630-9］
𫥇,※［＃「冫＋氷」、U+2B947、653-9］
𫥇,※［＃「冫＋氷」、U+2B947、654-5］
𫥇,※［＃「冫＋氷」、U+2B947、654-6］
𫾻,※［＃「易＋攵」、U+2BFBB、464-12］
𬄚,※［＃「木＋惡」、U+2C11A、360-13］
𬅋,※［＃「木＋薪」、U+2C14B、137-12］
𬏣,※［＃「やまいだれ＋仙」、U+2C3E3、360-1］
𬵩,※［＃「魚＋膠のつくり」、U+2CD69、47-13］
𭖄,※［＃「山＋下」、U+2D584、250-7］
𭧴,※［＃「日＋閑」、U+2D9F4、321-12］
𭧴,※［＃「日＋閑」、U+2D9F4、322-5］
𭽸,※［＃「皷／冬」、U+2DF78、111-下-17］
𮤠,※［＃「門＜梨」、U+2E920、41-上-5］
𮪚,※［＃「馬＋（品／木）」、U+2EA9A、18-上-11］
𮮆,※［＃「麦＋包」、U+2EB86、182-上-3］
𮯇,※［＃「歯＋足」、U+2EBC7、343-上-7］
𮯎,※［＃「歯＋屋」、U+2EBCE、343-上-7］
切,※［＃「土へん＋刀」、U+2F850、145-11］
憯,※［＃「りっしんべん＋僭のつくり」、U+2F8AE、143-18］
憯,※［＃「りっしんべん＋僭のつくり」、U+2F8AE、379-2］
憯,※［＃「りっしんべん＋僭のつくり」、U+2F8AE、379-6］
