09,09,	
0a,0a,

0c,0c,
0d,0d,
20,20, 
21,21,!
22,22,"
23,23,#
24,24,$
25,25,%
26,26,&
27,27,'
28,28,(
29,29,)
2a,2a,*
2b,2b,+
2c,2c,,
2d,2d,-
2e,2e,.
2f,2f,/
30,30,0
31,31,1
32,32,2
33,33,3
34,34,4
35,35,5
36,36,6
37,37,7
38,38,8
39,39,9
3a,3a,:
3b,3b,;
3c,3c,<
3d,3d,=
3e,3e,>
3f,3f,?
40,40,@
41,41,A
42,42,B
43,43,C
44,44,D
45,45,E
46,46,F
47,47,G
48,48,H
49,49,I
4a,4a,J
4b,4b,K
4c,4c,L
4d,4d,M
4e,4e,N
4f,4f,O
50,50,P
51,51,Q
52,52,R
53,53,S
54,54,T
55,55,U
56,56,V
57,57,W
58,58,X
59,59,Y
5a,5a,Z
5b,5b,[
5c,5c,\
5d,5d,]
5e,5e,^
5f,5f,_
60,60,`
61,61,a
62,62,b
63,63,c
64,64,d
65,65,e
66,66,f
67,67,g
68,68,h
69,69,i
6a,6a,j
6b,6b,k
6c,6c,l
6d,6d,m
6e,6e,n
6f,6f,o
70,70,p
71,71,q
72,72,r
73,73,s
74,74,t
75,75,u
76,76,v
77,77,w
78,78,x
79,79,y
7a,7a,z
7b,7b,{
7c,7c,|
7d,7d,}
7e,7e,~
8140,e38080,　
8141,e38081,、
8142,e38082,。
8143,efbc8c,，
8144,efbc8e,．
8145,e383bb,・
8146,efbc9a,：
8147,efbc9b,；
8148,efbc9f,？
8149,efbc81,！
814a,e3829b,゛
814b,e3829c,゜
814c,c2b4,´
814d,efbd80,｀
814e,c2a8,¨
8150,efbfa3,￣
8151,efbcbf,＿
8152,e383bd,ヽ
8153,e383be,ヾ
8154,e3829d,ゝ
8155,e3829e,ゞ
8156,e38083,〃
8157,e4bb9d,仝
8158,e38085,々
8159,e38086,〆
815a,e38087,〇
815b,e383bc,ー
815c,e28095,―
815d,e28090,‐
815e,efbc8f,／
815f,efbcbc,＼
8160,efbd9e,～
8161,e288a5,∥
8162,efbd9c,｜
8163,e280a6,…
8164,e280a5,‥
8165,e28098,‘
8166,e28099,’
8167,e2809c,“
8168,e2809d,”
8169,efbc88,（
816a,efbc89,）
816b,e38094,〔
816c,e38095,〕
816d,efbcbb,［
816e,efbcbd,］
816f,efbd9b,｛
8170,efbd9d,｝
8171,e38088,〈
8172,e38089,〉
8173,e3808a,《
8174,e3808b,》
8175,e3808c,「
8176,e3808d,」
8177,e3808e,『
8178,e3808f,』
8179,e38090,【
817a,e38091,】
817b,efbc8b,＋
817c,efbc8d,－
817d,c2b1,±
817e,c397,×
8180,c3b7,÷
8181,efbc9d,＝
8182,e289a0,≠
8183,efbc9c,＜
8184,efbc9e,＞
8187,e2889e,∞
8188,e288b4,∴
8189,e29982,♂
818a,e29980,♀
818b,c2b0,°
818c,e280b2,′
818d,e280b3,″
818e,e28483,℃
818f,efbfa5,￥
8190,efbc84,＄
8191,efbfa0,￠
8192,efbfa1,￡
8193,efbc85,％
8194,efbc83,＃
8195,efbc86,＆
8196,efbc8a,＊
8197,efbca0,＠
8198,c2a7,§
8199,e29886,☆
819a,e29885,★
819b,e2978b,○
819c,e2978f,●
819d,e2978e,◎
819e,e29787,◇
819f,e29786,◆
81a0,e296a1,□
81a1,e296a0,■
81a2,e296b3,△
81a3,e296b2,▲
81a4,e296bd,▽
81a5,e296bc,▼
81a6,e280bb,※
81a7,e38092,〒
81a8,e28692,→
81a9,e28690,←
81aa,e28691,↑
81ab,e28693,↓
81ac,e38093,〓
81bc,e28a82,⊂
81be,e288aa,∪
81bf,e288a9,∩
81c8,e288a7,∧
81c9,e288a8,∨
81cb,e28792,⇒
81dc,e28c92,⌒
81e0,e28992,≒
81e1,e289aa,≪
81e2,e289ab,≫
81e3,e2889a,√
81f0,e284ab,Å
81f3,e299ad,♭
81f4,e299aa,♪
81f5,e280a0,†
81f6,e280a1,‡
81f7,c2b6,¶
81fc,e297af,◯
824f,efbc90,０
8250,efbc91,１
8251,efbc92,２
8252,efbc93,３
8253,efbc94,４
8254,efbc95,５
8255,efbc96,６
8256,efbc97,７
8257,efbc98,８
8258,efbc99,９
8260,efbca1,Ａ
8261,efbca2,Ｂ
8262,efbca3,Ｃ
8263,efbca4,Ｄ
8264,efbca5,Ｅ
8265,efbca6,Ｆ
8266,efbca7,Ｇ
8267,efbca8,Ｈ
8268,efbca9,Ｉ
8269,efbcaa,Ｊ
826a,efbcab,Ｋ
826b,efbcac,Ｌ
826c,efbcad,Ｍ
826d,efbcae,Ｎ
826e,efbcaf,Ｏ
826f,efbcb0,Ｐ
8270,efbcb1,Ｑ
8271,efbcb2,Ｒ
8272,efbcb3,Ｓ
8273,efbcb4,Ｔ
8274,efbcb5,Ｕ
8275,efbcb6,Ｖ
8276,efbcb7,Ｗ
8277,efbcb8,Ｘ
8278,efbcb9,Ｙ
8279,efbcba,Ｚ
8281,efbd81,ａ
8282,efbd82,ｂ
8283,efbd83,ｃ
8284,efbd84,ｄ
8285,efbd85,ｅ
8286,efbd86,ｆ
8287,efbd87,ｇ
8288,efbd88,ｈ
8289,efbd89,ｉ
828a,efbd8a,ｊ
828b,efbd8b,ｋ
828c,efbd8c,ｌ
828d,efbd8d,ｍ
828e,efbd8e,ｎ
828f,efbd8f,ｏ
8290,efbd90,ｐ
8291,efbd91,ｑ
8292,efbd92,ｒ
8293,efbd93,ｓ
8294,efbd94,ｔ
8295,efbd95,ｕ
8296,efbd96,ｖ
8297,efbd97,ｗ
8298,efbd98,ｘ
8299,efbd99,ｙ
829a,efbd9a,ｚ
829f,e38181,ぁ
82a0,e38182,あ
82a1,e38183,ぃ
82a2,e38184,い
82a3,e38185,ぅ
82a4,e38186,う
82a5,e38187,ぇ
82a6,e38188,え
82a7,e38189,ぉ
82a8,e3818a,お
82a9,e3818b,か
82aa,e3818c,が
82ab,e3818d,き
82ac,e3818e,ぎ
82ad,e3818f,く
82ae,e38190,ぐ
82af,e38191,け
82b0,e38192,げ
82b1,e38193,こ
82b2,e38194,ご
82b3,e38195,さ
82b4,e38196,ざ
82b5,e38197,し
82b6,e38198,じ
82b7,e38199,す
82b8,e3819a,ず
82b9,e3819b,せ
82ba,e3819c,ぜ
82bb,e3819d,そ
82bc,e3819e,ぞ
82bd,e3819f,た
82be,e381a0,だ
82bf,e381a1,ち
82c0,e381a2,ぢ
82c1,e381a3,っ
82c2,e381a4,つ
82c3,e381a5,づ
82c4,e381a6,て
82c5,e381a7,で
82c6,e381a8,と
82c7,e381a9,ど
82c8,e381aa,な
82c9,e381ab,に
82ca,e381ac,ぬ
82cb,e381ad,ね
82cc,e381ae,の
82cd,e381af,は
82ce,e381b0,ば
82cf,e381b1,ぱ
82d0,e381b2,ひ
82d1,e381b3,び
82d2,e381b4,ぴ
82d3,e381b5,ふ
82d4,e381b6,ぶ
82d5,e381b7,ぷ
82d6,e381b8,へ
82d7,e381b9,べ
82d8,e381ba,ぺ
82d9,e381bb,ほ
82da,e381bc,ぼ
82db,e381bd,ぽ
82dc,e381be,ま
82dd,e381bf,み
82de,e38280,む
82df,e38281,め
82e0,e38282,も
82e1,e38283,ゃ
82e2,e38284,や
82e3,e38285,ゅ
82e4,e38286,ゆ
82e5,e38287,ょ
82e6,e38288,よ
82e7,e38289,ら
82e8,e3828a,り
82e9,e3828b,る
82ea,e3828c,れ
82eb,e3828d,ろ
82ec,e3828e,ゎ
82ed,e3828f,わ
82ee,e38290,ゐ
82ef,e38291,ゑ
82f0,e38292,を
82f1,e38293,ん
8340,e382a1,ァ
8341,e382a2,ア
8342,e382a3,ィ
8343,e382a4,イ
8344,e382a5,ゥ
8345,e382a6,ウ
8346,e382a7,ェ
8347,e382a8,エ
8348,e382a9,ォ
8349,e382aa,オ
834a,e382ab,カ
834b,e382ac,ガ
834c,e382ad,キ
834d,e382ae,ギ
834e,e382af,ク
834f,e382b0,グ
8350,e382b1,ケ
8351,e382b2,ゲ
8352,e382b3,コ
8353,e382b4,ゴ
8354,e382b5,サ
8355,e382b6,ザ
8356,e382b7,シ
8357,e382b8,ジ
8358,e382b9,ス
8359,e382ba,ズ
835a,e382bb,セ
835b,e382bc,ゼ
835c,e382bd,ソ
835d,e382be,ゾ
835e,e382bf,タ
835f,e38380,ダ
8360,e38381,チ
8361,e38382,ヂ
8362,e38383,ッ
8363,e38384,ツ
8364,e38385,ヅ
8365,e38386,テ
8366,e38387,デ
8367,e38388,ト
8368,e38389,ド
8369,e3838a,ナ
836a,e3838b,ニ
836b,e3838c,ヌ
836c,e3838d,ネ
836d,e3838e,ノ
836e,e3838f,ハ
836f,e38390,バ
8370,e38391,パ
8371,e38392,ヒ
8372,e38393,ビ
8373,e38394,ピ
8374,e38395,フ
8375,e38396,ブ
8376,e38397,プ
8377,e38398,ヘ
8378,e38399,ベ
8379,e3839a,ペ
837a,e3839b,ホ
837b,e3839c,ボ
837c,e3839d,ポ
837d,e3839e,マ
837e,e3839f,ミ
8380,e383a0,ム
8381,e383a1,メ
8382,e383a2,モ
8383,e383a3,ャ
8384,e383a4,ヤ
8385,e383a5,ュ
8386,e383a6,ユ
8387,e383a7,ョ
8388,e383a8,ヨ
8389,e383a9,ラ
838a,e383aa,リ
838b,e383ab,ル
838c,e383ac,レ
838d,e383ad,ロ
838e,e383ae,ヮ
838f,e383af,ワ
8390,e383b0,ヰ
8391,e383b1,ヱ
8392,e383b2,ヲ
8393,e383b3,ン
8394,e383b4,ヴ
8395,e383b5,ヵ
8396,e383b6,ヶ
839f,ce91,Α
83a1,ce93,Γ
83a2,ce94,Δ
83a3,ce95,Ε
83a6,ce98,Θ
83a7,ce99,Ι
83a8,ce9a,Κ
83a9,ce9b,Λ
83aa,ce9c,Μ
83ae,cea0,Π
83b0,cea3,Σ
83b1,cea4,Τ
83b2,cea5,Υ
83b3,cea6,Φ
83b4,cea7,Χ
83b6,cea9,Ω
83bf,ceb1,α
83c0,ceb2,β
83c1,ceb3,γ
83c2,ceb4,δ
83c3,ceb5,ε
83c4,ceb6,ζ
83c5,ceb7,η
83c6,ceb8,θ
83c7,ceb9,ι
83c8,ceba,κ
83c9,cebb,λ
83ca,cebc,μ
83cb,cebd,ν
83cc,cebe,ξ
83cd,cebf,ο
83ce,cf80,π
83cf,cf81,ρ
83d0,cf83,σ
83d1,cf84,τ
83d2,cf85,υ
83d3,cf86,φ
83d4,cf87,χ
83d5,cf88,ψ
83d6,cf89,ω
8440,d090,А
8441,d091,Б
8442,d092,В
8443,d093,Г
8444,d094,Д
8445,d095,Е
8447,d096,Ж
8448,d097,З
8449,d098,И
844a,d099,Й
844b,d09a,К
844c,d09b,Л
844d,d09c,М
844e,d09d,Н
844f,d09e,О
8450,d09f,П
8451,d0a0,Р
8452,d0a1,С
8453,d0a2,Т
8454,d0a3,У
8455,d0a4,Ф
8456,d0a5,Х
8457,d0a6,Ц
8458,d0a7,Ч
8459,d0a8,Ш
845c,d0ab,Ы
845d,d0ac,Ь
845e,d0ad,Э
845f,d0ae,Ю
8460,d0af,Я
8470,d0b0,а
8471,d0b1,б
8472,d0b2,в
8473,d0b3,г
8474,d0b4,д
8475,d0b5,е
8476,d191,ё
8477,d0b6,ж
8478,d0b7,з
8479,d0b8,и
847a,d0b9,й
847b,d0ba,к
847c,d0bb,л
847d,d0bc,м
847e,d0bd,н
8480,d0be,о
8481,d0bf,п
8482,d180,р
8483,d181,с
8484,d182,т
8485,d183,у
8486,d184,ф
8487,d185,х
8488,d186,ц
8489,d187,ч
848a,d188,ш
848b,d189,щ
848d,d18b,ы
848e,d18c,ь
8490,d18e,ю
8491,d18f,я
849f,e29480,─
84a0,e29482,│
84a1,e2948c,┌
84a2,e29490,┐
84a3,e29498,┘
84a4,e29494,└
84a5,e2949c,├
84a6,e294ac,┬
84a7,e294a4,┤
84a8,e294b4,┴
84a9,e294bc,┼
84aa,e29481,━
84ab,e29483,┃
84ac,e2948f,┏
84ad,e29493,┓
84ae,e2949b,┛
84af,e29497,┗
84b0,e294a3,┣
84b5,e294a0,┠
84b6,e294af,┯
84b7,e294a8,┨
84b8,e294b7,┷
8754,e285a0,Ⅰ
889f,e4ba9c,亜
88a0,e59496,唖
88a1,e5a883,娃
88a2,e998bf,阿
88a3,e59380,哀
88a4,e6849b,愛
88a5,e68ca8,挨
88a6,e5a7b6,姶
88a7,e980a2,逢
88a8,e891b5,葵
88a9,e88c9c,茜
88ab,e682aa,悪
88ac,e68fa1,握
88ad,e6b8a5,渥
88ae,e697ad,旭
88af,e891a6,葦
88b0,e88aa6,芦
88b1,e9afb5,鯵
88b2,e6a293,梓
88b3,e59ca7,圧
88b4,e696a1,斡
88b5,e689b1,扱
88b6,e5ae9b,宛
88b7,e5a790,姐
88b8,e899bb,虻
88b9,e9a3b4,飴
88ba,e7b5a2,絢
88bb,e7b6be,綾
88bc,e9ae8e,鮎
88bd,e68896,或
88be,e7b29f,粟
88bf,e8a2b7,袷
88c0,e5ae89,安
88c1,e5bab5,庵
88c2,e68c89,按
88c3,e69a97,暗
88c4,e6a188,案
88c5,e99787,闇
88c6,e99e8d,鞍
88c7,e69d8f,杏
88c8,e4bba5,以
88c9,e4bc8a,伊
88ca,e4bd8d,位
88cb,e4be9d,依
88cc,e58189,偉
88cd,e59bb2,囲
88ce,e5a4b7,夷
88cf,e5a794,委
88d0,e5a881,威
88d1,e5b089,尉
88d2,e6839f,惟
88d3,e6848f,意
88d4,e685b0,慰
88d5,e69893,易
88d6,e6a485,椅
88d7,e782ba,為
88d8,e7958f,畏
88d9,e795b0,異
88da,e7a7bb,移
88db,e7b6ad,維
88dc,e7b7af,緯
88dd,e88383,胃
88de,e8908e,萎
88df,e8a1a3,衣
88e0,e8ac82,謂
88e1,e98195,違
88e2,e981ba,遺
88e3,e58cbb,医
88e4,e4ba95,井
88e5,e4baa5,亥
88e6,e59f9f,域
88e7,e882b2,育
88e8,e98381,郁
88e9,e7a3af,磯
88ea,e4b880,一
88eb,e5a3b1,壱
88ec,e6baa2,溢
88ed,e980b8,逸
88ee,e7a8b2,稲
88ef,e88ca8,茨
88f0,e88a8b,芋
88f1,e9b0af,鰯
88f2,e58581,允
88f3,e58db0,印
88f4,e592bd,咽
88f5,e593a1,員
88f6,e59ba0,因
88f7,e5a7bb,姻
88f8,e5bc95,引
88f9,e9a3b2,飲
88fa,e6b7ab,淫
88fb,e883a4,胤
88fc,e894ad,蔭
8940,e999a2,院
8941,e999b0,陰
8942,e99aa0,隠
8943,e99fbb,韻
8944,e5908b,吋
8945,e58fb3,右
8946,e5ae87,宇
8947,e7838f,烏
8948,e7bebd,羽
8949,e8bf82,迂
894a,e99ba8,雨
894b,e58daf,卯
894c,e9b59c,鵜
894d,e7aaba,窺
894e,e4b891,丑
894f,e7a293,碓
8950,e887bc,臼
8951,e6b8a6,渦
8952,e59898,嘘
8953,e59484,唄
8954,e6ac9d,欝
8955,e8949a,蔚
8956,e9b0bb,鰻
8957,e5a7a5,姥
8958,e58ea9,厩
8959,e6b5a6,浦
895a,e7939c,瓜
895b,e9968f,閏
895c,e59982,噂
895d,e4ba91,云
895e,e9818b,運
895f,e99bb2,雲
8960,e88d8f,荏
8961,e9a48c,餌
8962,e58fa1,叡
8963,e596b6,営
8964,e5acb0,嬰
8965,e5bdb1,影
8966,e698a0,映
8967,e69bb3,曳
8968,e6a084,栄
8969,e6b0b8,永
896a,e6b3b3,泳
896b,e6b4a9,洩
896c,e7919b,瑛
896d,e79b88,盈
896e,e7a98e,穎
896f,e9a0b4,頴
8970,e88bb1,英
8971,e8a19b,衛
8972,e8a9a0,詠
8973,e98bad,鋭
8974,e6b6b2,液
8975,e796ab,疫
8976,e79b8a,益
8977,e9a785,駅
8978,e682a6,悦
8979,e8ac81,謁
897a,e8b68a,越
897b,e996b2,閲
897c,e6a68e,榎
897d,e58ead,厭
897e,e58686,円
8980,e59c92,園
8981,e5a0b0,堰
8982,e5a584,奄
8983,e5aeb4,宴
8984,e5bbb6,延
8985,e680a8,怨
8986,e68ea9,掩
8987,e68fb4,援
8988,e6b2bf,沿
8989,e6bc94,演
898a,e7828e,炎
898b,e78494,焔
898c,e78599,煙
898d,e78795,燕
898e,e78cbf,猿
898f,e7b881,縁
8990,e889b6,艶
8991,e88b91,苑
8992,e89697,薗
8993,e981a0,遠
8994,e9899b,鉛
8995,e9b49b,鴛
8996,e5a1a9,塩
8997,e696bc,於
8998,e6b19a,汚
8999,e794a5,甥
899a,e587b9,凹
899b,e5a4ae,央
899c,e5a5a5,奥
899d,e5be80,往
899e,e5bf9c,応
899f,e68abc,押
89a0,e697ba,旺
89a1,e6a8aa,横
89a2,e6aca7,欧
89a3,e6aeb4,殴
89a4,e78e8b,王
89a5,e7bf81,翁
89a6,e8a596,襖
89a7,e9b4ac,鴬
89a8,e9b48e,鴎
89a9,e9bb84,黄
89aa,e5b2a1,岡
89ab,e6b296,沖
89ac,e88dbb,荻
89ad,e58484,億
89ae,e5b18b,屋
89af,e686b6,憶
89b0,e88786,臆
89b1,e6a1b6,桶
89b2,e789a1,牡
89b3,e4b999,乙
89b4,e4bfba,俺
89b5,e58db8,卸
89b6,e681a9,恩
89b7,e6b8a9,温
89b8,e7a98f,穏
89b9,e99fb3,音
89ba,e4b88b,下
89bb,e58c96,化
89bc,e4bbae,仮
89bd,e4bd95,何
89be,e4bcbd,伽
89bf,e4bea1,価
89c0,e4bdb3,佳
89c1,e58aa0,加
89c2,e58faf,可
89c3,e59889,嘉
89c4,e5a48f,夏
89c5,e5ab81,嫁
89c6,e5aeb6,家
89c7,e5afa1,寡
89c8,e7a791,科
89c9,e69a87,暇
89ca,e69e9c,果
89cb,e69eb6,架
89cc,e6ad8c,歌
89cd,e6b2b3,河
89ce,e781ab,火
89cf,e78f82,珂
89d0,e7a68d,禍
89d1,e7a6be,禾
89d2,e7a8bc,稼
89d3,e7ae87,箇
89d4,e88ab1,花
89d5,e88b9b,苛
89d6,e88c84,茄
89d7,e88db7,荷
89d8,e88faf,華
89d9,e88f93,菓
89da,e89da6,蝦
89db,e8aab2,課
89dc,e598a9,嘩
89dd,e8b2a8,貨
89de,e8bfa6,迦
89df,e9818e,過
89e0,e99c9e,霞
89e1,e89a8a,蚊
89e2,e4bf84,俄
89e3,e5b3a8,峨
89e4,e68891,我
89e5,e78999,牙
89e6,e794bb,画
89e7,e887a5,臥
89e8,e88abd,芽
89e9,e89bbe,蛾
89ea,e8b380,賀
89eb,e99b85,雅
89ec,e9a493,餓
89ed,e9a795,駕
89ee,e4bb8b,介
89ef,e4bc9a,会
89f0,e8a7a3,解
89f1,e59b9e,回
89f2,e5a18a,塊
89f3,e5a38a,壊
89f4,e5bbbb,廻
89f5,e5bfab,快
89f6,e680aa,怪
89f7,e68294,悔
89f8,e681a2,恢
89f9,e68790,懐
89fa,e68892,戒
89fb,e68b90,拐
89fc,e694b9,改
8a40,e9ad81,魁
8a41,e699a6,晦
8a42,e6a2b0,械
8a43,e6b5b7,海
8a44,e781b0,灰
8a45,e7958c,界
8a46,e79a86,皆
8a47,e7b5b5,絵
8a48,e88aa5,芥
8a49,e89fb9,蟹
8a4a,e9968b,開
8a4b,e99a8e,階
8a4c,e8b29d,貝
8a4d,e587b1,凱
8a4e,e58abe,劾
8a4f,e5a496,外
8a50,e592b3,咳
8a51,e5aeb3,害
8a52,e5b496,崖
8a53,e685a8,慨
8a54,e6a682,概
8a55,e6b6af,涯
8a56,e7a28d,碍
8a57,e8938b,蓋
8a58,e8a197,街
8a59,e8a9b2,該
8a5a,e98ea7,鎧
8a5b,e9aab8,骸
8a5c,e6b5ac,浬
8a5d,e9a6a8,馨
8a5e,e89b99,蛙
8a5f,e59ea3,垣
8a60,e69fbf,柿
8a61,e89b8e,蛎
8a62,e9888e,鈎
8a63,e58a83,劃
8a64,e59a87,嚇
8a65,e59084,各
8a66,e5bb93,廓
8a67,e68ba1,拡
8a68,e692b9,撹
8a69,e6a0bc,格
8a6a,e6a0b8,核
8a6b,e6aebb,殻
8a6c,e78db2,獲
8a6d,e7a2ba,確
8a6e,e7a9ab,穫
8a6f,e8a69a,覚
8a70,e8a792,角
8a71,e8b5ab,赫
8a72,e8bc83,較
8a73,e983ad,郭
8a74,e996a3,閣
8a75,e99a94,隔
8a76,e99da9,革
8a77,e5ada6,学
8a78,e5b2b3,岳
8a79,e6a5bd,楽
8a7a,e9a18d,額
8a7b,e9a18e,顎
8a7c,e68e9b,掛
8a7d,e7aca0,笠
8a7e,e6a8ab,樫
8a80,e6a9bf,橿
8a81,e6a2b6,梶
8a82,e9b08d,鰍
8a83,e6bd9f,潟
8a84,e589b2,割
8a85,e5969d,喝
8a86,e681b0,恰
8a87,e68bac,括
8a88,e6b4bb,活
8a89,e6b887,渇
8a8a,e6bb91,滑
8a8b,e8919b,葛
8a8c,e8a490,褐
8a8d,e8bd84,轄
8a8e,e4b894,且
8a8f,e9b0b9,鰹
8a90,e58fb6,叶
8a91,e6a49b,椛
8a92,e6a8ba,樺
8a93,e99e84,鞄
8a94,e6a0aa,株
8a95,e5859c,兜
8a96,e7ab83,竃
8a97,e892b2,蒲
8a98,e9879c,釜
8a99,e98e8c,鎌
8a9a,e5999b,噛
8a9b,e9b4a8,鴨
8a9c,e6a0a2,栢
8a9d,e88c85,茅
8a9e,e890b1,萱
8a9f,e7b2a5,粥
8aa0,e58888,刈
8aa1,e88b85,苅
8aa2,e793a6,瓦
8aa3,e4b9be,乾
8aa4,e4be83,侃
8aa5,e586a0,冠
8aa6,e5af92,寒
8aa7,e5888a,刊
8aa8,e58b98,勘
8aa9,e58ba7,勧
8aaa,e5b7bb,巻
8aab,e5969a,喚
8aac,e5a0aa,堪
8aad,e5a7a6,姦
8aae,e5ae8c,完
8aaf,e5ae98,官
8ab0,e5af9b,寛
8ab1,e5b9b2,干
8ab2,e5b9b9,幹
8ab3,e682a3,患
8ab4,e6849f,感
8ab5,e685a3,慣
8ab6,e686be,憾
8ab7,e68f9b,換
8ab8,e695a2,敢
8ab9,e69f91,柑
8aba,e6a193,桓
8abb,e6a3ba,棺
8abc,e6acbe,款
8abd,e6ad93,歓
8abe,e6b197,汗
8abf,e6bca2,漢
8ac0,e6be97,澗
8ac1,e6bd85,潅
8ac2,e792b0,環
8ac3,e79498,甘
8ac4,e79ba3,監
8ac5,e79c8b,看
8ac6,e7abbf,竿
8ac7,e7aea1,管
8ac8,e7b0a1,簡
8ac9,e7b7a9,緩
8aca,e7bcb6,缶
8acb,e7bfb0,翰
8acc,e8829d,肝
8acd,e889a6,艦
8ace,e88e9e,莞
8acf,e8a6b3,観
8ad0,e8ab8c,諌
8ad1,e8b2ab,貫
8ad2,e98284,還
8ad3,e99191,鑑
8ad4,e99693,間
8ad5,e99691,閑
8ad6,e996a2,関
8ad7,e999a5,陥
8ad8,e99f93,韓
8ad9,e9a4a8,館
8ada,e88898,舘
8adb,e4b8b8,丸
8adc,e590ab,含
8add,e5b2b8,岸
8ade,e5b78c,巌
8adf,e78ea9,玩
8ae0,e7998c,癌
8ae1,e79cbc,眼
8ae2,e5b2a9,岩
8ae3,e7bfab,翫
8ae4,e8b48b,贋
8ae5,e99b81,雁
8ae6,e9a091,頑
8ae7,e9a194,顔
8ae8,e9a198,願
8ae9,e4bc81,企
8aea,e4bc8e,伎
8aeb,e58db1,危
8aec,e5969c,喜
8aed,e599a8,器
8aee,e59fba,基
8aef,e5a587,奇
8af0,e5ac89,嬉
8af1,e5af84,寄
8af2,e5b290,岐
8af3,e5b88c,希
8af4,e5b9be,幾
8af5,e5bf8c,忌
8af6,e68fae,揮
8af7,e69cba,机
8af8,e69797,旗
8af9,e697a2,既
8afa,e69c9f,期
8afb,e6a38b,棋
8afc,e6a384,棄
8b40,e6a99f,機
8b41,e5b8b0,帰
8b42,e6af85,毅
8b43,e6b097,気
8b44,e6b1bd,汽
8b45,e795bf,畿
8b46,e7a588,祈
8b47,e5ada3,季
8b48,e7a880,稀
8b49,e7b480,紀
8b4a,e5bebd,徽
8b4b,e8a68f,規
8b4c,e8a898,記
8b4d,e8b2b4,貴
8b4e,e8b5b7,起
8b4f,e8bb8c,軌
8b50,e8bc9d,輝
8b51,e9a3a2,飢
8b52,e9a88e,騎
8b53,e9acbc,鬼
8b54,e4ba80,亀
8b55,e581bd,偽
8b56,e58480,儀
8b57,e5a693,妓
8b58,e5ae9c,宜
8b59,e688af,戯
8b5a,e68a80,技
8b5b,e693ac,擬
8b5c,e6acba,欺
8b5d,e78aa0,犠
8b5e,e79691,疑
8b5f,e7a587,祇
8b60,e7bea9,義
8b61,e89fbb,蟻
8b62,e8aabc,誼
8b63,e8adb0,議
8b64,e68eac,掬
8b65,e88f8a,菊
8b66,e99ea0,鞠
8b67,e59089,吉
8b68,e59083,吃
8b69,e596ab,喫
8b6a,e6a194,桔
8b6b,e6a998,橘
8b6c,e8a9b0,詰
8b6d,e7a0a7,砧
8b6e,e69db5,杵
8b6f,e9bb8d,黍
8b70,e58db4,却
8b71,e5aea2,客
8b72,e8849a,脚
8b73,e89990,虐
8b74,e98086,逆
8b75,e4b898,丘
8b76,e4b985,久
8b77,e4bb87,仇
8b78,e4bc91,休
8b79,e58f8a,及
8b7a,e590b8,吸
8b7b,e5aeae,宮
8b7c,e5bc93,弓
8b7d,e680a5,急
8b7e,e69591,救
8b80,e69cbd,朽
8b81,e6b182,求
8b82,e6b1b2,汲
8b83,e6b3a3,泣
8b84,e781b8,灸
8b85,e79083,球
8b86,e7a9b6,究
8b87,e7aaae,窮
8b88,e7ac88,笈
8b89,e7b49a,級
8b8a,e7b3be,糾
8b8b,e7b5a6,給
8b8c,e697a7,旧
8b8d,e7899b,牛
8b8e,e58ebb,去
8b8f,e5b185,居
8b90,e5b7a8,巨
8b91,e68b92,拒
8b92,e68ba0,拠
8b93,e68c99,挙
8b94,e6b8a0,渠
8b95,e8999a,虚
8b96,e8a8b1,許
8b97,e8b79d,距
8b98,e98bb8,鋸
8b99,e6bc81,漁
8b9a,e7a6a6,禦
8b9b,e9ad9a,魚
8b9c,e4baa8,亨
8b9d,e4baab,享
8b9e,e4baac,京
8b9f,e4be9b,供
8ba0,e4bea0,侠
8ba1,e58391,僑
8ba2,e58587,兇
8ba3,e7abb6,競
8ba4,e585b1,共
8ba5,e587b6,凶
8ba6,e58d94,協
8ba7,e58ca1,匡
8ba8,e58dbf,卿
8ba9,e58fab,叫
8baa,e596ac,喬
8bab,e5a283,境
8bac,e5b3a1,峡
8bad,e5bcb7,強
8bae,e5bd8a,彊
8baf,e680af,怯
8bb0,e68190,恐
8bb1,e681ad,恭
8bb2,e68c9f,挟
8bb3,e69599,教
8bb4,e6a98b,橋
8bb5,e6b381,況
8bb6,e78b82,狂
8bb7,e78bad,狭
8bb8,e79faf,矯
8bb9,e883b8,胸
8bba,e88485,脅
8bbb,e88888,興
8bbc,e8958e,蕎
8bbd,e983b7,郷
8bbe,e98fa1,鏡
8bbf,e99fbf,響
8bc0,e9a597,饗
8bc1,e9a99a,驚
8bc2,e4bbb0,仰
8bc3,e5879d,凝
8bc4,e5b0ad,尭
8bc5,e69a81,暁
8bc6,e6a5ad,業
8bc7,e5b180,局
8bc8,e69bb2,曲
8bc9,e6a5b5,極
8bca,e78e89,玉
8bcb,e6a190,桐
8bcc,e7b281,粁
8bcd,e58385,僅
8bce,e58ba4,勤
8bcf,e59d87,均
8bd0,e5b7be,巾
8bd1,e98ca6,錦
8bd2,e696a4,斤
8bd3,e6aca3,欣
8bd4,e6acbd,欽
8bd5,e790b4,琴
8bd6,e7a681,禁
8bd7,e7a6bd,禽
8bd8,e7ad8b,筋
8bd9,e7b78a,緊
8bda,e88ab9,芹
8bdb,e88f8c,菌
8bdc,e8a1bf,衿
8bdd,e8a59f,襟
8bde,e8acb9,謹
8bdf,e8bf91,近
8be0,e98791,金
8be1,e5909f,吟
8be2,e98a80,銀
8be3,e4b99d,九
8be4,e580b6,倶
8be5,e58fa5,句
8be6,e58cba,区
8be7,e78b97,狗
8be8,e78e96,玖
8be9,e79fa9,矩
8bea,e88ba6,苦
8beb,e8baaf,躯
8bec,e9a786,駆
8bed,e9a788,駈
8bee,e9a792,駒
8bef,e585b7,具
8bf0,e6849a,愚
8bf1,e8999e,虞
8bf2,e596b0,喰
8bf3,e7a9ba,空
8bf4,e581b6,偶
8bf5,e5af93,寓
8bf6,e98187,遇
8bf7,e99a85,隅
8bf8,e4b8b2,串
8bf9,e6ab9b,櫛
8bfa,e987a7,釧
8bfb,e5b191,屑
8bfc,e5b188,屈
8c40,e68e98,掘
8c41,e7aa9f,窟
8c42,e6b293,沓
8c43,e99db4,靴
8c44,e8bda1,轡
8c45,e7aaaa,窪
8c46,e7868a,熊
8c47,e99a88,隈
8c48,e7b282,粂
8c49,e6a097,栗
8c4a,e7b9b0,繰
8c4b,e6a191,桑
8c4c,e98dac,鍬
8c4d,e58bb2,勲
8c4e,e5909b,君
8c4f,e896ab,薫
8c50,e8a893,訓
8c51,e7bea4,群
8c52,e8bb8d,軍
8c53,e983a1,郡
8c54,e58da6,卦
8c55,e8a288,袈
8c56,e7a581,祁
8c57,e4bf82,係
8c58,e582be,傾
8c59,e58891,刑
8c5a,e58584,兄
8c5b,e59593,啓
8c5c,e59cad,圭
8c5d,e78faa,珪
8c5e,e59e8b,型
8c5f,e5a591,契
8c60,e5bda2,形
8c61,e5be84,径
8c62,e681b5,恵
8c63,e685b6,慶
8c64,e685a7,慧
8c65,e686a9,憩
8c66,e68eb2,掲
8c67,e690ba,携
8c68,e695ac,敬
8c69,e699af,景
8c6a,e6a182,桂
8c6b,e6b893,渓
8c6c,e795a6,畦
8c6d,e7a8bd,稽
8c6e,e7b3bb,系
8c6f,e7b58c,経
8c70,e7b699,継
8c71,e7b98b,繋
8c72,e7bdab,罫
8c73,e88c8e,茎
8c74,e88d8a,荊
8c75,e89b8d,蛍
8c76,e8a888,計
8c77,e8a9a3,詣
8c78,e8ada6,警
8c79,e8bbbd,軽
8c7a,e9a09a,頚
8c7b,e9b68f,鶏
8c7c,e88ab8,芸
8c7d,e8bf8e,迎
8c7e,e9afa8,鯨
8c80,e58a87,劇
8c81,e6889f,戟
8c82,e69283,撃
8c83,e6bf80,激
8c84,e99a99,隙
8c85,e6a181,桁
8c86,e58291,傑
8c87,e6aca0,欠
8c88,e6b1ba,決
8c89,e6bd94,潔
8c8a,e7a9b4,穴
8c8b,e7b590,結
8c8c,e8a180,血
8c8d,e8a8a3,訣
8c8e,e69c88,月
8c8f,e4bbb6,件
8c90,e580b9,倹
8c91,e580a6,倦
8c92,e581a5,健
8c93,e585bc,兼
8c94,e588b8,券
8c95,e589a3,剣
8c96,e596a7,喧
8c97,e59c8f,圏
8c98,e5a085,堅
8c99,e5ab8c,嫌
8c9a,e5bbba,建
8c9b,e686b2,憲
8c9c,e687b8,懸
8c9d,e68bb3,拳
8c9e,e68db2,捲
8c9f,e6a49c,検
8ca0,e6a8a9,権
8ca1,e789bd,牽
8ca2,e78aac,犬
8ca3,e78cae,献
8ca4,e7a094,研
8ca5,e7a1af,硯
8ca6,e7b5b9,絹
8ca7,e79c8c,県
8ca8,e882a9,肩
8ca9,e8a68b,見
8caa,e8ac99,謙
8cab,e8b3a2,賢
8cac,e8bb92,軒
8cad,e981a3,遣
8cae,e98db5,鍵
8caf,e999ba,険
8cb0,e9a195,顕
8cb1,e9a893,験
8cb2,e9b9b8,鹸
8cb3,e58583,元
8cb4,e58e9f,原
8cb5,e58eb3,厳
8cb6,e5b9bb,幻
8cb7,e5bca6,弦
8cb8,e6b89b,減
8cb9,e6ba90,源
8cba,e78e84,玄
8cbb,e78fbe,現
8cbc,e7b583,絃
8cbd,e888b7,舷
8cbe,e8a880,言
8cbf,e8abba,諺
8cc0,e99990,限
8cc1,e4b98e,乎
8cc2,e5808b,個
8cc3,e58fa4,古
8cc4,e591bc,呼
8cc5,e59bba,固
8cc6,e5a791,姑
8cc7,e5ada4,孤
8cc8,e5b7b1,己
8cc9,e5baab,庫
8cca,e5bca7,弧
8ccb,e688b8,戸
8ccc,e69585,故
8ccd,e69eaf,枯
8cce,e6b996,湖
8ccf,e78b90,狐
8cd0,e7b38a,糊
8cd1,e8a2b4,袴
8cd2,e882a1,股
8cd3,e883a1,胡
8cd4,e88fb0,菰
8cd5,e8998e,虎
8cd6,e8aa87,誇
8cd7,e8b7a8,跨
8cd8,e988b7,鈷
8cd9,e99b87,雇
8cda,e9a1a7,顧
8cdb,e9bc93,鼓
8cdc,e4ba94,五
8cdd,e4ba92,互
8cde,e4bc8d,伍
8cdf,e58d88,午
8ce0,e59189,呉
8ce1,e590be,吾
8ce2,e5a8af,娯
8ce3,e5be8c,後
8ce4,e5bea1,御
8ce5,e6829f,悟
8ce6,e6a2a7,梧
8ce7,e6aa8e,檎
8ce8,e7919a,瑚
8ce9,e7a281,碁
8cea,e8aa9e,語
8ceb,e8aaa4,誤
8cec,e8adb7,護
8ced,e98690,醐
8cee,e4b99e,乞
8cef,e9af89,鯉
8cf0,e4baa4,交
8cf1,e4bdbc,佼
8cf2,e4beaf,侯
8cf3,e58099,候
8cf4,e58096,倖
8cf5,e58589,光
8cf6,e585ac,公
8cf7,e58a9f,功
8cf8,e58ab9,効
8cf9,e58bbe,勾
8cfa,e58e9a,厚
8cfb,e58fa3,口
8cfc,e59091,向
8d40,e5908e,后
8d41,e59689,喉
8d42,e59d91,坑
8d43,e59ea2,垢
8d44,e5a5bd,好
8d45,e5ad94,孔
8d46,e5ad9d,孝
8d47,e5ae8f,宏
8d48,e5b7a5,工
8d49,e5b7a7,巧
8d4a,e5b7b7,巷
8d4b,e5b9b8,幸
8d4c,e5ba83,広
8d4d,e5ba9a,庚
8d4e,e5bab7,康
8d4f,e5bc98,弘
8d50,e68192,恒
8d51,e6858c,慌
8d52,e68a97,抗
8d53,e68b98,拘
8d54,e68ea7,控
8d55,e694bb,攻
8d56,e69882,昂
8d57,e69983,晃
8d58,e69bb4,更
8d59,e69dad,杭
8d5a,e6a0a1,校
8d5b,e6a297,梗
8d5c,e6a78b,構
8d5d,e6b19f,江
8d5e,e6b4aa,洪
8d5f,e6b5a9,浩
8d60,e6b8af,港
8d61,e6ba9d,溝
8d62,e794b2,甲
8d63,e79a87,皇
8d64,e7a1ac,硬
8d65,e7a8bf,稿
8d66,e7b3a0,糠
8d67,e7b485,紅
8d68,e7b498,紘
8d69,e7b59e,絞
8d6a,e7b6b1,綱
8d6b,e88095,耕
8d6c,e88083,考
8d6d,e882af,肯
8d6e,e882b1,肱
8d6f,e88594,腔
8d70,e8868f,膏
8d71,e888aa,航
8d72,e88d92,荒
8d73,e8a18c,行
8d74,e8a1a1,衡
8d75,e8ac9b,講
8d76,e8b2a2,貢
8d77,e8b3bc,購
8d78,e9838a,郊
8d79,e985b5,酵
8d7a,e989b1,鉱
8d7b,e7a0bf,砿
8d7c,e98bbc,鋼
8d7d,e996a4,閤
8d7e,e9998d,降
8d80,e9a085,項
8d81,e9a699,香
8d82,e9ab98,高
8d83,e9b4bb,鴻
8d84,e5899b,剛
8d85,e58aab,劫
8d86,e58fb7,号
8d87,e59088,合
8d88,e5a395,壕
8d89,e68bb7,拷
8d8a,e6bfa0,濠
8d8b,e8b1aa,豪
8d8c,e8bd9f,轟
8d8d,e9bab9,麹
8d8e,e5858b,克
8d8f,e588bb,刻
8d90,e5918a,告
8d91,e59bbd,国
8d92,e7a980,穀
8d93,e985b7,酷
8d94,e9b5a0,鵠
8d95,e9bb92,黒
8d96,e78d84,獄
8d97,e6bc89,漉
8d98,e885b0,腰
8d99,e79491,甑
8d9a,e5bfbd,忽
8d9b,e6839a,惚
8d9c,e9aaa8,骨
8d9d,e78b9b,狛
8d9e,e8bebc,込
8d9f,e6ada4,此
8da0,e9a083,頃
8da1,e4bb8a,今
8da2,e59bb0,困
8da3,e59da4,坤
8da4,e5a2be,墾
8da5,e5a99a,婚
8da6,e681a8,恨
8da7,e68787,懇
8da8,e6988f,昏
8da9,e69886,昆
8daa,e6a0b9,根
8dab,e6a2b1,梱
8dac,e6b7b7,混
8dad,e79795,痕
8dae,e7b4ba,紺
8daf,e889ae,艮
8db0,e9ad82,魂
8db1,e4ba9b,些
8db2,e4bd90,佐
8db3,e58f89,叉
8db4,e59486,唆
8db5,e5b5af,嵯
8db6,e5b7a6,左
8db7,e5b7ae,差
8db8,e69fbb,査
8db9,e6b299,沙
8dba,e791b3,瑳
8dbb,e7a082,砂
8dbc,e8a990,詐
8dbd,e98e96,鎖
8dbe,e8a39f,裟
8dbf,e59d90,坐
8dc0,e5baa7,座
8dc1,e68cab,挫
8dc2,e582b5,債
8dc3,e582ac,催
8dc4,e5868d,再
8dc5,e69c80,最
8dc6,e59389,哉
8dc7,e5a19e,塞
8dc8,e5a6bb,妻
8dc9,e5aeb0,宰
8dca,e5bda9,彩
8dcb,e6898d,才
8dcc,e68ea1,採
8dcd,e6a0bd,栽
8dce,e6adb3,歳
8dcf,e6b888,済
8dd0,e781bd,災
8dd1,e98787,采
8dd2,e78a80,犀
8dd3,e7a095,砕
8dd4,e7a0a6,砦
8dd5,e7a5ad,祭
8dd6,e6968e,斎
8dd7,e7b4b0,細
8dd8,e88f9c,菜
8dd9,e8a381,裁
8dda,e8bc89,載
8ddb,e99a9b,際
8ddc,e589a4,剤
8ddd,e59ca8,在
8dde,e69d90,材
8ddf,e7bdaa,罪
8de0,e8b2a1,財
8de1,e586b4,冴
8de2,e59d82,坂
8de3,e998aa,阪
8de4,e5a0ba,堺
8de5,e6a68a,榊
8de6,e882b4,肴
8de7,e592b2,咲
8de8,e5b48e,崎
8de9,e59fbc,埼
8dea,e7a295,碕
8deb,e9b7ba,鷺
8dec,e4bd9c,作
8ded,e5898a,削
8dee,e5928b,咋
8def,e690be,搾
8df0,e698a8,昨
8df1,e69c94,朔
8df2,e69fb5,柵
8df3,e7aa84,窄
8df4,e7ad96,策
8df5,e7b4a2,索
8df6,e98caf,錯
8df7,e6a19c,桜
8df8,e9aead,鮭
8df9,e7acb9,笹
8dfa,e58c99,匙
8dfb,e5868a,冊
8dfc,e588b7,刷
8e40,e5af9f,察
8e41,e68bb6,拶
8e42,e692ae,撮
8e43,e693a6,擦
8e44,e69cad,札
8e45,e6aeba,殺
8e46,e896a9,薩
8e47,e99b91,雑
8e48,e79a90,皐
8e49,e9af96,鯖
8e4a,e68d8c,捌
8e4b,e98c86,錆
8e4c,e9aeab,鮫
8e4d,e79abf,皿
8e4e,e69992,晒
8e4f,e4b889,三
8e50,e58298,傘
8e51,e58f82,参
8e52,e5b1b1,山
8e53,e683a8,惨
8e54,e69292,撒
8e55,e695a3,散
8e56,e6a19f,桟
8e57,e787a6,燦
8e58,e78f8a,珊
8e59,e794a3,産
8e5a,e7ae97,算
8e5b,e7ba82,纂
8e5c,e89a95,蚕
8e5d,e8ae83,讃
8e5e,e8b39b,賛
8e5f,e985b8,酸
8e60,e9a490,餐
8e61,e696ac,斬
8e62,e69aab,暫
8e63,e6ae8b,残
8e64,e4bb95,仕
8e65,e4bb94,仔
8e66,e4bcba,伺
8e67,e4bdbf,使
8e68,e588ba,刺
8e69,e58fb8,司
8e6a,e58fb2,史
8e6b,e597a3,嗣
8e6c,e59b9b,四
8e6d,e5a3ab,士
8e6e,e5a78b,始
8e6f,e5a789,姉
8e70,e5a7bf,姿
8e71,e5ad90,子
8e72,e5b18d,屍
8e73,e5b882,市
8e74,e5b8ab,師
8e75,e5bf97,志
8e76,e6809d,思
8e77,e68c87,指
8e78,e694af,支
8e79,e5ad9c,孜
8e7a,e696af,斯
8e7b,e696bd,施
8e7c,e697a8,旨
8e7d,e69e9d,枝
8e7e,e6ada2,止
8e80,e6adbb,死
8e81,e6b08f,氏
8e82,e78d85,獅
8e83,e7a589,祉
8e84,e7a781,私
8e85,e7b3b8,糸
8e86,e7b499,紙
8e87,e7b4ab,紫
8e88,e882a2,肢
8e89,e88482,脂
8e8a,e887b3,至
8e8b,e8a696,視
8e8c,e8a99e,詞
8e8d,e8a9a9,詩
8e8e,e8a9a6,試
8e8f,e8aa8c,誌
8e90,e8abae,諮
8e91,e8b387,資
8e92,e8b39c,賜
8e93,e99b8c,雌
8e94,e9a3bc,飼
8e95,e6adaf,歯
8e96,e4ba8b,事
8e97,e4bcbc,似
8e98,e4be8d,侍
8e99,e58590,児
8e9a,e5ad97,字
8e9b,e5afba,寺
8e9c,e68588,慈
8e9d,e68c81,持
8e9e,e69982,時
8e9f,e6aca1,次
8ea0,e6bb8b,滋
8ea1,e6b2bb,治
8ea2,e788be,爾
8ea3,e792bd,璽
8ea4,e79794,痔
8ea5,e7a381,磁
8ea6,e7a4ba,示
8ea7,e8808c,而
8ea8,e880b3,耳
8ea9,e887aa,自
8eaa,e89294,蒔
8eab,e8be9e,辞
8eac,e6b190,汐
8ead,e9b9bf,鹿
8eae,e5bc8f,式
8eaf,e8ad98,識
8eb0,e9b4ab,鴫
8eb1,e7abba,竺
8eb2,e8bbb8,軸
8eb3,e5ae8d,宍
8eb4,e99bab,雫
8eb5,e4b883,七
8eb6,e58fb1,叱
8eb7,e59fb7,執
8eb8,e5a4b1,失
8eb9,e5ab89,嫉
8eba,e5aea4,室
8ebb,e68289,悉
8ebc,e6b9bf,湿
8ebd,e6bc86,漆
8ebe,e796be,疾
8ebf,e8b3aa,質
8ec0,e5ae9f,実
8ec1,e89480,蔀
8ec2,e7afa0,篠
8ec3,e581b2,偲
8ec4,e69fb4,柴
8ec5,e88a9d,芝
8ec6,e5b1a1,屡
8ec7,e8958a,蕊
8ec8,e7b89e,縞
8ec9,e8888e,舎
8eca,e58699,写
8ecb,e5b084,射
8ecc,e68da8,捨
8ecd,e8b5a6,赦
8ece,e6969c,斜
8ecf,e785ae,煮
8ed0,e7a4be,社
8ed1,e7b497,紗
8ed2,e88085,者
8ed3,e8ac9d,謝
8ed4,e8bb8a,車
8ed5,e981ae,遮
8ed6,e89b87,蛇
8ed7,e982aa,邪
8ed8,e5809f,借
8ed9,e58bba,勺
8eda,e5b0ba,尺
8edb,e69d93,杓
8edc,e781bc,灼
8edd,e788b5,爵
8ede,e9858c,酌
8edf,e98788,釈
8ee0,e98cab,錫
8ee1,e88ba5,若
8ee2,e5af82,寂
8ee3,e5bcb1,弱
8ee4,e683b9,惹
8ee5,e4b8bb,主
8ee6,e58f96,取
8ee7,e5ae88,守
8ee8,e6898b,手
8ee9,e69cb1,朱
8eea,e6ae8a,殊
8eeb,e78ba9,狩
8eec,e78fa0,珠
8eed,e7a8ae,種
8eee,e885ab,腫
8eef,e8b6a3,趣
8ef0,e98592,酒
8ef1,e9a696,首
8ef2,e58492,儒
8ef3,e58f97,受
8ef4,e591aa,呪
8ef5,e5afbf,寿
8ef6,e68e88,授
8ef7,e6a8b9,樹
8ef8,e7b6ac,綬
8ef9,e99c80,需
8efa,e59b9a,囚
8efb,e58f8e,収
8efc,e591a8,周
8f40,e5ae97,宗
8f41,e5b0b1,就
8f42,e5b79e,州
8f43,e4bfae,修
8f44,e68481,愁
8f45,e68bbe,拾
8f46,e6b4b2,洲
8f47,e7a780,秀
8f48,e7a78b,秋
8f49,e7b582,終
8f4a,e7b98d,繍
8f4b,e7bf92,習
8f4c,e887ad,臭
8f4d,e8889f,舟
8f4e,e89290,蒐
8f4f,e8a186,衆
8f50,e8a5b2,襲
8f51,e8ae90,讐
8f52,e8b9b4,蹴
8f53,e8bcaf,輯
8f54,e980b1,週
8f55,e9858b,酋
8f56,e985ac,酬
8f57,e99b86,集
8f58,e9869c,醜
8f59,e4bb80,什
8f5a,e4bd8f,住
8f5b,e58585,充
8f5c,e58d81,十
8f5d,e5be93,従
8f5e,e6888e,戎
8f5f,e69f94,柔
8f60,e6b181,汁
8f61,e6b88b,渋
8f62,e78da3,獣
8f63,e7b8a6,縦
8f64,e9878d,重
8f65,e98a83,銃
8f66,e58f94,叔
8f67,e5a499,夙
8f68,e5aebf,宿
8f69,e6b791,淑
8f6a,e7a59d,祝
8f6b,e7b8ae,縮
8f6c,e7b29b,粛
8f6d,e5a1be,塾
8f6e,e7869f,熟
8f6f,e587ba,出
8f70,e8a193,術
8f71,e8bfb0,述
8f72,e4bf8a,俊
8f73,e5b3bb,峻
8f74,e698a5,春
8f75,e79eac,瞬
8f76,e7aba3,竣
8f77,e8889c,舜
8f78,e9a7bf,駿
8f79,e58786,准
8f7a,e5beaa,循
8f7b,e697ac,旬
8f7c,e6a5af,楯
8f7d,e6ae89,殉
8f7e,e6b7b3,淳
8f80,e6ba96,準
8f81,e6bda4,潤
8f82,e79bbe,盾
8f83,e7b494,純
8f84,e5b7a1,巡
8f85,e981b5,遵
8f86,e98687,醇
8f87,e9a086,順
8f88,e587a6,処
8f89,e5889d,初
8f8a,e68980,所
8f8b,e69a91,暑
8f8c,e69b99,曙
8f8d,e6b89a,渚
8f8e,e5bab6,庶
8f8f,e7b792,緒
8f90,e7bdb2,署
8f91,e69bb8,書
8f92,e896af,薯
8f93,e897b7,藷
8f94,e8abb8,諸
8f95,e58aa9,助
8f96,e58f99,叙
8f97,e5a5b3,女
8f98,e5ba8f,序
8f99,e5be90,徐
8f9a,e68195,恕
8f9b,e98ba4,鋤
8f9c,e999a4,除
8f9d,e582b7,傷
8f9e,e5849f,償
8f9f,e58b9d,勝
8fa0,e58ca0,匠
8fa1,e58d87,升
8fa2,e58fac,召
8fa3,e593a8,哨
8fa4,e59586,商
8fa5,e594b1,唱
8fa6,e59897,嘗
8fa7,e5a5a8,奨
8fa8,e5a6be,妾
8fa9,e5a8bc,娼
8faa,e5aeb5,宵
8fab,e5b086,将
8fac,e5b08f,小
8fad,e5b091,少
8fae,e5b09a,尚
8faf,e5ba84,庄
8fb0,e5ba8a,床
8fb1,e5bba0,廠
8fb2,e5bdb0,彰
8fb3,e689bf,承
8fb4,e68a84,抄
8fb5,e68b9b,招
8fb6,e68e8c,掌
8fb7,e68db7,捷
8fb8,e69887,昇
8fb9,e6988c,昌
8fba,e698ad,昭
8fbb,e699b6,晶
8fbc,e69dbe,松
8fbd,e6a2a2,梢
8fbe,e6a89f,樟
8fbf,e6a8b5,樵
8fc0,e6b2bc,沼
8fc1,e6b688,消
8fc2,e6b889,渉
8fc3,e6b998,湘
8fc4,e784bc,焼
8fc5,e784a6,焦
8fc6,e785a7,照
8fc7,e79787,症
8fc8,e79c81,省
8fc9,e7a19d,硝
8fca,e7a481,礁
8fcb,e7a5a5,祥
8fcc,e7a7b0,称
8fcd,e7aba0,章
8fce,e7ac91,笑
8fcf,e7b2a7,粧
8fd0,e7b4b9,紹
8fd1,e88296,肖
8fd2,e88f96,菖
8fd3,e8928b,蒋
8fd4,e89589,蕉
8fd5,e8a19d,衝
8fd6,e8a3b3,裳
8fd7,e8a89f,訟
8fd8,e8a8bc,証
8fd9,e8a994,詔
8fda,e8a9b3,詳
8fdb,e8b1a1,象
8fdc,e8b39e,賞
8fdd,e986a4,醤
8fde,e989a6,鉦
8fdf,e98dbe,鍾
8fe0,e99098,鐘
8fe1,e99a9c,障
8fe2,e99e98,鞘
8fe3,e4b88a,上
8fe4,e4b888,丈
8fe5,e4b89e,丞
8fe6,e4b997,乗
8fe7,e58697,冗
8fe8,e589b0,剰
8fe9,e59f8e,城
8fea,e5a0b4,場
8feb,e5a38c,壌
8fec,e5aca2,嬢
8fed,e5b8b8,常
8fee,e68385,情
8fef,e693be,擾
8ff0,e69da1,条
8ff1,e69d96,杖
8ff2,e6b584,浄
8ff3,e78ab6,状
8ff4,e795b3,畳
8ff5,e7a9a3,穣
8ff6,e892b8,蒸
8ff7,e8adb2,譲
8ff8,e986b8,醸
8ff9,e98ca0,錠
8ffa,e598b1,嘱
8ffb,e59fb4,埴
8ffc,e9a3be,飾
9040,e68bad,拭
9041,e6a48d,植
9042,e6ae96,殖
9043,e787ad,燭
9044,e7b994,織
9045,e881b7,職
9046,e889b2,色
9047,e8a7a6,触
9048,e9a39f,食
9049,e89d95,蝕
904a,e8beb1,辱
904b,e5b0bb,尻
904c,e4bcb8,伸
904d,e4bfa1,信
904e,e4beb5,侵
904f,e59487,唇
9050,e5a8a0,娠
9051,e5af9d,寝
9052,e5afa9,審
9053,e5bf83,心
9054,e6858e,慎
9055,e68caf,振
9056,e696b0,新
9057,e6998b,晋
9058,e6a3ae,森
9059,e6a69b,榛
905a,e6b5b8,浸
905b,e6b7b1,深
905c,e794b3,申
905d,e796b9,疹
905e,e79c9f,真
905f,e7a59e,神
9060,e7a7a6,秦
9061,e7b4b3,紳
9062,e887a3,臣
9063,e88aaf,芯
9064,e896aa,薪
9065,e8a6aa,親
9066,e8a8ba,診
9067,e8baab,身
9068,e8be9b,辛
9069,e980b2,進
906a,e9879d,針
906b,e99c87,震
906c,e4baba,人
906d,e4bb81,仁
906e,e58883,刃
906f,e5a1b5,塵
9070,e5a3ac,壬
9071,e5b08b,尋
9072,e7949a,甚
9073,e5b0bd,尽
9074,e8858e,腎
9075,e8a88a,訊
9076,e8bf85,迅
9077,e999a3,陣
9078,e99dad,靭
9079,e7aca5,笥
907a,e8ab8f,諏
907b,e9a088,須
907c,e985a2,酢
907d,e59bb3,図
907e,e58ea8,厨
9080,e98097,逗
9081,e590b9,吹
9082,e59e82,垂
9083,e5b8a5,帥
9084,e68ea8,推
9085,e6b0b4,水
9086,e7828a,炊
9087,e79da1,睡
9088,e7b28b,粋
9089,e7bfa0,翠
908a,e8a1b0,衰
908b,e98182,遂
908c,e98594,酔
908d,e98c90,錐
908e,e98c98,錘
908f,e99a8f,随
9090,e7919e,瑞
9091,e9ab84,髄
9092,e5b487,崇
9093,e5b5a9,嵩
9094,e695b0,数
9095,e69ea2,枢
9096,e8b6a8,趨
9097,e99b9b,雛
9098,e68dae,据
9099,e69d89,杉
909a,e6a499,椙
909b,e88f85,菅
909c,e9a097,頗
909d,e99b80,雀
909e,e8a3be,裾
909f,e6be84,澄
90a0,e691ba,摺
90a1,e5afb8,寸
90a2,e4b896,世
90a3,e780ac,瀬
90a4,e7959d,畝
90a5,e698af,是
90a6,e58784,凄
90a7,e588b6,制
90a8,e58ba2,勢
90a9,e5a793,姓
90aa,e5be81,征
90ab,e680a7,性
90ac,e68890,成
90ad,e694bf,政
90ae,e695b4,整
90af,e6989f,星
90b0,e699b4,晴
90b1,e6a3b2,棲
90b2,e6a096,栖
90b3,e6ada3,正
90b4,e6b885,清
90b5,e789b2,牲
90b6,e7949f,生
90b7,e79b9b,盛
90b8,e7b2be,精
90b9,e88196,聖
90ba,e5a3b0,声
90bb,e8a3bd,製
90bc,e8a5bf,西
90bd,e8aaa0,誠
90be,e8aa93,誓
90bf,e8ab8b,請
90c0,e9809d,逝
90c1,e98692,醒
90c2,e99d92,青
90c3,e99d99,静
90c4,e69689,斉
90c5,e7a88e,税
90c6,e88486,脆
90c7,e99abb,隻
90c8,e5b8ad,席
90c9,e6839c,惜
90ca,e6889a,戚
90cb,e696a5,斥
90cc,e69894,昔
90cd,e69e90,析
90ce,e79fb3,石
90cf,e7a98d,積
90d0,e7b18d,籍
90d1,e7b8be,績
90d2,e8848a,脊
90d3,e8b2ac,責
90d4,e8b5a4,赤
90d5,e8b7a1,跡
90d6,e8b99f,蹟
90d7,e7a2a9,碩
90d8,e58887,切
90d9,e68b99,拙
90da,e68ea5,接
90db,e69182,摂
90dc,e68a98,折
90dd,e8a8ad,設
90de,e7aa83,窃
90df,e7af80,節
90e0,e8aaac,説
90e1,e99baa,雪
90e2,e7b5b6,絶
90e3,e8888c,舌
90e4,e89d89,蝉
90e5,e4bb99,仙
90e6,e58588,先
90e7,e58d83,千
90e8,e58da0,占
90e9,e5aea3,宣
90ea,e5b082,専
90eb,e5b096,尖
90ec,e5b79d,川
90ed,e688a6,戦
90ee,e68987,扇
90ef,e692b0,撰
90f0,e6a093,栓
90f1,e6a0b4,栴
90f2,e6b389,泉
90f3,e6b585,浅
90f4,e6b497,洗
90f5,e69f93,染
90f6,e6bd9c,潜
90f7,e7858e,煎
90f8,e785bd,煽
90f9,e6978b,旋
90fa,e7a9bf,穿
90fb,e7aead,箭
90fc,e7b79a,線
9140,e7b98a,繊
9141,e7bea8,羨
9142,e885ba,腺
9143,e8889b,舛
9144,e888b9,船
9145,e896a6,薦
9146,e8a9ae,詮
9147,e8b38e,賎
9148,e8b7b5,践
9149,e981b8,選
914a,e981b7,遷
914b,e98aad,銭
914c,e98a91,銑
914d,e99683,閃
914e,e9aeae,鮮
914f,e5898d,前
9150,e59684,善
9151,e6bcb8,漸
9152,e784b6,然
9153,e585a8,全
9154,e7a685,禅
9155,e7b995,繕
9156,e886b3,膳
9157,e7b38e,糎
9158,e5998c,噌
9159,e5a191,塑
915a,e5b2a8,岨
915b,e68eaa,措
915c,e69bbe,曾
915d,e69bbd,曽
915e,e6a59a,楚
915f,e78b99,狙
9160,e7968f,疏
9161,e7968e,疎
9162,e7a48e,礎
9163,e7a596,祖
9164,e7a79f,租
9165,e7b297,粗
9166,e7b4a0,素
9167,e7b584,組
9168,e89887,蘇
9169,e8a8b4,訴
916a,e998bb,阻
916b,e981a1,遡
916c,e9bca0,鼠
916d,e583a7,僧
916e,e589b5,創
916f,e58f8c,双
9170,e58fa2,叢
9171,e58089,倉
9172,e596aa,喪
9173,e5a3ae,壮
9174,e5a58f,奏
9175,e788bd,爽
9176,e5ae8b,宋
9177,e5b1a4,層
9178,e58c9d,匝
9179,e683a3,惣
917a,e683b3,想
917b,e68d9c,捜
917c,e68e83,掃
917d,e68cbf,挿
917e,e68ebb,掻
9180,e6938d,操
9181,e697a9,早
9182,e69bb9,曹
9183,e5b7a3,巣
9184,e6a78d,槍
9185,e6a7bd,槽
9186,e6bc95,漕
9187,e787a5,燥
9188,e4ba89,争
9189,e797a9,痩
918a,e79bb8,相
918b,e7aa93,窓
918c,e7b39f,糟
918d,e7b78f,総
918e,e7b69c,綜
918f,e881a1,聡
9190,e88d89,草
9191,e88d98,荘
9192,e891ac,葬
9193,e892bc,蒼
9194,e897bb,藻
9195,e8a385,装
9196,e8b5b0,走
9197,e98081,送
9198,e981ad,遭
9199,e98e97,鎗
919a,e99c9c,霜
919b,e9a892,騒
919c,e5838f,像
919d,e5a297,増
919e,e6868e,憎
919f,e88793,臓
91a0,e894b5,蔵
91a1,e8b488,贈
91a2,e980a0,造
91a3,e4bf83,促
91a4,e581b4,側
91a5,e58987,則
91a6,e58db3,即
91a7,e681af,息
91a8,e68d89,捉
91a9,e69d9f,束
91aa,e6b8ac,測
91ab,e8b6b3,足
91ac,e9809f,速
91ad,e4bf97,俗
91ae,e5b19e,属
91af,e8b38a,賊
91b0,e6978f,族
91b1,e7b69a,続
91b2,e58d92,卒
91b3,e8a296,袖
91b4,e585b6,其
91b5,e68f83,揃
91b6,e5ad98,存
91b7,e5adab,孫
91b8,e5b08a,尊
91b9,e6908d,損
91ba,e69d91,村
91bb,e9819c,遜
91bc,e4bb96,他
91bd,e5a49a,多
91be,e5a4aa,太
91bf,e6b1b0,汰
91c0,e8a991,詑
91c1,e594be,唾
91c2,e5a095,堕
91c3,e5a6a5,妥
91c4,e683b0,惰
91c5,e68993,打
91c6,e69f81,柁
91c7,e888b5,舵
91c8,e6a595,楕
91c9,e99980,陀
91ca,e9a784,駄
91cb,e9a8a8,騨
91cc,e4bd93,体
91cd,e5a086,堆
91ce,e5afbe,対
91cf,e88090,耐
91d0,e5b2b1,岱
91d1,e5b8af,帯
91d2,e5be85,待
91d3,e680a0,怠
91d4,e6858b,態
91d5,e688b4,戴
91d6,e69bbf,替
91d7,e6b3b0,泰
91d8,e6bb9e,滞
91d9,e8838e,胎
91da,e885bf,腿
91db,e88b94,苔
91dc,e8a28b,袋
91dd,e8b2b8,貸
91de,e98080,退
91df,e980ae,逮
91e0,e99a8a,隊
91e1,e9bb9b,黛
91e2,e9af9b,鯛
91e3,e4bba3,代
91e4,e58fb0,台
91e5,e5a4a7,大
91e6,e7acac,第
91e7,e9868d,醍
91e8,e9a18c,題
91e9,e9b7b9,鷹
91ea,e6bb9d,滝
91eb,e780a7,瀧
91ec,e58d93,卓
91ed,e59584,啄
91ee,e5ae85,宅
91ef,e68998,托
91f0,e68a9e,択
91f1,e68b93,拓
91f2,e6b2a2,沢
91f3,e6bfaf,濯
91f4,e790a2,琢
91f5,e8a897,託
91f6,e990b8,鐸
91f7,e6bf81,濁
91f8,e8abbe,諾
91f9,e88cb8,茸
91fa,e587a7,凧
91fb,e89bb8,蛸
91fc,e58faa,只
9240,e58fa9,叩
9241,e4bd86,但
9242,e98194,達
9243,e8beb0,辰
9244,e5a5aa,奪
9245,e884b1,脱
9246,e5b7bd,巽
9247,e7abaa,竪
9248,e8bebf,辿
9249,e6a39a,棚
924a,e8b0b7,谷
924b,e78bb8,狸
924c,e9b188,鱈
924d,e6a8bd,樽
924e,e8aab0,誰
924f,e4b8b9,丹
9250,e58d98,単
9251,e59886,嘆
9252,e59da6,坦
9253,e68b85,担
9254,e68ea2,探
9255,e697a6,旦
9256,e6ad8e,歎
9257,e6b7a1,淡
9258,e6b99b,湛
9259,e782ad,炭
925a,e79fad,短
925b,e7abaf,端
925c,e7aeaa,箪
925d,e7b6bb,綻
925e,e880bd,耽
925f,e88386,胆
9260,e89b8b,蛋
9261,e8aa95,誕
9262,e98d9b,鍛
9263,e59ba3,団
9264,e5a387,壇
9265,e5bcbe,弾
9266,e696ad,断
9267,e69a96,暖
9268,e6aa80,檀
9269,e6aeb5,段
926a,e794b7,男
926b,e8ab87,談
926c,e580a4,値
926d,e79fa5,知
926e,e59cb0,地
926f,e5bc9b,弛
9270,e681a5,恥
9271,e699ba,智
9272,e6b1a0,池
9273,e797b4,痴
9274,e7a89a,稚
9275,e7bdae,置
9276,e887b4,致
9277,e89c98,蜘
9278,e98185,遅
9279,e9a6b3,馳
927a,e7af89,築
927b,e7959c,畜
927c,e7abb9,竹
927d,e7ad91,筑
927e,e89384,蓄
9280,e98090,逐
9281,e7a7a9,秩
9282,e7aa92,窒
9283,e88cb6,茶
9284,e5aba1,嫡
9285,e79d80,着
9286,e4b8ad,中
9287,e4bbb2,仲
9288,e5ae99,宙
9289,e5bfa0,忠
928a,e68abd,抽
928b,e698bc,昼
928c,e69fb1,柱
928d,e6b3a8,注
928e,e899ab,虫
928f,e8a1b7,衷
9290,e8a8bb,註
9291,e9858e,酎
9292,e98bb3,鋳
9293,e9a790,駐
9294,e6a897,樗
9295,e780a6,瀦
9296,e78caa,猪
9297,e88ba7,苧
9298,e89197,著
9299,e8b2af,貯
929a,e4b881,丁
929b,e58586,兆
929c,e5878b,凋
929d,e5968b,喋
929e,e5afb5,寵
929f,e5b896,帖
92a0,e5b8b3,帳
92a1,e5ba81,庁
92a2,e5bc94,弔
92a3,e5bcb5,張
92a4,e5bdab,彫
92a5,e5beb4,徴
92a6,e687b2,懲
92a7,e68c91,挑
92a8,e69aa2,暢
92a9,e69c9d,朝
92aa,e6bdae,潮
92ab,e78992,牒
92ac,e794ba,町
92ad,e79cba,眺
92ae,e881b4,聴
92af,e884b9,脹
92b0,e885b8,腸
92b1,e89db6,蝶
92b2,e8aabf,調
92b3,e8ab9c,諜
92b4,e8b685,超
92b5,e8b7b3,跳
92b6,e98a9a,銚
92b7,e995b7,長
92b8,e9a082,頂
92b9,e9b3a5,鳥
92ba,e58b85,勅
92bb,e68d97,捗
92bc,e79bb4,直
92bd,e69c95,朕
92be,e6b288,沈
92bf,e78f8d,珍
92c0,e8b383,賃
92c1,e98eae,鎮
92c2,e999b3,陳
92c3,e6b4a5,津
92c4,e5a29c,墜
92c5,e6a48e,椎
92c6,e6a78c,槌
92c7,e8bfbd,追
92c8,e98e9a,鎚
92c9,e7979b,痛
92ca,e9809a,通
92cb,e5a19a,塚
92cc,e6a082,栂
92cd,e68eb4,掴
92ce,e6a7bb,槻
92cf,e4bd83,佃
92d0,e6bcac,漬
92d1,e69f98,柘
92d2,e8bebb,辻
92d3,e894a6,蔦
92d4,e7b6b4,綴
92d5,e98d94,鍔
92d6,e6a4bf,椿
92d7,e6bdb0,潰
92d8,e59daa,坪
92d9,e5a3b7,壷
92da,e5acac,嬬
92db,e7b4ac,紬
92dc,e788aa,爪
92dd,e5908a,吊
92de,e987a3,釣
92df,e9b6b4,鶴
92e0,e4baad,亭
92e1,e4bd8e,低
92e2,e5819c,停
92e3,e581b5,偵
92e4,e58983,剃
92e5,e8b29e,貞
92e6,e59188,呈
92e7,e5a0a4,堤
92e8,e5ae9a,定
92e9,e5b89d,帝
92ea,e5ba95,底
92eb,e5baad,庭
92ec,e5bbb7,廷
92ed,e5bc9f,弟
92ee,e6828c,悌
92ef,e68ab5,抵
92f0,e68cba,挺
92f1,e68f90,提
92f2,e6a2af,梯
92f3,e6b180,汀
92f4,e7a287,碇
92f5,e7a68e,禎
92f6,e7a88b,程
92f7,e7b7a0,締
92f8,e88987,艇
92f9,e8a882,訂
92fa,e8aba6,諦
92fb,e8b984,蹄
92fc,e98093,逓
9340,e982b8,邸
9341,e984ad,鄭
9342,e98798,釘
9343,e9bc8e,鼎
9344,e6b3a5,泥
9345,e69198,摘
9346,e693a2,擢
9347,e695b5,敵
9348,e6bbb4,滴
9349,e79a84,的
934a,e7ac9b,笛
934b,e981a9,適
934c,e98f91,鏑
934d,e6baba,溺
934e,e593b2,哲
934f,e5beb9,徹
9350,e692a4,撤
9351,e8bd8d,轍
9352,e8bfad,迭
9353,e98984,鉄
9354,e585b8,典
9355,e5a1ab,填
9356,e5a4a9,天
9357,e5b195,展
9358,e5ba97,店
9359,e6b7bb,添
935a,e7ba8f,纏
935b,e7949c,甜
935c,e8b2bc,貼
935d,e8bba2,転
935e,e9a19b,顛
935f,e782b9,点
9360,e4bc9d,伝
9361,e6aebf,殿
9362,e6beb1,澱
9363,e794b0,田
9364,e99bbb,電
9365,e5858e,兎
9366,e59090,吐
9367,e5a0b5,堵
9368,e5a197,塗
9369,e5a6ac,妬
936a,e5b1a0,屠
936b,e5be92,徒
936c,e69697,斗
936d,e69d9c,杜
936e,e6b8a1,渡
936f,e799bb,登
9370,e88f9f,菟
9371,e8b3ad,賭
9372,e98094,途
9373,e983bd,都
9374,e98d8d,鍍
9375,e7a0a5,砥
9376,e7a0ba,砺
9377,e58aaa,努
9378,e5baa6,度
9379,e59c9f,土
937a,e5a5b4,奴
937b,e68092,怒
937c,e58092,倒
937d,e5859a,党
937e,e586ac,冬
9380,e5878d,凍
9381,e58880,刀
9382,e59490,唐
9383,e5a194,塔
9384,e5a198,塘
9385,e5a597,套
9386,e5ae95,宕
9387,e5b3b6,島
9388,e5b68b,嶋
9389,e682bc,悼
938a,e68a95,投
938b,e690ad,搭
938c,e69db1,東
938d,e6a183,桃
938e,e6a2bc,梼
938f,e6a39f,棟
9390,e79b97,盗
9391,e6b798,淘
9392,e6b9af,湯
9393,e6b69b,涛
9394,e781af,灯
9395,e78788,燈
9396,e5bd93,当
9397,e79798,痘
9398,e7a5b7,祷
9399,e7ad89,等
939a,e7ad94,答
939b,e7ad92,筒
939c,e7b396,糖
939d,e7b5b1,統
939e,e588b0,到
939f,e891a3,董
93a0,e895a9,蕩
93a1,e897a4,藤
93a2,e8a88e,討
93a3,e8ac84,謄
93a4,e8b186,豆
93a5,e8b88f,踏
93a6,e98083,逃
93a7,e9808f,透
93a8,e99099,鐙
93a9,e999b6,陶
93aa,e9a0ad,頭
93ab,e9a8b0,騰
93ac,e99798,闘
93ad,e5838d,働
93ae,e58b95,動
93af,e5908c,同
93b0,e5a082,堂
93b1,e5b08e,導
93b2,e686a7,憧
93b3,e6929e,撞
93b4,e6b49e,洞
93b5,e79eb3,瞳
93b6,e7aba5,童
93b7,e883b4,胴
93b8,e89084,萄
93b9,e98193,道
93ba,e98a85,銅
93bb,e5b3a0,峠
93bc,e9b487,鴇
93bd,e58cbf,匿
93be,e5be97,得
93bf,e5beb3,徳
93c0,e6b69c,涜
93c1,e789b9,特
93c2,e79da3,督
93c3,e7a6bf,禿
93c4,e7afa4,篤
93c5,e6af92,毒
93c6,e78bac,独
93c7,e8aaad,読
93c8,e6a083,栃
93c9,e6a9a1,橡
93ca,e587b8,凸
93cb,e7aa81,突
93cc,e6a4b4,椴
93cd,e5b18a,届
93ce,e9b3b6,鳶
93cf,e88bab,苫
93d0,e5af85,寅
93d1,e98589,酉
93d2,e7809e,瀞
93d3,e599b8,噸
93d4,e5b1af,屯
93d5,e68387,惇
93d6,e695a6,敦
93d7,e6b28c,沌
93d8,e8b19a,豚
93d9,e98181,遁
93da,e9a093,頓
93db,e59191,呑
93dc,e69b87,曇
93dd,e9888d,鈍
93de,e5a588,奈
93df,e982a3,那
93e0,e58685,内
93e1,e4b98d,乍
93e2,e587aa,凪
93e3,e89699,薙
93e4,e8ac8e,謎
93e5,e78198,灘
93e6,e68dba,捺
93e7,e98d8b,鍋
93e8,e6a5a2,楢
93e9,e9a6b4,馴
93ea,e7b884,縄
93eb,e795b7,畷
93ec,e58d97,南
93ed,e6a5a0,楠
93ee,e8bb9f,軟
93ef,e99ba3,難
93f0,e6b19d,汝
93f1,e4ba8c,二
93f2,e5b0bc,尼
93f3,e5bc90,弐
93f4,e8bfa9,迩
93f5,e58c82,匂
93f6,e8b391,賑
93f7,e88289,肉
93f8,e899b9,虹
93f9,e5bbbf,廿
93fa,e697a5,日
93fb,e4b9b3,乳
93fc,e585a5,入
9440,e5a682,如
9441,e5b0bf,尿
9442,e99fae,韮
9443,e4bbbb,任
9444,e5a68a,妊
9445,e5bf8d,忍
9446,e8aa8d,認
9447,e6bfa1,濡
9448,e7a6b0,禰
944a,e5afa7,寧
944b,e891b1,葱
944c,e78cab,猫
944d,e786b1,熱
944e,e5b9b4,年
944f,e5bfb5,念
9450,e68dbb,捻
9451,e6929a,撚
9452,e78783,燃
9453,e7b298,粘
9454,e4b983,乃
9455,e5bbbc,廼
9456,e4b98b,之
9457,e59f9c,埜
9458,e59aa2,嚢
9459,e682a9,悩
945a,e6bf83,濃
945b,e7b48d,納
945c,e883bd,能
945d,e884b3,脳
945e,e886bf,膿
945f,e8beb2,農
9460,e8a697,覗
9461,e89aa4,蚤
9462,e5b7b4,巴
9463,e68a8a,把
9464,e692ad,播
9465,e8a687,覇
9466,e69db7,杷
9467,e6b3a2,波
9468,e6b4be,派
9469,e790b6,琶
946a,e7a0b4,破
946b,e5a986,婆
946c,e7bdb5,罵
946d,e88aad,芭
946e,e9a6ac,馬
946f,e4bfb3,俳
9470,e5bb83,廃
9471,e68b9d,拝
9472,e68e92,排
9473,e69597,敗
9474,e69daf,杯
9475,e79b83,盃
9476,e7898c,牌
9477,e8838c,背
9478,e882ba,肺
9479,e8bca9,輩
947a,e9858d,配
947b,e5808d,倍
947c,e59fb9,培
947d,e5aa92,媒
947e,e6a285,梅
9480,e6a5b3,楳
9481,e785a4,煤
9482,e78bbd,狽
9483,e8b2b7,買
9484,e5a3b2,売
9485,e8b3a0,賠
9486,e999aa,陪
9487,e98099,這
9488,e89dbf,蝿
9489,e7a7a4,秤
948a,e79fa7,矧
948b,e890a9,萩
948c,e4bcaf,伯
948d,e589a5,剥
948e,e58d9a,博
948f,e68b8d,拍
9490,e69f8f,柏
9491,e6b38a,泊
9492,e799bd,白
9493,e7ae94,箔
9494,e7b295,粕
9495,e888b6,舶
9496,e89684,薄
9497,e8bfab,迫
9498,e69b9d,曝
9499,e6bca0,漠
949a,e78886,爆
949b,e7b89b,縛
949c,e88eab,莫
949d,e9a781,駁
949e,e9baa6,麦
949f,e587bd,函
94a0,e7aeb1,箱
94a1,e7a1b2,硲
94a2,e7aeb8,箸
94a3,e88287,肇
94a4,e7ad88,筈
94a5,e6aba8,櫨
94a6,e5b9a1,幡
94a7,e8828c,肌
94a8,e79591,畑
94a9,e795a0,畠
94aa,e585ab,八
94ab,e989a2,鉢
94ac,e6ba8c,溌
94ad,e799ba,発
94ae,e98697,醗
94af,e9abaa,髪
94b0,e4bc90,伐
94b1,e7bdb0,罰
94b2,e68a9c,抜
94b3,e7ad8f,筏
94b4,e996a5,閥
94b5,e9b3a9,鳩
94b6,e599ba,噺
94b7,e5a199,塙
94b8,e89ba4,蛤
94b9,e99abc,隼
94ba,e4bcb4,伴
94bb,e588a4,判
94bc,e58d8a,半
94bd,e58f8d,反
94be,e58f9b,叛
94bf,e5b886,帆
94c0,e690ac,搬
94c1,e69691,斑
94c2,e69dbf,板
94c3,e6b0be,氾
94c4,e6b18e,汎
94c5,e78988,版
94c6,e78aaf,犯
94c7,e78fad,班
94c8,e79594,畔
94c9,e7b981,繁
94ca,e888ac,般
94cb,e897a9,藩
94cc,e8b2a9,販
94cd,e7af84,範
94ce,e98786,釆
94cf,e785a9,煩
94d0,e9a092,頒
94d1,e9a3af,飯
94d2,e68cbd,挽
94d3,e699a9,晩
94d4,e795aa,番
94d5,e79ba4,盤
94d6,e7a390,磐
94d7,e89583,蕃
94d8,e89bae,蛮
94d9,e58caa,匪
94da,e58d91,卑
94db,e590a6,否
94dc,e5a683,妃
94dd,e5ba87,庇
94de,e5bdbc,彼
94df,e682b2,悲
94e0,e68989,扉
94e1,e689b9,批
94e2,e68aab,披
94e3,e69690,斐
94e4,e6af94,比
94e5,e6b38c,泌
94e6,e796b2,疲
94e7,e79aae,皮
94e8,e7a291,碑
94e9,e7a798,秘
94ea,e7b78b,緋
94eb,e7bdb7,罷
94ec,e882a5,肥
94ed,e8a2ab,被
94ee,e8aab9,誹
94ef,e8b2bb,費
94f0,e981bf,避
94f1,e99d9e,非
94f2,e9a39b,飛
94f3,e6a88b,樋
94f4,e7b0b8,簸
94f5,e58299,備
94f6,e5b0be,尾
94f7,e5beae,微
94f8,e69e87,枇
94f9,e6af98,毘
94fa,e790b5,琵
94fb,e79c89,眉
94fc,e7be8e,美
9540,e9bcbb,鼻
9541,e69f8a,柊
9542,e7a897,稗
9543,e58cb9,匹
9544,e7968b,疋
9545,e9abad,髭
9546,e5bda6,彦
9547,e8869d,膝
9548,e88fb1,菱
9549,e88298,肘
954a,e5bcbc,弼
954b,e5bf85,必
954c,e795a2,畢
954d,e7ad86,筆
954e,e980bc,逼
954f,e6a1a7,桧
9550,e5a7ab,姫
9551,e5aa9b,媛
9552,e7b490,紐
9553,e799be,百
9554,e8acac,謬
9555,e4bfb5,俵
9556,e5bdaa,彪
9557,e6a899,標
9558,e6b0b7,氷
9559,e6bc82,漂
955a,e793a2,瓢
955b,e7a5a8,票
955c,e8a1a8,表
955d,e8a995,評
955e,e8b1b9,豹
955f,e5bb9f,廟
9560,e68f8f,描
9561,e79785,病
9562,e7a792,秒
9563,e88b97,苗
9564,e98ca8,錨
9565,e98bb2,鋲
9566,e8929c,蒜
9567,e89bad,蛭
9568,e9b0ad,鰭
9569,e59381,品
956a,e5bdac,彬
956b,e6968c,斌
956c,e6b59c,浜
956d,e78095,瀕
956e,e8b2a7,貧
956f,e8b393,賓
9570,e9a0bb,頻
9571,e6958f,敏
9572,e793b6,瓶
9573,e4b88d,不
9574,e4bb98,付
9575,e59fa0,埠
9576,e5a4ab,夫
9577,e5a9a6,婦
9578,e5af8c,富
9579,e586a8,冨
957a,e5b883,布
957b,e5ba9c,府
957c,e68096,怖
957d,e689b6,扶
957e,e695b7,敷
9580,e696a7,斧
9581,e699ae,普
9582,e6b5ae,浮
9583,e788b6,父
9584,e7aca6,符
9585,e88590,腐
9586,e8869a,膚
9587,e88a99,芙
9588,e8ad9c,譜
9589,e8b2a0,負
958a,e8b3a6,賦
958b,e8b5b4,赴
958c,e9989c,阜
958d,e99984,附
958e,e4beae,侮
958f,e692ab,撫
9590,e6ada6,武
9591,e8889e,舞
9592,e891a1,葡
9593,e895aa,蕪
9594,e983a8,部
9595,e5b081,封
9596,e6a593,楓
9597,e9a2a8,風
9598,e891ba,葺
9599,e89597,蕗
959a,e4bc8f,伏
959b,e589af,副
959c,e5bea9,復
959d,e5b985,幅
959e,e69c8d,服
959f,e7a68f,福
95a0,e885b9,腹
95a1,e8a487,複
95a2,e8a686,覆
95a3,e6b7b5,淵
95a4,e5bc97,弗
95a5,e68995,払
95a6,e6b2b8,沸
95a7,e4bb8f,仏
95a8,e789a9,物
95a9,e9ae92,鮒
95aa,e58886,分
95ab,e590bb,吻
95ac,e599b4,噴
95ad,e5a2b3,墳
95ae,e686a4,憤
95af,e689ae,扮
95b0,e7849a,焚
95b1,e5a5ae,奮
95b2,e7b289,粉
95b3,e7b39e,糞
95b4,e7b49b,紛
95b5,e99bb0,雰
95b6,e69687,文
95b7,e8819e,聞
95b8,e4b899,丙
95b9,e4bdb5,併
95ba,e585b5,兵
95bb,e5a180,塀
95bc,e5b9a3,幣
95bd,e5b9b3,平
95be,e5bc8a,弊
95bf,e69f84,柄
95c0,e4b8a6,並
95c1,e894bd,蔽
95c2,e99689,閉
95c3,e9999b,陛
95c4,e7b1b3,米
95c5,e9a081,頁
95c6,e583bb,僻
95c7,e5a381,壁
95c8,e79996,癖
95c9,e7a2a7,碧
95ca,e588a5,別
95cb,e79ea5,瞥
95cc,e89491,蔑
95cd,e7ae86,箆
95ce,e5818f,偏
95cf,e5a489,変
95d0,e78987,片
95d1,e7af87,篇
95d2,e7b7a8,編
95d3,e8beba,辺
95d4,e8bf94,返
95d5,e9818d,遍
95d6,e4bebf,便
95d7,e58b89,勉
95d8,e5a8a9,娩
95d9,e5bc81,弁
95da,e99ead,鞭
95db,e4bf9d,保
95dc,e88897,舗
95dd,e98baa,鋪
95de,e59c83,圃
95df,e68d95,捕
95e0,e6ada9,歩
95e1,e794ab,甫
95e2,e8a39c,補
95e3,e8bc94,輔
95e4,e7a982,穂
95e5,e58b9f,募
95e6,e5a293,墓
95e7,e68595,慕
95e8,e6888a,戊
95e9,e69aae,暮
95ea,e6af8d,母
95eb,e7b0bf,簿
95ec,e88fa9,菩
95ed,e580a3,倣
95ee,e4bfb8,俸
95ef,e58c85,包
95f0,e59186,呆
95f1,e5a0b1,報
95f2,e5a589,奉
95f3,e5ae9d,宝
95f4,e5b3b0,峰
95f5,e5b3af,峯
95f6,e5b4a9,崩
95f7,e5ba96,庖
95f8,e68ab1,抱
95f9,e68da7,捧
95fa,e694be,放
95fb,e696b9,方
95fc,e69c8b,朋
9640,e6b395,法
9641,e6b3a1,泡
9642,e783b9,烹
9643,e7a0b2,砲
9644,e7b8ab,縫
9645,e8839e,胞
9646,e88ab3,芳
9647,e8908c,萌
9648,e893ac,蓬
9649,e89c82,蜂
964a,e8a492,褒
964b,e8a8aa,訪
964c,e8b18a,豊
964d,e982a6,邦
964e,e98b92,鋒
964f,e9a3bd,飽
9650,e9b3b3,鳳
9651,e9b5ac,鵬
9652,e4b98f,乏
9653,e4baa1,亡
9654,e5828d,傍
9655,e58996,剖
9656,e59d8a,坊
9657,e5a6a8,妨
9658,e5b8bd,帽
9659,e5bf98,忘
965a,e5bf99,忙
965b,e688bf,房
965c,e69ab4,暴
965d,e69c9b,望
965e,e69f90,某
965f,e6a392,棒
9660,e58692,冒
9661,e7b4a1,紡
9662,e882aa,肪
9663,e886a8,膨
9664,e8ac80,謀
9665,e8b28c,貌
9666,e8b2bf,貿
9667,e989be,鉾
9668,e998b2,防
9669,e590a0,吠
966a,e9a0ac,頬
966b,e58c97,北
966c,e58395,僕
966d,e58d9c,卜
966e,e5a2a8,墨
966f,e692b2,撲
9670,e69cb4,朴
9671,e789a7,牧
9672,e79da6,睦
9673,e7a986,穆
9674,e987a6,釦
9675,e58b83,勃
9676,e6b2a1,没
9677,e6ae86,殆
9678,e5a080,堀
9679,e5b98c,幌
967a,e5a594,奔
967b,e69cac,本
967c,e7bfbb,翻
967d,e587a1,凡
967e,e79b86,盆
9680,e691a9,摩
9681,e7a3a8,磨
9682,e9ad94,魔
9683,e9babb,麻
9684,e59f8b,埋
9685,e5a6b9,妹
9686,e698a7,昧
9687,e69e9a,枚
9688,e6af8e,毎
9689,e593a9,哩
968a,e6a799,槙
968b,e5b995,幕
968c,e8869c,膜
968d,e69e95,枕
968e,e9aeaa,鮪
968f,e69fbe,柾
9690,e9b192,鱒
9691,e6a19d,桝
9692,e4baa6,亦
9693,e4bfa3,俣
9694,e58f88,又
9695,e68ab9,抹
9696,e69cab,末
9697,e6b2ab,沫
9698,e8bf84,迄
9699,e4bead,侭
969a,e7b9ad,繭
969b,e9babf,麿
969c,e4b887,万
969d,e685a2,慢
969e,e6ba80,満
969f,e6bcab,漫
96a0,e89493,蔓
96a1,e591b3,味
96a2,e69caa,未
96a3,e9ad85,魅
96a4,e5b7b3,巳
96a5,e7ae95,箕
96a6,e5b2ac,岬
96a7,e5af86,密
96a8,e89c9c,蜜
96a9,e6b98a,湊
96aa,e89391,蓑
96ab,e7a894,稔
96ac,e88488,脈
96ad,e5a699,妙
96ae,e7b28d,粍
96af,e6b091,民
96b0,e79ca0,眠
96b1,e58b99,務
96b2,e5a4a2,夢
96b3,e784a1,無
96b4,e7899f,牟
96b5,e79f9b,矛
96b6,e99ca7,霧
96b7,e9b5a1,鵡
96b8,e6a48b,椋
96b9,e5a9bf,婿
96ba,e5a898,娘
96bb,e586a5,冥
96bc,e5908d,名
96bd,e591bd,命
96be,e6988e,明
96bf,e79b9f,盟
96c0,e8bfb7,迷
96c1,e98a98,銘
96c2,e9b3b4,鳴
96c3,e5a7aa,姪
96c4,e7899d,牝
96c5,e6bb85,滅
96c6,e5858d,免
96c7,e6a389,棉
96c8,e7b6bf,綿
96c9,e7b7ac,緬
96ca,e99da2,面
96cb,e9baba,麺
96cc,e691b8,摸
96cd,e6a8a1,模
96ce,e88c82,茂
96cf,e5a684,妄
96d0,e5ad9f,孟
96d1,e6af9b,毛
96d2,e78c9b,猛
96d3,e79bb2,盲
96d4,e7b6b2,網
96d5,e88097,耗
96d6,e89299,蒙
96d7,e584b2,儲
96d8,e69ca8,木
96d9,e9bb99,黙
96da,e79bae,目
96db,e69da2,杢
96dc,e58bbf,勿
96dd,e9a485,餅
96de,e5b0a4,尤
96df,e688bb,戻
96e0,e7b1be,籾
96e1,e8b2b0,貰
96e2,e5958f,問
96e3,e682b6,悶
96e4,e7b48b,紋
96e5,e99680,門
96e6,e58c81,匁
96e7,e4b99f,也
96e8,e586b6,冶
96e9,e5a49c,夜
96ea,e788ba,爺
96eb,e880b6,耶
96ec,e9878e,野
96ed,e5bca5,弥
96ee,e79fa2,矢
96ef,e58e84,厄
96f0,e5bdb9,役
96f1,e7b484,約
96f2,e896ac,薬
96f3,e8a8b3,訳
96f4,e8ba8d,躍
96f5,e99d96,靖
96f6,e69fb3,柳
96f7,e896ae,薮
96f8,e99193,鑓
96f9,e68489,愉
96fa,e68488,愈
96fb,e6b2b9,油
96fc,e79992,癒
9740,e8abad,諭
9741,e8bcb8,輸
9742,e594af,唯
9743,e4bd91,佑
9744,e584aa,優
9745,e58b87,勇
9746,e58f8b,友
9747,e5aea5,宥
9748,e5b9bd,幽
9749,e682a0,悠
974a,e68682,憂
974b,e68f96,揖
974c,e69c89,有
974d,e69f9a,柚
974e,e6b9a7,湧
974f,e6b68c,涌
9750,e78cb6,猶
9751,e78cb7,猷
9752,e794b1,由
9753,e7a590,祐
9754,e8a395,裕
9755,e8aa98,誘
9756,e9818a,遊
9757,e98291,邑
9758,e983b5,郵
9759,e99b84,雄
975a,e89e8d,融
975b,e5a495,夕
975c,e4ba88,予
975d,e4bd99,余
975e,e4b88e,与
975f,e8aa89,誉
9760,e8bcbf,輿
9761,e9a090,預
9762,e582ad,傭
9763,e5b9bc,幼
9764,e5a696,妖
9765,e5aeb9,容
9766,e5bab8,庸
9767,e68f9a,揚
9768,e68fba,揺
9769,e69381,擁
976a,e69b9c,曜
976b,e6a58a,楊
976c,e6a798,様
976d,e6b48b,洋
976e,e6bab6,溶
976f,e78694,熔
9770,e794a8,用
9771,e7aaaf,窯
9772,e7be8a,羊
9773,e88080,耀
9774,e89189,葉
9775,e89389,蓉
9776,e8a681,要
9777,e8aca1,謡
9778,e8b88a,踊
9779,e981a5,遥
977a,e999bd,陽
977b,e9a48a,養
977c,e685be,慾
977d,e68a91,抑
977e,e6acb2,欲
9780,e6b283,沃
9781,e6b5b4,浴
9782,e7bf8c,翌
9783,e7bfbc,翼
9784,e6b780,淀
9785,e7be85,羅
9786,e89eba,螺
9787,e8a3b8,裸
9788,e69da5,来
9789,e88eb1,莱
978a,e9a0bc,頼
978b,e99bb7,雷
978c,e6b49b,洛
978d,e7b5a1,絡
978e,e890bd,落
978f,e985aa,酪
9790,e4b9b1,乱
9791,e58db5,卵
9792,e5b590,嵐
9793,e6ac84,欄
9794,e6bfab,濫
9795,e8978d,藍
9796,e898ad,蘭
9797,e8a6a7,覧
9798,e588a9,利
9799,e5908f,吏
979a,e5b1a5,履
979b,e69d8e,李
979c,e6a2a8,梨
979d,e79086,理
979e,e79283,璃
979f,e797a2,痢
97a0,e8a38f,裏
97a1,e8a3a1,裡
97a2,e9878c,里
97a3,e99ba2,離
97a4,e999b8,陸
97a5,e5be8b,律
97a6,e78e87,率
97a7,e7ab8b,立
97a8,e8918e,葎
97a9,e68ea0,掠
97aa,e795a5,略
97ab,e58a89,劉
97ac,e6b581,流
97ad,e6ba9c,溜
97ae,e79089,琉
97af,e79599,留
97b0,e7a1ab,硫
97b1,e7b292,粒
97b2,e99a86,隆
97b3,e7ab9c,竜
97b4,e9be8d,龍
97b5,e4beb6,侶
97b6,e685ae,慮
97b7,e69785,旅
97b8,e8999c,虜
97b9,e4ba86,了
97ba,e4baae,亮
97bb,e5839a,僚
97bc,e4b8a1,両
97bd,e5878c,凌
97be,e5afae,寮
97bf,e69699,料
97c0,e6a281,梁
97c1,e6b6bc,涼
97c2,e78c9f,猟
97c3,e79982,療
97c4,e79ead,瞭
97c5,e7a89c,稜
97c6,e7b3a7,糧
97c7,e889af,良
97c8,e8ab92,諒
97c9,e981bc,遼
97ca,e9878f,量
97cb,e999b5,陵
97cc,e9a098,領
97cd,e58a9b,力
97ce,e7b791,緑
97cf,e580ab,倫
97d0,e58e98,厘
97d1,e69e97,林
97d2,e6b78b,淋
97d3,e78790,燐
97d4,e790b3,琳
97d5,e887a8,臨
97d6,e8bcaa,輪
97d7,e99aa3,隣
97d8,e9b197,鱗
97d9,e9ba9f,麟
97da,e791a0,瑠
97db,e5a181,塁
97dc,e6b699,涙
97dd,e7b4af,累
97de,e9a19e,類
97df,e4bba4,令
97e0,e4bcb6,伶
97e1,e4be8b,例
97e2,e586b7,冷
97e3,e58ab1,励
97e4,e5b6ba,嶺
97e5,e6809c,怜
97e6,e78eb2,玲
97e7,e7a4bc,礼
97e8,e88b93,苓
97e9,e988b4,鈴
97ea,e99ab7,隷
97eb,e99bb6,零
97ec,e99c8a,霊
97ed,e9ba97,麗
97ee,e9bda2,齢
97ef,e69aa6,暦
97f0,e6adb4,歴
97f1,e58897,列
97f2,e58aa3,劣
97f3,e78388,烈
97f4,e8a382,裂
97f5,e5bb89,廉
97f6,e6818b,恋
97f7,e68690,憐
97f8,e6bca3,漣
97f9,e78589,煉
97fa,e7b0be,簾
97fb,e7b7b4,練
97fc,e881af,聯
9840,e893ae,蓮
9841,e980a3,連
9842,e98cac,錬
9843,e59182,呂
9844,e9adaf,魯
9845,e6ab93,櫓
9846,e78289,炉
9847,e8b382,賂
9848,e8b7af,路
9849,e99cb2,露
984a,e58ab4,労
984b,e5a981,婁
984c,e5bb8a,廊
984d,e5bc84,弄
984e,e69c97,朗
984f,e6a5bc,楼
9850,e6a694,榔
9851,e6b5aa,浪
9852,e6bc8f,漏
9853,e789a2,牢
9854,e78bbc,狼
9855,e7afad,篭
9856,e88081,老
9857,e881be,聾
9858,e89d8b,蝋
9859,e9838e,郎
985a,e585ad,六
985b,e9ba93,麓
985c,e7a684,禄
985d,e8828b,肋
985e,e98cb2,録
985f,e8ab96,論
9860,e580ad,倭
9861,e5928c,和
9862,e8a9b1,話
9863,e6adaa,歪
9864,e8b384,賄
9865,e88487,脇
9866,e68391,惑
9867,e69ea0,枠
9868,e9b7b2,鷲
9869,e4ba99,亙
986a,e4ba98,亘
986b,e9b090,鰐
986c,e8a9ab,詫
986d,e89781,藁
986e,e895a8,蕨
986f,e6a480,椀
9870,e6b9be,湾
9871,e7a297,碗
9872,e88595,腕
989f,e5bc8c,弌
98a0,e4b890,丐
98a1,e4b895,丕
98a2,e4b8aa,个
98a3,e4b8b1,丱
98a4,e4b8b6,丶
98a5,e4b8bc,丼
98a6,e4b8bf,丿
98a7,e4b982,乂
98a8,e4b996,乖
98a9,e4b998,乘
98aa,e4ba82,亂
98ab,e4ba85,亅
98ac,e8b1ab,豫
98ae,e88892,舒
98af,e5bc8d,弍
98b0,e4ba8e,于
98b1,e4ba9e,亞
98b2,e4ba9f,亟
98b3,e4baa0,亠
98b4,e4baa2,亢
98b5,e4bab0,亰
98b6,e4bab3,亳
98b7,e4bab6,亶
98b8,e4bb8e,从
98b9,e4bb8d,仍
98ba,e4bb84,仄
98bb,e4bb86,仆
98bc,e4bb82,仂
98bd,e4bb97,仗
98be,e4bb9e,仞
98bf,e4bbad,仭
98c0,e4bb9f,仟
98c1,e4bbb7,价
98c2,e4bc89,伉
98c3,e4bd9a,佚
98c4,e4bcb0,估
98c5,e4bd9b,佛
98c6,e4bd9d,佝
98c7,e4bd97,佗
98c8,e4bd87,佇
98c9,e4bdb6,佶
98ca,e4be88,侈
98cb,e4be8f,侏
98cc,e4be98,侘
98cd,e4bdbb,佻
98ce,e4bda9,佩
98cf,e4bdb0,佰
98d0,e4be91,侑
98d1,e4bdaf,佯
98d2,e4be86,來
98d3,e4be96,侖
98d4,e58498,儘
98d6,e4bf9f,俟
98d7,e4bf8e,俎
98d8,e4bf98,俘
98d9,e4bf9b,俛
98da,e4bf91,俑
98db,e4bf9a,俚
98dc,e4bf90,俐
98dd,e4bfa4,俤
98de,e4bfa5,俥
98df,e5809a,倚
98e0,e580a8,倨
98e1,e58094,倔
98e2,e580aa,倪
98e3,e580a5,倥
98e4,e58085,倅
98e5,e4bc9c,伜
98e6,e4bfb6,俶
98e7,e580a1,倡
98e8,e580a9,倩
98e9,e580ac,倬
98ea,e4bfbe,俾
98eb,e4bfaf,俯
98ec,e58091,們
98ed,e58086,倆
98ee,e58183,偃
98ef,e58187,假
98f0,e69c83,會
98f1,e58195,偕
98f2,e58190,偐
98f3,e58188,偈
98f4,e5819a,做
98f5,e58196,偖
98f6,e581ac,偬
98f7,e581b8,偸
98f8,e58280,傀
98f9,e5829a,傚
98fa,e58285,傅
98fb,e582b4,傴
98fc,e582b2,傲
9940,e58389,僉
9941,e5838a,僊
9942,e582b3,傳
9943,e58382,僂
9944,e58396,僖
9945,e5839e,僞
9946,e583a5,僥
9947,e583ad,僭
9948,e583a3,僣
9949,e583ae,僮
994a,e583b9,價
994b,e583b5,僵
994c,e58489,儉
994d,e58481,儁
994e,e58482,儂
9950,e58495,儕
9951,e58494,儔
9952,e5849a,儚
9953,e584a1,儡
9954,e584ba,儺
9955,e584b7,儷
9956,e584bc,儼
9957,e584bb,儻
9958,e584bf,儿
9959,e58580,兀
995a,e58592,兒
995b,e5858c,兌
995c,e58594,兔
995d,e585a2,兢
995e,e7abb8,竸
995f,e585a9,兩
9960,e585aa,兪
9961,e585ae,兮
9962,e58680,冀
9963,e58682,冂
9964,e59b98,囘
9965,e5868c,册
9966,e58689,冉
9967,e5868f,冏
9968,e58691,冑
996a,e58695,冕
996b,e58696,冖
996c,e586a4,冤
996d,e586a6,冦
996e,e586a2,冢
996f,e586a9,冩
9970,e586aa,冪
9971,e586ab,冫
9972,e586b3,决
9973,e586b1,冱
9974,e586b2,冲
9975,e586b0,冰
9976,e586b5,况
9977,e586bd,冽
9978,e58785,凅
9979,e58789,凉
997a,e5879b,凛
997b,e587a0,几
997c,e89995,處
997d,e587a9,凩
997e,e587ad,凭
9980,e587b0,凰
9981,e587b5,凵
9982,e587be,凾
9983,e58884,刄
9984,e5888b,刋
9985,e58894,刔
9986,e5888e,刎
9987,e588a7,刧
9988,e588aa,刪
9989,e588ae,刮
998a,e588b3,刳
998b,e588b9,刹
998c,e5898f,剏
998d,e58984,剄
998e,e5898b,剋
998f,e5898c,剌
9990,e5899e,剞
9991,e58994,剔
9992,e589aa,剪
9993,e589b4,剴
9994,e589a9,剩
9995,e589b3,剳
9996,e589bf,剿
9997,e589bd,剽
9998,e58a8d,劍
9999,e58a94,劔
999a,e58a92,劒
999b,e589b1,剱
999c,e58a88,劈
999d,e58a91,劑
999e,e8bea8,辨
999f,e8bea7,辧
99a0,e58aac,劬
99a1,e58aad,劭
99a3,e58ab5,劵
99a4,e58b81,勁
99a6,e58b97,勗
99a7,e58b9e,勞
99a8,e58ba3,勣
99a9,e58ba6,勦
99aa,e9a3ad,飭
99ac,e58bb3,勳
99ad,e58bb5,勵
99ae,e58bb8,勸
99af,e58bb9,勹
99b0,e58c86,匆
99b1,e58c88,匈
99b2,e794b8,甸
99b3,e58c8d,匍
99b4,e58c90,匐
99b5,e58c8f,匏
99b6,e58c95,匕
99b7,e58c9a,匚
99b8,e58ca3,匣
99b9,e58caf,匯
99ba,e58cb1,匱
99bb,e58cb3,匳
99bc,e58cb8,匸
99bd,e58d80,區
99bf,e58d85,卅
99c0,e4b897,丗
99c1,e58d89,卉
99c2,e58d8d,卍
99c3,e58796,凖
99c4,e58d9e,卞
99c5,e58da9,卩
99c8,e58dbb,卻
99c9,e58db7,卷
99ca,e58e82,厂
99cb,e58e96,厖
99cc,e58ea0,厠
99cd,e58ea6,厦
99ce,e58ea5,厥
99cf,e58eae,厮
99d0,e58eb0,厰
99d1,e58eb6,厶
99d2,e58f83,參
99d3,e7b092,簒
99d4,e99b99,雙
99d5,e58f9f,叟
99d6,e69bbc,曼
99d7,e787ae,燮
99d8,e58fae,叮
99d9,e58fa8,叨
99da,e58fad,叭
99db,e58fba,叺
99dc,e59081,吁
99dd,e590bd,吽
99de,e59180,呀
99df,e590ac,听
99e0,e590ad,吭
99e1,e590bc,吼
99e2,e590ae,吮
99e3,e590b6,吶
99e4,e590a9,吩
99e5,e5909d,吝
99e6,e5918e,呎
99e7,e5928f,咏
99e8,e591b5,呵
99e9,e5928e,咎
99ea,e5919f,呟
99eb,e591b1,呱
99ec,e591b7,呷
99ed,e591b0,呰
99ee,e59292,咒
99ef,e591bb,呻
99f0,e59280,咀
99f1,e591b6,呶
99f2,e59284,咄
99f3,e59290,咐
99f4,e59286,咆
99f5,e59387,哇
99f6,e592a2,咢
99f7,e592b8,咸
99f8,e592a5,咥
99f9,e592ac,咬
99fa,e59384,哄
99fb,e59388,哈
99fc,e592a8,咨
9a40,e592ab,咫
9a41,e59382,哂
9a42,e592a4,咤
9a44,e592bc,咼
9a46,e593a5,哥
9a47,e593a6,哦
9a48,e5948f,唏
9a49,e59494,唔
9a4a,e593bd,哽
9a4b,e593ae,哮
9a4c,e593ad,哭
9a4d,e593ba,哺
9a4e,e593a2,哢
9a4f,e594b9,唹
9a50,e59580,啀
9a51,e595a3,啣
9a52,e5958c,啌
9a53,e594ae,售
9a54,e5959c,啜
9a55,e59585,啅
9a56,e59596,啖
9a57,e59597,啗
9a58,e594b8,唸
9a59,e594b3,唳
9a5b,e59699,喙
9a5c,e59680,喀
9a5d,e592af,咯
9a5e,e5968a,喊
9a5f,e5969f,喟
9a60,e595bb,啻
9a61,e595be,啾
9a62,e59698,喘
9a63,e5969e,喞
9a64,e596ae,單
9a65,e595bc,啼
9a66,e59683,喃
9a67,e596a9,喩
9a68,e59687,喇
9a69,e596a8,喨
9a6a,e5979a,嗚
9a6b,e59785,嗅
9a6c,e5979f,嗟
9a6d,e59784,嗄
9a6e,e5979c,嗜
9a6f,e597a4,嗤
9a70,e59794,嗔
9a71,e59894,嘔
9a72,e597b7,嗷
9a73,e59896,嘖
9a74,e597be,嗾
9a75,e597bd,嗽
9a76,e5989b,嘛
9a77,e597b9,嗹
9a78,e5998e,噎
9a79,e59990,噐
9a7a,e7879f,營
9a7b,e598b4,嘴
9a7c,e598b6,嘶
9a7d,e598b2,嘲
9a7e,e598b8,嘸
9a80,e599ab,噫
9a81,e599a4,噤
9a82,e598af,嘯
9a83,e599ac,噬
9a84,e599aa,噪
9a85,e59a86,嚆
9a86,e59a80,嚀
9a87,e59a8a,嚊
9a88,e59aa0,嚠
9a89,e59a94,嚔
9a8a,e59a8f,嚏
9a8b,e59aa5,嚥
9a8c,e59aae,嚮
9a8d,e59ab6,嚶
9a8e,e59ab4,嚴
9a8f,e59b82,囂
9a90,e59abc,嚼
9a91,e59b81,囁
9a92,e59b83,囃
9a93,e59b80,囀
9a94,e59b88,囈
9a95,e59b8e,囎
9a96,e59b91,囑
9a97,e59b93,囓
9a98,e59b97,囗
9a99,e59bae,囮
9a9a,e59bb9,囹
9a9b,e59c80,圀
9a9c,e59bbf,囿
9a9d,e59c84,圄
9a9e,e59c89,圉
9a9f,e59c88,圈
9aa0,e59c8b,國
9aa1,e59c8d,圍
9aa2,e59c93,圓
9aa3,e59c98,團
9aa4,e59c96,圖
9aa5,e59787,嗇
9aa6,e59c9c,圜
9aa7,e59ca6,圦
9aa8,e59cb7,圷
9aaa,e59d8e,坎
9aab,e59cbb,圻
9aac,e59d80,址
9aad,e59d8f,坏
9aae,e59da9,坩
9aaf,e59f80,埀
9ab1,e59da1,坡
9ab4,e59e93,垓
9ab5,e59ea0,垠
9ab7,e59ea4,垤
9ab8,e59eaa,垪
9aba,e59f83,埃
9abc,e59f94,埔
9abd,e59f92,埒
9abe,e59f93,埓
9abf,e5a08a,堊
9ac3,e5a099,堙
9ac4,e5a09d,堝
9ac5,e5a1b2,塲
9ac6,e5a0a1,堡
9ac7,e5a1a2,塢
9ac8,e5a18b,塋
9aca,e6af80,毀
9acb,e5a192,塒
9acc,e5a0bd,堽
9acd,e5a1b9,塹
9ace,e5a285,墅
9acf,e5a2b9,墹
9ad0,e5a29f,墟
9ad1,e5a2ab,墫
9ad2,e5a2ba,墺
9ad3,e5a39e,壞
9ad4,e5a2bb,墻
9ad6,e5a2ae,墮
9ad7,e5a385,壅
9ad8,e5a393,壓
9ad9,e5a391,壑
9ada,e5a397,壗
9adb,e5a399,壙
9adc,e5a398,壘
9add,e5a3a5,壥
9ade,e5a39c,壜
9adf,e5a3a4,壤
9ae0,e5a39f,壟
9ae1,e5a3af,壯
9ae2,e5a3ba,壺
9ae3,e5a3b9,壹
9ae4,e5a3bb,壻
9ae5,e5a3bc,壼
9ae6,e5a3bd,壽
9ae7,e5a482,夂
9ae9,e5a490,夐
9aeb,e6a2a6,梦
9aec,e5a4a5,夥
9aed,e5a4ac,夬
9aee,e5a4ad,夭
9af0,e5a4b8,夸
9af1,e5a4be,夾
9af2,e7ab92,竒
9af3,e5a595,奕
9af4,e5a590,奐
9af5,e5a58e,奎
9af6,e5a59a,奚
9af7,e5a598,奘
9af8,e5a5a2,奢
9af9,e5a5a0,奠
9afa,e5a5a7,奧
9afb,e5a5ac,奬
9afc,e5a5a9,奩
9b40,e5a5b8,奸
9b41,e5a681,妁
9b42,e5a69d,妝
9b43,e4bd9e,佞
9b44,e4beab,侫
9b45,e5a6a3,妣
9b46,e5a6b2,妲
9b47,e5a786,姆
9b48,e5a7a8,姨
9b49,e5a79c,姜
9b4a,e5a68d,妍
9b4b,e5a799,姙
9b4c,e5a79a,姚
9b4d,e5a8a5,娥
9b4e,e5a89f,娟
9b4f,e5a891,娑
9b50,e5a89c,娜
9b51,e5a889,娉
9b52,e5a89a,娚
9b53,e5a980,婀
9b54,e5a9ac,婬
9b55,e5a989,婉
9b56,e5a8b5,娵
9b57,e5a8b6,娶
9b58,e5a9a2,婢
9b59,e5a9aa,婪
9b5a,e5aa9a,媚
9b5b,e5aabc,媼
9b5c,e5aabe,媾
9b5d,e5ab8b,嫋
9b5e,e5ab82,嫂
9b5f,e5aabd,媽
9b60,e5aba3,嫣
9b61,e5ab97,嫗
9b62,e5aba6,嫦
9b63,e5aba9,嫩
9b64,e5ab96,嫖
9b65,e5abba,嫺
9b66,e5abbb,嫻
9b67,e5ac8c,嬌
9b68,e5ac8b,嬋
9b69,e5ac96,嬖
9b6a,e5acb2,嬲
9b6b,e5ab90,嫐
9b6c,e5acaa,嬪
9b6d,e5acb6,嬶
9b6e,e5acbe,嬾
9b6f,e5ad83,孃
9b70,e5ad85,孅
9b71,e5ad80,孀
9b72,e5ad91,孑
9b73,e5ad95,孕
9b74,e5ad9a,孚
9b75,e5ad9b,孛
9b76,e5ada5,孥
9b77,e5ada9,孩
9b78,e5adb0,孰
9b79,e5adb3,孳
9b7a,e5adb5,孵
9b7b,e5adb8,學
9b7d,e5adba,孺
9b7e,e5ae80,宀
9b80,e5ae83,它
9b81,e5aea6,宦
9b82,e5aeb8,宸
9b83,e5af83,寃
9b84,e5af87,寇
9b85,e5af89,寉
9b86,e5af94,寔
9b87,e5af90,寐
9b88,e5afa4,寤
9b89,e5afa6,實
9b8a,e5afa2,寢
9b8b,e5af9e,寞
9b8c,e5afa5,寥
9b8d,e5afab,寫
9b8e,e5afb0,寰
9b8f,e5afb6,寶
9b90,e5afb3,寳
9b91,e5b085,尅
9b92,e5b087,將
9b93,e5b088,專
9b94,e5b08d,對
9b95,e5b093,尓
9b96,e5b0a0,尠
9b97,e5b0a2,尢
9b98,e5b0a8,尨
9b99,e5b0b8,尸
9b9a,e5b0b9,尹
9b9b,e5b181,屁
9b9c,e5b186,屆
9b9d,e5b18e,屎
9b9e,e5b193,屓
9b9f,e5b190,屐
9ba0,e5b18f,屏
9ba1,e5adb1,孱
9ba2,e5b1ac,屬
9ba3,e5b1ae,屮
9ba4,e4b9a2,乢
9ba6,e5b1b9,屹
9ba7,e5b28c,岌
9ba8,e5b291,岑
9ba9,e5b294,岔
9bab,e5b2ab,岫
9baf,e5b2b7,岷
9bb0,e5b385,峅
9bb3,e5b399,峙
9bb4,e5b3a9,峩
9bb5,e5b3bd,峽
9bb7,e5b3ad,峭
9bb9,e5b3aa,峪
9bba,e5b48b,崋
9bbb,e5b495,崕
9bbc,e5b497,崗
9bbf,e5b49b,崛
9bc0,e5b491,崑
9bc1,e5b494,崔
9bc2,e5b4a2,崢
9bc3,e5b49a,崚
9bc4,e5b499,崙
9bc6,e5b58c,嵌
9bc7,e5b592,嵒
9bc8,e5b58e,嵎
9bca,e5b5ac,嵬
9bcc,e5b5b6,嵶
9bcd,e5b687,嶇
9bce,e5b684,嶄
9bcf,e5b682,嶂
9bd0,e5b6a2,嶢
9bd1,e5b69d,嶝
9bd3,e5b6ae,嶮
9bd4,e5b6bd,嶽
9bd5,e5b690,嶐
9bd6,e5b6b7,嶷
9bd7,e5b6bc,嶼
9bd8,e5b789,巉
9bd9,e5b78d,巍
9bda,e5b793,巓
9bdb,e5b792,巒
9bdc,e5b796,巖
9bdd,e5b79b,巛
9bde,e5b7ab,巫
9bdf,e5b7b2,已
9be0,e5b7b5,巵
9be1,e5b88b,帋
9be2,e5b89a,帚
9be3,e5b899,帙
9be4,e5b891,帑
9be5,e5b89b,帛
9be6,e5b8b6,帶
9be7,e5b8b7,帷
9be8,e5b984,幄
9be9,e5b983,幃
9bea,e5b980,幀
9bec,e5b997,幗
9bed,e5b994,幔
9bee,e5b99f,幟
9bef,e5b9a2,幢
9bf0,e5b9a4,幤
9bf1,e5b987,幇
9bf2,e5b9b5,幵
9bf3,e5b9b6,并
9bf4,e5b9ba,幺
9bf5,e9babc,麼
9bf6,e5b9bf,广
9bf7,e5baa0,庠
9bf8,e5bb81,廁
9bf9,e5bb82,廂
9bfa,e5bb88,廈
9bfb,e5bb90,廐
9bfc,e5bb8f,廏
9c40,e5bb96,廖
9c41,e5bba3,廣
9c42,e5bb9d,廝
9c43,e5bb9a,廚
9c44,e5bb9b,廛
9c45,e5bba2,廢
9c46,e5bba1,廡
9c47,e5bba8,廨
9c48,e5bba9,廩
9c49,e5bbac,廬
9c4a,e5bbb1,廱
9c4b,e5bbb3,廳
9c4c,e5bbb0,廰
9c4d,e5bbb4,廴
9c4e,e5bbb8,廸
9c4f,e5bbbe,廾
9c50,e5bc83,弃
9c51,e5bc89,弉
9c52,e5bd9d,彝
9c53,e5bd9c,彜
9c54,e5bc8b,弋
9c55,e5bc91,弑
9c56,e5bc96,弖
9c57,e5bca9,弩
9c58,e5bcad,弭
9c5b,e5bd88,彈
9c5c,e5bd8c,彌
9c5d,e5bd8e,彎
9c5e,e5bcaf,弯
9c5f,e5bd91,彑
9c60,e5bd96,彖
9c61,e5bd97,彗
9c62,e5bd99,彙
9c63,e5bda1,彡
9c64,e5bdad,彭
9c65,e5bdb3,彳
9c66,e5bdb7,彷
9c67,e5be83,徃
9c68,e5be82,徂
9c69,e5bdbf,彿
9c6a,e5be8a,徊
9c6b,e5be88,很
9c6c,e5be91,徑
9c6d,e5be87,徇
9c6e,e5be9e,從
9c6f,e5be99,徙
9c70,e5be98,徘
9c71,e5bea0,徠
9c72,e5bea8,徨
9c73,e5bead,徭
9c74,e5bebc,徼
9c75,e5bf96,忖
9c76,e5bfbb,忻
9c77,e5bfa4,忤
9c78,e5bfb8,忸
9c79,e5bfb1,忱
9c7a,e5bf9d,忝
9c7b,e682b3,悳
9c7c,e5bfbf,忿
9c7d,e680a1,怡
9c7e,e681a0,恠
9c80,e68099,怙
9c82,e680a9,怩
9c83,e6808e,怎
9c84,e680b1,怱
9c85,e6809b,怛
9c86,e68095,怕
9c87,e680ab,怫
9c88,e680a6,怦
9c89,e6808f,怏
9c8a,e680ba,怺
9c8b,e6819a,恚
9c8c,e68181,恁
9c8d,e681aa,恪
9c8f,e6819f,恟
9c90,e6818a,恊
9c91,e68186,恆
9c92,e6818d,恍
9c93,e681a3,恣
9c94,e68183,恃
9c95,e681a4,恤
9c96,e68182,恂
9c97,e681ac,恬
9c98,e681ab,恫
9c99,e68199,恙
9c9a,e68281,悁
9c9b,e6828d,悍
9c9c,e683a7,惧
9c9d,e68283,悃
9c9e,e6829a,悚
9c9f,e68284,悄
9ca0,e6829b,悛
9ca1,e68296,悖
9ca3,e68292,悒
9ca4,e682a7,悧
9ca5,e6828b,悋
9ca6,e683a1,惡
9ca7,e682b8,悸
9ca8,e683a0,惠
9ca9,e68393,惓
9caa,e682b4,悴
9cab,e5bfb0,忰
9cac,e682bd,悽
9cad,e68386,惆
9cae,e682b5,悵
9caf,e68398,惘
9cb0,e6858d,慍
9cb1,e68495,愕
9cb2,e68486,愆
9cb3,e683b6,惶
9cb5,e68480,愀
9cb6,e683b4,惴
9cb7,e683ba,惺
9cb9,e684a1,愡
9cba,e683bb,惻
9cbb,e683b1,惱
9cbc,e6848d,愍
9cbd,e6848e,愎
9cbe,e68587,慇
9cbf,e684be,愾
9cc0,e684a8,愨
9cc1,e684a7,愧
9cc2,e6858a,慊
9cc3,e684bf,愿
9cc4,e684bc,愼
9cc5,e684ac,愬
9cc6,e684b4,愴
9cc7,e684bd,愽
9cc8,e68582,慂
9cc9,e68584,慄
9cca,e685b3,慳
9ccb,e685b7,慷
9ccc,e68598,慘
9ccd,e68599,慙
9cce,e6859a,慚
9ccf,e685ab,慫
9cd0,e685b4,慴
9cd2,e685a5,慥
9cd4,e6859f,慟
9cd5,e6859d,慝
9cd6,e68593,慓
9cd7,e685b5,慵
9cd8,e68699,憙
9cd9,e68696,憖
9cda,e68687,憇
9cdb,e686ac,憬
9cdc,e68694,憔
9cdd,e6869a,憚
9cde,e6868a,憊
9cdf,e68691,憑
9ce0,e686ab,憫
9ce1,e686ae,憮
9ce2,e6878c,懌
9ce3,e6878a,懊
9ce4,e68789,應
9ce5,e687b7,懷
9ce6,e68788,懈
9ce7,e68783,懃
9ce8,e68786,懆
9ce9,e686ba,憺
9cea,e6878b,懋
9ceb,e7bdb9,罹
9cec,e6878d,懍
9ced,e687a6,懦
9cee,e687a3,懣
9cef,e687b6,懶
9cf0,e687ba,懺
9cf1,e687b4,懴
9cf2,e687bf,懿
9cf3,e687bd,懽
9cf4,e687bc,懼
9cf5,e687be,懾
9cf6,e68880,戀
9cf7,e68888,戈
9cf9,e6888d,戍
9cfa,e6888c,戌
9cfb,e68894,戔
9cfc,e6889b,戛
9d40,e6889e,戞
9d41,e688a1,戡
9d42,e688aa,截
9d43,e688ae,戮
9d44,e688b0,戰
9d45,e688b2,戲
9d47,e68981,扁
9d48,e6898e,扎
9d49,e6899e,扞
9d4a,e689a3,扣
9d4b,e6899b,扛
9d4c,e689a0,扠
9d4d,e689a8,扨
9d4e,e689bc,扼
9d4f,e68a82,抂
9d50,e68a89,抉
9d52,e68a92,抒
9d53,e68a93,抓
9d54,e68a96,抖
9d55,e68b94,拔
9d56,e68a83,抃
9d57,e68a94,抔
9d58,e68b97,拗
9d59,e68b91,拑
9d5b,e68b8f,拏
9d5c,e68bbf,拿
9d5d,e68b86,拆
9d5e,e69394,擔
9d5f,e68b88,拈
9d60,e68b9c,拜
9d61,e68b8c,拌
9d62,e68b8a,拊
9d63,e68b82,拂
9d64,e68b87,拇
9d65,e68a9b,抛
9d66,e68b89,拉
9d67,e68c8c,挌
9d68,e68bae,拮
9d69,e68bb1,拱
9d6a,e68ca7,挧
9d6b,e68c82,挂
9d6c,e68c88,挈
9d6d,e68baf,拯
9d6e,e68bb5,拵
9d6f,e68d90,捐
9d70,e68cbe,挾
9d71,e68d8d,捍
9d72,e6909c,搜
9d73,e68d8f,捏
9d74,e68e96,掖
9d75,e68e8e,掎
9d76,e68e80,掀
9d78,e68db6,捶
9d79,e68ea3,掣
9d7a,e68e8f,掏
9d7b,e68e89,掉
9d7c,e68e9f,掟
9d7e,e68dab,捫
9d80,e68da9,捩
9d81,e68ebe,掾
9d82,e68fa9,揩
9d83,e68f80,揀
9d84,e68f86,揆
9d85,e68fa3,揣
9d86,e68f89,揉
9d87,e68f92,插
9d88,e68fb6,揶
9d89,e68f84,揄
9d8a,e69096,搖
9d8b,e690b4,搴
9d8c,e69086,搆
9d8d,e69093,搓
9d8e,e690a6,搦
9d8f,e690b6,搶
9d90,e6949d,攝
9d91,e69097,搗
9d92,e690a8,搨
9d93,e6908f,搏
9d94,e691a7,摧
9d95,e691af,摯
9d96,e691b6,摶
9d97,e6918e,摎
9d98,e694aa,攪
9d99,e69295,撕
9d9a,e69293,撓
9d9b,e692a5,撥
9d9c,e692a9,撩
9d9d,e69288,撈
9d9e,e692bc,撼
9d9f,e6939a,據
9da0,e69392,擒
9da1,e69385,擅
9da2,e69387,擇
9da3,e692bb,撻
9da4,e69398,擘
9da5,e69382,擂
9da6,e693b1,擱
9da7,e693a7,擧
9da8,e88889,舉
9da9,e693a0,擠
9daa,e693a1,擡
9dab,e68aac,抬
9dac,e693a3,擣
9dad,e693af,擯
9dae,e694ac,攬
9db0,e693b4,擴
9db1,e693b2,擲
9db2,e693ba,擺
9db3,e69480,攀
9db4,e693bd,擽
9db5,e69498,攘
9db6,e6949c,攜
9db7,e69485,攅
9db8,e694a4,攤
9db9,e694a3,攣
9dba,e694ab,攫
9dbb,e694b4,攴
9dbc,e694b5,攵
9dbd,e694b7,攷
9dbe,e694b6,收
9dbf,e694b8,攸
9dc0,e7958b,畋
9dc1,e69588,效
9dc2,e69596,敖
9dc3,e69595,敕
9dc4,e6958d,敍
9dc6,e6959e,敞
9dc7,e6959d,敝
9dc8,e695b2,敲
9dc9,e695b8,數
9dca,e69682,斂
9dcb,e69683,斃
9dcc,e8ae8a,變
9dcd,e6969b,斛
9dce,e6969f,斟
9dcf,e696ab,斫
9dd0,e696b7,斷
9dd1,e69783,旃
9dd2,e69786,旆
9dd3,e69781,旁
9dd4,e69784,旄
9dd5,e6978c,旌
9dd6,e69792,旒
9dd7,e6979b,旛
9dd8,e69799,旙
9dd9,e697a0,无
9dda,e697a1,旡
9ddb,e697b1,旱
9ddc,e69db2,杲
9ddd,e6988a,昊
9dde,e69883,昃
9ddf,e697bb,旻
9de0,e69db3,杳
9de1,e698b5,昵
9de2,e698b6,昶
9de3,e698b4,昴
9de4,e6989c,昜
9de5,e6998f,晏
9de6,e69984,晄
9de7,e69989,晉
9de8,e69981,晁
9de9,e6999e,晞
9dea,e6999d,晝
9deb,e699a4,晤
9dec,e699a7,晧
9ded,e699a8,晨
9dee,e6999f,晟
9def,e699a2,晢
9df0,e699b0,晰
9df2,e69a88,暈
9df3,e69a8e,暎
9df4,e69a89,暉
9df5,e69a84,暄
9df6,e69a98,暘
9df7,e69a9d,暝
9df8,e69b81,曁
9df9,e69ab9,暹
9dfa,e69b89,曉
9dfb,e69abe,暾
9dfc,e69abc,暼
9e40,e69b84,曄
9e41,e69ab8,暸
9e42,e69b96,曖
9e43,e69b9a,曚
9e44,e69ba0,曠
9e45,e698bf,昿
9e46,e69ba6,曦
9e47,e69ba9,曩
9e48,e69bb0,曰
9e49,e69bb5,曵
9e4a,e69bb7,曷
9e4b,e69c8f,朏
9e4d,e69c9e,朞
9e4e,e69ca6,朦
9e4f,e69ca7,朧
9e50,e99cb8,霸
9e51,e69cae,朮
9e52,e69cbf,朿
9e53,e69cb6,朶
9e54,e69d81,杁
9e55,e69cb8,朸
9e57,e69d86,杆
9e58,e69d9e,杞
9e59,e69da0,杠
9e5a,e69d99,杙
9e5b,e69da3,杣
9e5c,e69da4,杤
9e5d,e69e89,枉
9e5f,e69ea9,枩
9e60,e69dbc,杼
9e61,e69daa,杪
9e62,e69e8c,枌
9e63,e69e8b,枋
9e65,e69ea1,枡
9e67,e69eb7,枷
9e68,e69faf,柯
9e69,e69eb4,枴
9e6a,e69fac,柬
9e6b,e69eb3,枳
9e6c,e69fa9,柩
9e6d,e69eb8,枸
9e6f,e69f9e,柞
9e70,e69f9d,柝
9e71,e69fa2,柢
9e72,e69fae,柮
9e73,e69eb9,枹
9e76,e69fa7,柧
9e77,e6aa9c,檜
9e78,e6a09e,栞
9e79,e6a186,框
9e7a,e6a0a9,栩
9e7b,e6a180,桀
9e7c,e6a18d,桍
9e7d,e6a0b2,栲
9e7e,e6a18e,桎
9e80,e6a2b3,梳
9e81,e6a0ab,栫
9e82,e6a199,桙
9e84,e6a1b7,桷
9e85,e6a1bf,桿
9e86,e6a29f,梟
9e87,e6a28f,梏
9e88,e6a2ad,梭
9e89,e6a294,梔
9e8a,e6a29d,條
9e8b,e6a29b,梛
9e8c,e6a283,梃
9e8d,e6aaae,檮
9e8f,e6a1b4,桴
9e90,e6a2b5,梵
9e91,e6a2a0,梠
9e92,e6a2ba,梺
9e93,e6a48f,椏
9e94,e6a28d,梍
9e96,e6a481,椁
9e97,e6a38a,棊
9e98,e6a488,椈
9e99,e6a398,棘
9e9c,e6a3a1,棡
9e9d,e6a48c,椌
9e9e,e6a38d,棍
9ea0,e6a3a7,棧
9ea1,e6a395,棕
9ea2,e6a4b6,椶
9ea3,e6a492,椒
9ea4,e6a484,椄
9ea5,e6a397,棗
9ea6,e6a3a3,棣
9ea8,e6a3b9,棹
9ea9,e6a3a0,棠
9ead,e6a49a,椚
9eb1,e6a5b9,楹
9eb2,e6a5b7,楷
9eb4,e6a5b8,楸
9eb5,e6a5ab,楫
9eb6,e6a594,楔
9eb8,e6a5ae,楮
9eb9,e6a4b9,椹
9ebb,e6a4bd,椽
9ebc,e6a599,楙
9ebd,e6a4b0,椰
9ebe,e6a5a1,楡
9ebf,e6a59e,楞
9ec0,e6a59d,楝
9ec1,e6a681,榁
9ec2,e6a5aa,楪
9ec3,e6a6b2,榲
9ec4,e6a6ae,榮
9ec5,e6a790,槐
9ec6,e6a6bf,榿
9ec7,e6a781,槁
9ec8,e6a793,槓
9ec9,e6a6be,榾
9eca,e6a78e,槎
9ecb,e5afa8,寨
9ecc,e6a78a,槊
9ece,e6a6bb,榻
9ecf,e6a783,槃
9ed0,e6a6a7,榧
9ed2,e6a691,榑
9ed3,e6a6a0,榠
9ed4,e6a69c,榜
9ed5,e6a695,榕
9ed6,e6a6b4,榴
9ed7,e6a79e,槞
9ed8,e6a7a8,槨
9ed9,e6a882,樂
9eda,e6a89b,樛
9edb,e6a7bf,槿
9edc,e6ac8a,權
9edd,e6a7b9,槹
9ede,e6a7b2,槲
9edf,e6a7a7,槧
9ee0,e6a885,樅
9ee1,e6a6b1,榱
9ee2,e6a89e,樞
9ee3,e6a7ad,槭
9ee4,e6a894,樔
9ee6,e6a88a,樊
9ee7,e6a892,樒
9ee8,e6ab81,櫁
9ee9,e6a8a3,樣
9eea,e6a893,樓
9eeb,e6a984,橄
9ef0,e6a987,橇
9ef1,e6a9a2,橢
9ef2,e6a999,橙
9ef3,e6a9a6,橦
9ef4,e6a988,橈
9ef5,e6a8b8,樸
9ef7,e6aa90,檐
9ef8,e6aa8d,檍
9ef9,e6aaa0,檠
9efa,e6aa84,檄
9efb,e6aaa2,檢
9efc,e6aaa3,檣
9f40,e6aa97,檗
9f41,e89897,蘗
9f42,e6aabb,檻
9f43,e6ab83,櫃
9f44,e6ab82,櫂
9f45,e6aab8,檸
9f46,e6aab3,檳
9f47,e6aaac,檬
9f48,e6ab9e,櫞
9f4a,e6ab9f,櫟
9f4b,e6aaaa,檪
9f4c,e6ab9a,櫚
9f4d,e6abaa,櫪
9f4e,e6abbb,櫻
9f4f,e6ac85,欅
9f50,e89896,蘖
9f51,e6abba,櫺
9f52,e6ac92,欒
9f53,e6ac96,欖
9f54,e9acb1,鬱
9f56,e6acb8,欸
9f57,e6acb7,欷
9f58,e79b9c,盜
9f59,e6acb9,欹
9f5a,e9a3ae,飮
9f5b,e6ad87,歇
9f5c,e6ad83,歃
9f5d,e6ad89,歉
9f5e,e6ad90,歐
9f5f,e6ad99,歙
9f60,e6ad94,歔
9f61,e6ad9b,歛
9f62,e6ad9f,歟
9f63,e6ada1,歡
9f64,e6adb8,歸
9f65,e6adb9,歹
9f66,e6adbf,歿
9f67,e6ae80,殀
9f68,e6ae84,殄
9f69,e6ae83,殃
9f6a,e6ae8d,殍
9f6b,e6ae98,殘
9f6c,e6ae95,殕
9f6d,e6ae9e,殞
9f6e,e6aea4,殤
9f6f,e6aeaa,殪
9f70,e6aeab,殫
9f71,e6aeaf,殯
9f72,e6aeb2,殲
9f73,e6aeb1,殱
9f74,e6aeb3,殳
9f75,e6aeb7,殷
9f76,e6aebc,殼
9f77,e6af86,毆
9f78,e6af8b,毋
9f7a,e6af9f,毟
9f7b,e6afac,毬
9f7c,e6afab,毫
9f7d,e6afb3,毳
9f7e,e6afaf,毯
9f80,e9babe,麾
9f81,e6b088,氈
9f82,e6b093,氓
9f83,e6b094,气
9f84,e6b09b,氛
9f85,e6b0a4,氤
9f86,e6b0a3,氣
9f87,e6b19e,汞
9f88,e6b195,汕
9f8a,e6b1aa,汪
9f8b,e6b282,沂
9f8c,e6b28d,沍
9f8d,e6b29a,沚
9f8e,e6b281,沁
9f8f,e6b29b,沛
9f90,e6b1be,汾
9f91,e6b1a8,汨
9f93,e6b292,沒
9f94,e6b290,沐
9f95,e6b384,泄
9f97,e6b393,泓
9f98,e6b2bd,沽
9f99,e6b397,泗
9f9a,e6b385,泅
9f9b,e6b39d,泝
9f9c,e6b2ae,沮
9f9d,e6b2b1,沱
9f9e,e6b2be,沾
9fa0,e6b39b,泛
9fa1,e6b3af,泯
9fa3,e6b3aa,泪
9fa4,e6b49f,洟
9fa5,e8a18d,衍
9fa6,e6b4b6,洶
9fa7,e6b4ab,洫
9fa8,e6b4bd,洽
9fa9,e6b4b8,洸
9faa,e6b499,洙
9fab,e6b4b5,洵
9fac,e6b4b3,洳
9fad,e6b492,洒
9fae,e6b48c,洌
9faf,e6b5a3,浣
9fb0,e6b693,涓
9fb1,e6b5a4,浤
9fb2,e6b59a,浚
9fb3,e6b5b9,浹
9fb4,e6b599,浙
9fb5,e6b68e,涎
9fb6,e6b695,涕
9fb7,e6bfa4,濤
9fb8,e6b685,涅
9fb9,e6b7b9,淹
9fba,e6b895,渕
9fbc,e6b6b5,涵
9fbd,e6b787,淇
9fbe,e6b7a6,淦
9fbf,e6b6b8,涸
9fc0,e6b786,淆
9fc1,e6b7ac,淬
9fc2,e6b79e,淞
9fc3,e6b78c,淌
9fc4,e6b7a8,淨
9fc5,e6b792,淒
9fc6,e6b785,淅
9fc7,e6b7ba,淺
9fc8,e6b799,淙
9fc9,e6b7a4,淤
9fcb,e6b7aa,淪
9fcc,e6b7ae,淮
9fcd,e6b8ad,渭
9fce,e6b9ae,湮
9fd0,e6b899,渙
9fd1,e6b9b2,湲
9fd2,e6b99f,湟
9fd3,e6b8be,渾
9fd4,e6b8a3,渣
9fd5,e6b9ab,湫
9fd6,e6b8ab,渫
9fd8,e6b98d,湍
9fd9,e6b89f,渟
9fda,e6b983,湃
9fdb,e6b8ba,渺
9fdc,e6b98e,湎
9fdd,e6b8a4,渤
9fde,e6bbbf,滿
9fdf,e6b89d,渝
9fe0,e6b8b8,游
9fe1,e6ba82,溂
9fe2,e6baaa,溪
9fe3,e6ba98,溘
9fe4,e6bb89,滉
9fe5,e6bab7,溷
9fe6,e6bb93,滓
9fe7,e6babd,溽
9fe8,e6baaf,溯
9fe9,e6bb84,滄
9fea,e6bab2,溲
9feb,e6bb94,滔
9fec,e6bb95,滕
9fed,e6ba8f,溏
9fee,e6baa5,溥
9fef,e6bb82,滂
9ff0,e6ba9f,溟
9ff1,e6bd81,潁
9ff2,e6bc91,漑
9ff3,e7818c,灌
9ff4,e6bbac,滬
9ff5,e6bbb8,滸
9ff6,e6bbbe,滾
9ff7,e6bcbf,漿
9ff8,e6bbb2,滲
9ff9,e6bcb1,漱
9ffa,e6bbaf,滯
9ffb,e6bcb2,漲
9ffc,e6bb8c,滌
a1,efbda1,｡
a2,efbda2,｢
a3,efbda3,｣
a4,efbda4,､
a5,efbda5,･
e040,e6bcbe,漾
e041,e6bc93,漓
e042,e6bbb7,滷
e043,e6be86,澆
e044,e6bdba,潺
e045,e6bdb8,潸
e046,e6be81,澁
e047,e6be80,澀
e048,e6bdaf,潯
e049,e6bd9b,潛
e04a,e6bfb3,濳
e04b,e6bdad,潭
e04c,e6be82,澂
e04d,e6bdbc,潼
e04e,e6bd98,潘
e04f,e6be8e,澎
e050,e6be91,澑
e051,e6bf82,濂
e052,e6bda6,潦
e053,e6beb3,澳
e054,e6bea3,澣
e055,e6bea1,澡
e056,e6bea4,澤
e057,e6beb9,澹
e059,e6beaa,澪
e05a,e6bf9f,濟
e05b,e6bf95,濕
e05c,e6bfac,濬
e05e,e6bf98,濘
e05f,e6bfb1,濱
e060,e6bfae,濮
e061,e6bf9b,濛
e062,e78089,瀉
e063,e7808b,瀋
e064,e6bfba,濺
e065,e78091,瀑
e066,e78081,瀁
e067,e7808f,瀏
e068,e6bfbe,濾
e069,e7809b,瀛
e06a,e7809a,瀚
e06b,e6bdb4,潴
e06c,e7809d,瀝
e06d,e78098,瀘
e06e,e7809f,瀟
e06f,e780b0,瀰
e070,e780be,瀾
e071,e780b2,瀲
e072,e78191,灑
e073,e781a3,灣
e074,e78299,炙
e075,e78292,炒
e076,e782af,炯
e077,e783b1,烱
e078,e782ac,炬
e079,e782b8,炸
e07a,e782b3,炳
e07b,e782ae,炮
e07c,e7839f,烟
e07e,e7839d,烝
e080,e78399,烙
e081,e78489,焉
e082,e783bd,烽
e083,e7849c,焜
e084,e78499,焙
e085,e785a5,煥
e086,e78595,煕
e087,e78688,熈
e088,e785a6,煦
e089,e785a2,煢
e08a,e7858c,煌
e08b,e78596,煖
e08c,e785ac,煬
e08d,e7868f,熏
e08e,e787bb,燻
e08f,e78684,熄
e090,e78695,熕
e091,e786a8,熨
e092,e786ac,熬
e093,e78797,燗
e094,e786b9,熹
e095,e786be,熾
e096,e78792,燒
e097,e78789,燉
e098,e78794,燔
e099,e7878e,燎
e09a,e787a0,燠
e09b,e787ac,燬
e09c,e787a7,燧
e09d,e787b5,燵
e09e,e787bc,燼
e09f,e787b9,燹
e0a0,e787bf,燿
e0a1,e7888d,爍
e0a2,e78890,爐
e0a3,e7889b,爛
e0a4,e788a8,爨
e0a5,e788ad,爭
e0a6,e788ac,爬
e0a7,e788b0,爰
e0a8,e788b2,爲
e0a9,e788bb,爻
e0aa,e788bc,爼
e0ab,e788bf,爿
e0ac,e78980,牀
e0ad,e78986,牆
e0ae,e7898b,牋
e0af,e78998,牘
e0b0,e789b4,牴
e0b1,e789be,牾
e0b2,e78a82,犂
e0b3,e78a81,犁
e0b4,e78a87,犇
e0b5,e78a92,犒
e0b6,e78a96,犖
e0b7,e78aa2,犢
e0b8,e78aa7,犧
e0bb,e78b83,狃
e0bc,e78b86,狆
e0bd,e78b84,狄
e0be,e78b8e,狎
e0bf,e78b92,狒
e0c0,e78ba2,狢
e0c1,e78ba0,狠
e0c2,e78ba1,狡
e0c3,e78bb9,狹
e0c4,e78bb7,狷
e0c5,e5808f,倏
e0c6,e78c97,猗
e0c7,e78c8a,猊
e0c8,e78c9c,猜
e0c9,e78c96,猖
e0ca,e78c9d,猝
e0cb,e78cb4,猴
e0cc,e78caf,猯
e0cd,e78ca9,猩
e0ce,e78ca5,猥
e0cf,e78cbe,猾
e0d0,e78d8e,獎
e0d1,e78d8f,獏
e0d2,e9bb98,默
e0d3,e78d97,獗
e0d4,e78daa,獪
e0d5,e78da8,獨
e0d6,e78db0,獰
e0d7,e78db8,獸
e0d8,e78db5,獵
e0d9,e78dbb,獻
e0da,e78dba,獺
e0db,e78f88,珈
e0dc,e78eb3,玳
e0dd,e78f8e,珎
e0de,e78ebb,玻
e0df,e78f80,珀
e0e0,e78fa5,珥
e0e1,e78fae,珮
e0e2,e78f9e,珞
e0e4,e79085,琅
e0e5,e791af,瑯
e0e6,e790a5,琥
e0e7,e78fb8,珸
e0e8,e790b2,琲
e0e9,e790ba,琺
e0ea,e79195,瑕
e0eb,e790bf,琿
e0ec,e7919f,瑟
e0ed,e79199,瑙
e0ee,e79181,瑁
e0ef,e7919c,瑜
e0f0,e791a9,瑩
e0f1,e791b0,瑰
e0f2,e791a3,瑣
e0f3,e791aa,瑪
e0f4,e791b6,瑶
e0f5,e791be,瑾
e0f6,e7928b,璋
e0f7,e7929e,璞
e0f8,e792a7,璧
e0f9,e7938a,瓊
e0fa,e7938f,瓏
e0fb,e79394,瓔
e140,e793a0,瓠
e141,e793a3,瓣
e143,e793a9,瓩
e144,e793ae,瓮
e145,e793b2,瓲
e146,e793b0,瓰
e147,e793b1,瓱
e149,e793b7,瓷
e14a,e79484,甄
e14b,e79483,甃
e14d,e7948c,甌
e14e,e7948e,甎
e14f,e7948d,甍
e150,e79495,甕
e151,e79493,甓
e152,e7949e,甞
e153,e794a6,甦
e154,e794ac,甬
e156,e79584,畄
e158,e7958a,畊
e15a,e7959b,畛
e15b,e79586,畆
e15c,e7959a,畚
e15e,e795a4,畤
e15f,e795a7,畧
e160,e795ab,畫
e162,e795b8,畸
e163,e795b6,當
e164,e79686,疆
e165,e79687,疇
e167,e7968a,疊
e168,e79689,疉
e169,e79682,疂
e16a,e79694,疔
e16b,e7969a,疚
e16c,e7969d,疝
e16d,e796a5,疥
e16e,e796a3,疣
e16f,e79782,痂
e170,e796b3,疳
e171,e79783,痃
e172,e796b5,疵
e173,e796bd,疽
e174,e796b8,疸
e175,e796bc,疼
e176,e796b1,疱
e177,e7978d,痍
e178,e7978a,痊
e179,e79792,痒
e17a,e79799,痙
e17b,e797a3,痣
e17c,e7979e,痞
e17d,e797be,痾
e17e,e797bf,痿
e180,e797bc,痼
e181,e79881,瘁
e182,e797b0,痰
e183,e797ba,痺
e184,e797b2,痲
e185,e797b3,痳
e186,e7988b,瘋
e187,e7988d,瘍
e188,e79889,瘉
e189,e7989f,瘟
e18a,e798a7,瘧
e18b,e798a0,瘠
e18c,e798a1,瘡
e18d,e798a2,瘢
e18e,e798a4,瘤
e18f,e798b4,瘴
e190,e798b0,瘰
e191,e798bb,瘻
e192,e79987,癇
e193,e79988,癈
e194,e79986,癆
e196,e79998,癘
e197,e799a1,癡
e198,e799a2,癢
e19a,e799a9,癩
e19b,e799aa,癪
e19c,e799a7,癧
e19d,e799ac,癬
e19e,e799b0,癰
e19f,e799b2,癲
e1a1,e799b8,癸
e1a2,e799bc,發
e1a3,e79a80,皀
e1a4,e79a83,皃
e1a5,e79a88,皈
e1a6,e79a8b,皋
e1a7,e79a8e,皎
e1a8,e79a96,皖
e1a9,e79a93,皓
e1aa,e79a99,皙
e1ab,e79a9a,皚
e1ac,e79ab0,皰
e1ad,e79ab4,皴
e1ae,e79ab8,皸
e1af,e79ab9,皹
e1b0,e79aba,皺
e1b1,e79b82,盂
e1b2,e79b8d,盍
e1b3,e79b96,盖
e1b4,e79b92,盒
e1b5,e79b9e,盞
e1b6,e79ba1,盡
e1b7,e79ba5,盥
e1b8,e79ba7,盧
e1b9,e79baa,盪
e1ba,e898af,蘯
e1bb,e79bbb,盻
e1bc,e79c88,眈
e1bd,e79c87,眇
e1be,e79c84,眄
e1bf,e79ca9,眩
e1c0,e79ca4,眤
e1c1,e79c9e,眞
e1c2,e79ca5,眥
e1c3,e79ca6,眦
e1c4,e79c9b,眛
e1c5,e79cb7,眷
e1c6,e79cb8,眸
e1c7,e79d87,睇
e1c8,e79d9a,睚
e1c9,e79da8,睨
e1ca,e79dab,睫
e1cb,e79d9b,睛
e1cc,e79da5,睥
e1cd,e79dbf,睿
e1ce,e79dbe,睾
e1cf,e79db9,睹
e1d0,e79e8e,瞎
e1d1,e79e8b,瞋
e1d2,e79e91,瞑
e1d3,e79ea0,瞠
e1d4,e79e9e,瞞
e1d5,e79eb0,瞰
e1d6,e79eb6,瞶
e1d7,e79eb9,瞹
e1d8,e79ebf,瞿
e1d9,e79ebc,瞼
e1da,e79ebd,瞽
e1db,e79ebb,瞻
e1dc,e79f87,矇
e1dd,e79f8d,矍
e1de,e79f97,矗
e1df,e79f9a,矚
e1e0,e79f9c,矜
e1e1,e79fa3,矣
e1e2,e79fae,矮
e1e3,e79fbc,矼
e1e4,e7a08c,砌
e1e5,e7a092,砒
e1e6,e7a4a6,礦
e1e8,e7a4aa,礪
e1e9,e7a185,硅
e1ea,e7a28e,碎
e1ed,e7a1bc,硼
e1ef,e7a28c,碌
e1f0,e7a2a3,碣
e1f1,e7a2b5,碵
e1f2,e7a2aa,碪
e1f3,e7a2af,碯
e1f4,e7a391,磑
e1f6,e7a38b,磋
e1f7,e7a394,磔
e1f8,e7a2be,碾
e1f9,e7a2bc,碼
e1fa,e7a385,磅
e1fb,e7a38a,磊
e1fc,e7a3ac,磬
e240,e7a3a7,磧
e241,e7a39a,磚
e242,e7a3bd,磽
e243,e7a3b4,磴
e245,e7a492,礒
e246,e7a491,礑
e247,e7a499,礙
e248,e7a4ac,礬
e249,e7a4ab,礫
e24a,e7a580,祀
e24b,e7a5a0,祠
e24c,e7a597,祗
e24d,e7a59f,祟
e24e,e7a59a,祚
e24f,e7a595,祕
e250,e7a593,祓
e251,e7a5ba,祺
e252,e7a5bf,祿
e253,e7a68a,禊
e254,e7a69d,禝
e255,e7a6a7,禧
e256,e9bd8b,齋
e257,e7a6aa,禪
e258,e7a6ae,禮
e259,e7a6b3,禳
e25a,e7a6b9,禹
e25b,e7a6ba,禺
e25c,e7a789,秉
e25d,e7a795,秕
e25e,e7a7a7,秧
e25f,e7a7ac,秬
e261,e7a7a3,秣
e262,e7a888,稈
e263,e7a88d,稍
e265,e7a899,稙
e266,e7a8a0,稠
e267,e7a89f,稟
e268,e7a680,禀
e269,e7a8b1,稱
e26a,e7a8bb,稻
e26b,e7a8be,稾
e26c,e7a8b7,稷
e26e,e7a997,穗
e26f,e7a989,穉
e270,e7a9a1,穡
e271,e7a9a2,穢
e272,e7a9a9,穩
e273,e9be9d,龝
e274,e7a9b0,穰
e275,e7a9b9,穹
e276,e7a9bd,穽
e277,e7aa88,窈
e278,e7aa97,窗
e279,e7aa95,窕
e27a,e7aa98,窘
e27b,e7aa96,窖
e27c,e7aaa9,窩
e27d,e7ab88,竈
e280,e7aab6,窶
e281,e7ab85,竅
e282,e7ab84,竄
e283,e7aabf,窿
e284,e98283,邃
e285,e7ab87,竇
e286,e7ab8a,竊
e289,e7ab95,竕
e28b,e7ab99,站
e28d,e7ab9d,竝
e28f,e7aba2,竢
e290,e7aba6,竦
e291,e7abad,竭
e294,e7ac8f,笏
e295,e7ac8a,笊
e296,e7ac86,笆
e297,e7acb3,笳
e298,e7ac98,笘
e299,e7ac99,笙
e29a,e7ac9e,笞
e29b,e7acb5,笵
e29c,e7aca8,笨
e29d,e7acb6,笶
e29e,e7ad90,筐
e29f,e7adba,筺
e2a0,e7ac84,笄
e2a1,e7ad8d,筍
e2a2,e7ac8b,笋
e2a3,e7ad8c,筌
e2a4,e7ad85,筅
e2a5,e7adb5,筵
e2a6,e7ada5,筥
e2a8,e7ada7,筧
e2a9,e7adb0,筰
e2aa,e7adb1,筱
e2ab,e7adac,筬
e2ac,e7adae,筮
e2ad,e7ae9d,箝
e2b0,e7ae8d,箍
e2b1,e7ae9c,箜
e2b2,e7ae9a,箚
e2b3,e7ae8b,箋
e2b4,e7ae92,箒
e2b5,e7ae8f,箏
e2b6,e7ad9d,筝
e2b7,e7ae99,箙
e2b8,e7af8b,篋
e2b9,e7af81,篁
e2ba,e7af8c,篌
e2bb,e7af8f,篏
e2bc,e7aeb4,箴
e2bd,e7af86,篆
e2be,e7af9d,篝
e2bf,e7afa9,篩
e2c0,e7b091,簑
e2c1,e7b094,簔
e2c2,e7afa6,篦
e2c3,e7afa5,篥
e2c4,e7b1a0,籠
e2c5,e7b080,簀
e2c6,e7b087,簇
e2c7,e7b093,簓
e2c8,e7afb3,篳
e2c9,e7afb7,篷
e2ca,e7b097,簗
e2cb,e7b08d,簍
e2cc,e7afb6,篶
e2cd,e7b0a3,簣
e2ce,e7b0a7,簧
e2cf,e7b0aa,簪
e2d0,e7b09f,簟
e2d1,e7b0b7,簷
e2d2,e7b0ab,簫
e2d3,e7b0bd,簽
e2d4,e7b18c,籌
e2d5,e7b183,籃
e2d6,e7b194,籔
e2d7,e7b18f,籏
e2d8,e7b180,籀
e2d9,e7b190,籐
e2da,e7b198,籘
e2db,e7b19f,籟
e2dc,e7b1a4,籤
e2dd,e7b196,籖
e2de,e7b1a5,籥
e2df,e7b1ac,籬
e2e1,e7b283,粃
e2e3,e7b2a4,粤
e2e5,e7b2a2,粢
e2e6,e7b2ab,粫
e2e7,e7b2a1,粡
e2e9,e7b2b3,粳
e2ea,e7b2b2,粲
e2eb,e7b2b1,粱
e2ec,e7b2ae,粮
e2ed,e7b2b9,粹
e2ee,e7b2bd,粽
e2ef,e7b380,糀
e2f0,e7b385,糅
e2f1,e7b382,糂
e2f3,e7b392,糒
e2f4,e7b39c,糜
e2f5,e7b3a2,糢
e2f6,e9acbb,鬻
e2f7,e7b3af,糯
e2f8,e7b3b2,糲
e2f9,e7b3b4,糴
e2fa,e7b3b6,糶
e2fb,e7b3ba,糺
e2fc,e7b486,紆
e340,e7b482,紂
e341,e7b49c,紜
e342,e7b495,紕
e343,e7b48a,紊
e344,e7b585,絅
e345,e7b58b,絋
e346,e7b4ae,紮
e347,e7b4b2,紲
e348,e7b4bf,紿
e349,e7b4b5,紵
e34a,e7b586,絆
e34b,e7b5b3,絳
e34c,e7b596,絖
e34d,e7b58e,絎
e34e,e7b5b2,絲
e34f,e7b5a8,絨
e350,e7b5ae,絮
e351,e7b58f,絏
e352,e7b5a3,絣
e353,e7b693,經
e354,e7b689,綉
e355,e7b59b,絛
e356,e7b68f,綏
e357,e7b5bd,絽
e358,e7b69b,綛
e359,e7b6ba,綺
e35a,e7b6ae,綮
e35b,e7b6a3,綣
e35c,e7b6b5,綵
e35d,e7b787,緇
e35e,e7b6bd,綽
e35f,e7b6ab,綫
e360,e7b8bd,總
e361,e7b6a2,綢
e362,e7b6af,綯
e363,e7b79c,緜
e364,e7b6b8,綸
e365,e7b69f,綟
e366,e7b6b0,綰
e367,e7b798,緘
e368,e7b79d,緝
e36a,e7b79e,緞
e36b,e7b7bb,緻
e36c,e7b7b2,緲
e36d,e7b7a1,緡
e36e,e7b885,縅
e36f,e7b88a,縊
e370,e7b8a3,縣
e371,e7b8a1,縡
e372,e7b892,縒
e373,e7b8b1,縱
e374,e7b89f,縟
e375,e7b889,縉
e376,e7b88b,縋
e377,e7b8a2,縢
e378,e7b986,繆
e379,e7b9a6,繦
e37a,e7b8bb,縻
e37b,e7b8b5,縵
e37c,e7b8b9,縹
e37d,e7b983,繃
e37e,e7b8b7,縷
e380,e7b8b2,縲
e381,e7b8ba,縺
e382,e7b9a7,繧
e383,e7b99d,繝
e384,e7b996,繖
e385,e7b99e,繞
e386,e7b999,繙
e387,e7b99a,繚
e388,e7b9b9,繹
e389,e7b9aa,繪
e38a,e7b9a9,繩
e38b,e7b9bc,繼
e38c,e7b9bb,繻
e38d,e7ba83,纃
e38f,e7b9bd,繽
e390,e8beae,辮
e391,e7b9bf,繿
e392,e7ba88,纈
e394,e7ba8c,續
e395,e7ba92,纒
e396,e7ba90,纐
e397,e7ba93,纓
e398,e7ba94,纔
e399,e7ba96,纖
e39a,e7ba8e,纎
e39b,e7ba9b,纛
e39c,e7ba9c,纜
e39d,e7bcb8,缸
e39e,e7bcba,缺
e39f,e7bd85,罅
e3a0,e7bd8c,罌
e3a1,e7bd8d,罍
e3a2,e7bd8e,罎
e3a3,e7bd90,罐
e3a4,e7bd91,网
e3a5,e7bd95,罕
e3a6,e7bd94,罔
e3a7,e7bd98,罘
e3a8,e7bd9f,罟
e3a9,e7bda0,罠
e3aa,e7bda8,罨
e3ab,e7bda9,罩
e3ad,e7bdb8,罸
e3ae,e7be82,羂
e3af,e7be86,羆
e3b0,e7be83,羃
e3b1,e7be88,羈
e3b2,e7be87,羇
e3b3,e7be8c,羌
e3b4,e7be94,羔
e3b5,e7be9e,羞
e3b6,e7be9d,羝
e3b7,e7be9a,羚
e3b8,e7bea3,羣
e3b9,e7beaf,羯
e3ba,e7beb2,羲
e3bb,e7beb9,羹
e3bc,e7beae,羮
e3bd,e7beb6,羶
e3be,e7beb8,羸
e3c0,e7bf85,翅
e3c1,e7bf86,翆
e3c2,e7bf8a,翊
e3c3,e7bf95,翕
e3c4,e7bf94,翔
e3c5,e7bfa1,翡
e3c6,e7bfa6,翦
e3c7,e7bfa9,翩
e3c8,e7bfb3,翳
e3c9,e7bfb9,翹
e3ca,e9a39c,飜
e3cb,e88086,耆
e3cc,e88084,耄
e3cd,e8808b,耋
e3ce,e88092,耒
e3cf,e88098,耘
e3d0,e88099,耙
e3d1,e8809c,耜
e3d2,e880a1,耡
e3d3,e880a8,耨
e3d4,e880bf,耿
e3d5,e880bb,耻
e3d6,e8818a,聊
e3d7,e88186,聆
e3d8,e88192,聒
e3d9,e88198,聘
e3da,e8819a,聚
e3db,e8819f,聟
e3dc,e881a2,聢
e3dd,e881a8,聨
e3de,e881b3,聳
e3df,e881b2,聲
e3e0,e881b0,聰
e3e1,e881b6,聶
e3e2,e881b9,聹
e3e3,e881bd,聽
e3e4,e881bf,聿
e3e5,e88284,肄
e3e6,e88286,肆
e3e7,e88285,肅
e3e8,e8829b,肛
e3e9,e88293,肓
e3ea,e8829a,肚
e3eb,e882ad,肭
e3ec,e58690,冐
e3ee,e8839b,胛
e3ef,e883a5,胥
e3f0,e88399,胙
e3f1,e8839d,胝
e3f2,e88384,胄
e3f3,e8839a,胚
e3f4,e88396,胖
e3f5,e88489,脉
e3f6,e883af,胯
e3f7,e883b1,胱
e3f8,e8849b,脛
e3f9,e884a9,脩
e3fa,e884a3,脣
e3fb,e884af,脯
e3fc,e8858b,腋
e440,e99a8b,隋
e441,e88586,腆
e442,e884be,脾
e443,e88593,腓
e444,e88591,腑
e445,e883bc,胼
e446,e885b1,腱
e447,e885ae,腮
e448,e885a5,腥
e449,e885a6,腦
e44a,e885b4,腴
e44b,e88683,膃
e44c,e88688,膈
e44d,e8868a,膊
e44e,e88680,膀
e44f,e88682,膂
e450,e886a0,膠
e451,e88695,膕
e453,e886a3,膣
e454,e8859f,腟
e455,e88693,膓
e456,e886a9,膩
e458,e886b5,膵
e459,e886be,膾
e45a,e886b8,膸
e45b,e886bd,膽
e45c,e88780,臀
e45d,e88782,臂
e45e,e886ba,膺
e45f,e88789,臉
e460,e8878d,臍
e461,e88791,臑
e462,e88799,臙
e463,e88798,臘
e464,e88788,臈
e465,e8879a,臚
e466,e8879f,臟
e467,e887a0,臠
e468,e887a7,臧
e469,e887ba,臺
e46a,e887bb,臻
e46b,e887be,臾
e46c,e88881,舁
e46d,e88882,舂
e46e,e88885,舅
e46f,e88887,與
e470,e8888a,舊
e471,e8888d,舍
e472,e88890,舐
e473,e88896,舖
e474,e888a9,舩
e475,e888ab,舫
e476,e888b8,舸
e477,e888b3,舳
e478,e88980,艀
e479,e88999,艙
e47a,e88998,艘
e47d,e8899f,艟
e47e,e889a4,艤
e481,e889a8,艨
e482,e889aa,艪
e483,e889ab,艫
e485,e889b1,艱
e486,e889b7,艷
e487,e889b8,艸
e488,e889be,艾
e489,e88a8d,芍
e48a,e88a92,芒
e48b,e88aab,芫
e48c,e88a9f,芟
e48d,e88abb,芻
e48e,e88aac,芬
e48f,e88ba1,苡
e490,e88ba3,苣
e491,e88b9f,苟
e492,e88b92,苒
e493,e88bb4,苴
e494,e88bb3,苳
e495,e88bba,苺
e496,e88e93,莓
e497,e88c83,范
e498,e88bbb,苻
e499,e88bb9,苹
e49a,e88b9e,苞
e49b,e88c86,茆
e49c,e88b9c,苜
e49d,e88c89,茉
e49f,e88cb5,茵
e4a0,e88cb4,茴
e4a1,e88c96,茖
e4a2,e88cb2,茲
e4a3,e88cb1,茱
e4a4,e88d80,荀
e4a5,e88cb9,茹
e4a6,e88d90,荐
e4a7,e88d85,荅
e4a8,e88caf,茯
e4a9,e88cab,茫
e4aa,e88c97,茗
e4ab,e88c98,茘
e4ac,e88e85,莅
e4ad,e88e9a,莚
e4ae,e88eaa,莪
e4af,e88e9f,莟
e4b0,e88ea2,莢
e4b1,e88e96,莖
e4b2,e88ca3,茣
e4b3,e88e8e,莎
e4b4,e88e87,莇
e4b5,e88e8a,莊
e4b6,e88dbc,荼
e4b7,e88eb5,莵
e4b8,e88db3,荳
e4b9,e88db5,荵
e4ba,e88ea0,莠
e4bb,e88e89,莉
e4bc,e88ea8,莨
e4bd,e88fb4,菴
e4be,e89093,萓
e4bf,e88fab,菫
e4c0,e88f8e,菎
e4c1,e88fbd,菽
e4c2,e89083,萃
e4c3,e88f98,菘
e4c4,e8908b,萋
e4c5,e88f81,菁
e4c6,e88fb7,菷
e4c7,e89087,萇
e4c8,e88fa0,菠
e4c9,e88fb2,菲
e4ca,e8908d,萍
e4cb,e890a2,萢
e4cc,e890a0,萠
e4cd,e88ebd,莽
e4ce,e890b8,萸
e4d0,e88fbb,菻
e4d1,e891ad,葭
e4d3,e890bc,萼
e4d4,e8959a,蕚
e4d5,e89284,蒄
e4d6,e891b7,葷
e4d7,e891ab,葫
e4d8,e892ad,蒭
e4d9,e891ae,葮
e4da,e89282,蒂
e4db,e891a9,葩
e4dc,e89186,葆
e4dd,e890ac,萬
e4de,e891af,葯
e4e0,e890b5,萵
e4e1,e8938a,蓊
e4e2,e891a2,葢
e4e3,e892b9,蒹
e4e4,e892bf,蒿
e4e5,e8929f,蒟
e4e6,e89399,蓙
e4e7,e8938d,蓍
e4e8,e892bb,蒻
e4e9,e8939a,蓚
e4ea,e89390,蓐
e4eb,e89381,蓁
e4ec,e89386,蓆
e4ed,e89396,蓖
e4ee,e892a1,蒡
e4ef,e894a1,蔡
e4f0,e893bf,蓿
e4f1,e893b4,蓴
e4f2,e89497,蔗
e4f3,e89498,蔘
e4f4,e894ac,蔬
e4f5,e8949f,蔟
e4f6,e89495,蔕
e4f7,e89494,蔔
e4f8,e893bc,蓼
e4f9,e89580,蕀
e4fa,e895a3,蕣
e4fb,e89598,蕘
e4fc,e89588,蕈
e540,e89581,蕁
e541,e89882,蘂
e542,e8958b,蕋
e543,e89595,蕕
e544,e89680,薀
e545,e896a4,薤
e546,e89688,薈
e547,e89691,薑
e548,e8968a,薊
e549,e896a8,薨
e54a,e895ad,蕭
e54b,e89694,薔
e54c,e8969b,薛
e54d,e897aa,藪
e54e,e89687,薇
e54f,e8969c,薜
e550,e895b7,蕷
e551,e895be,蕾
e552,e89690,薐
e553,e89789,藉
e554,e896ba,薺
e555,e8978f,藏
e556,e896b9,薹
e557,e89790,藐
e558,e89795,藕
e559,e8979d,藝
e55a,e897a5,藥
e55b,e8979c,藜
e55c,e897b9,藹
e55d,e8988a,蘊
e55e,e89893,蘓
e55f,e8988b,蘋
e561,e897ba,藺
e562,e89886,蘆
e564,e8989a,蘚
e565,e898b0,蘰
e566,e898bf,蘿
e567,e8998d,虍
e568,e4b995,乕
e569,e89994,虔
e56a,e8999f,號
e56b,e899a7,虧
e56c,e899b1,虱
e56d,e89a93,蚓
e56e,e89aa3,蚣
e56f,e89aa9,蚩
e570,e89aaa,蚪
e571,e89a8b,蚋
e572,e89a8c,蚌
e573,e89ab6,蚶
e574,e89aaf,蚯
e575,e89b84,蛄
e576,e89b86,蛆
e577,e89ab0,蚰
e578,e89b89,蛉
e579,e8a0a3,蠣
e57a,e89aab,蚫
e57b,e89b94,蛔
e57c,e89b9e,蛞
e57d,e89ba9,蛩
e57e,e89bac,蛬
e580,e89b9f,蛟
e581,e89b9b,蛛
e582,e89baf,蛯
e583,e89c92,蜒
e584,e89c86,蜆
e585,e89c88,蜈
e586,e89c80,蜀
e587,e89c83,蜃
e588,e89bbb,蛻
e589,e89c91,蜑
e58a,e89c89,蜉
e58b,e89c8d,蜍
e58c,e89bb9,蛹
e58d,e89c8a,蜊
e58e,e89cb4,蜴
e58f,e89cbf,蜿
e590,e89cb7,蜷
e591,e89cbb,蜻
e592,e89ca5,蜥
e593,e89ca9,蜩
e594,e89c9a,蜚
e595,e89da0,蝠
e596,e89d9f,蝟
e597,e89db8,蝸
e598,e89d8c,蝌
e599,e89d8e,蝎
e59a,e89db4,蝴
e59b,e89d97,蝗
e59c,e89da8,蝨
e59d,e89dae,蝮
e59e,e89d99,蝙
e59f,e89d93,蝓
e5a0,e89da3,蝣
e5a1,e89daa,蝪
e5a2,e8a085,蠅
e5a3,e89ea2,螢
e5a4,e89e9f,螟
e5a5,e89e82,螂
e5a6,e89eaf,螯
e5a7,e89f8b,蟋
e5a8,e89ebd,螽
e5a9,e89f80,蟀
e5ab,e99b96,雖
e5ac,e89eab,螫
e5ad,e89f84,蟄
e5ae,e89eb3,螳
e5af,e89f87,蟇
e5b0,e89f86,蟆
e5b1,e89ebb,螻
e5b2,e89faf,蟯
e5b3,e89fb2,蟲
e5b4,e89fa0,蟠
e5b6,e8a08d,蠍
e5b7,e89fbe,蟾
e5b8,e89fb6,蟶
e5b9,e89fb7,蟷
e5ba,e8a08e,蠎
e5bb,e89f92,蟒
e5bc,e8a091,蠑
e5bd,e8a096,蠖
e5be,e8a095,蠕
e5bf,e8a0a2,蠢
e5c0,e8a0a1,蠡
e5c1,e8a0b1,蠱
e5c2,e8a0b6,蠶
e5c3,e8a0b9,蠹
e5c4,e8a0a7,蠧
e5c5,e8a0bb,蠻
e5c6,e8a184,衄
e5c7,e8a182,衂
e5c8,e8a192,衒
e5c9,e8a199,衙
e5ca,e8a19e,衞
e5cb,e8a1a2,衢
e5cc,e8a1ab,衫
e5cd,e8a281,袁
e5ce,e8a1be,衾
e5cf,e8a29e,袞
e5d0,e8a1b5,衵
e5d1,e8a1bd,衽
e5d2,e8a2b5,袵
e5d3,e8a1b2,衲
e5d4,e8a282,袂
e5d5,e8a297,袗
e5d6,e8a292,袒
e5d7,e8a2ae,袮
e5d8,e8a299,袙
e5d9,e8a2a2,袢
e5da,e8a28d,袍
e5db,e8a2a4,袤
e5dd,e8a2bf,袿
e5de,e8a2b1,袱
e5df,e8a383,裃
e5e0,e8a384,裄
e5e1,e8a394,裔
e5e2,e8a398,裘
e5e3,e8a399,裙
e5e4,e8a39d,裝
e5e5,e8a3b9,裹
e5e6,e8a482,褂
e5e7,e8a3bc,裼
e5e8,e8a3b4,裴
e5e9,e8a3a8,裨
e5ea,e8a3b2,裲
e5eb,e8a484,褄
e5ec,e8a48c,褌
e5ed,e8a48a,褊
e5ee,e8a493,褓
e5ef,e8a583,襃
e5f0,e8a49e,褞
e5f1,e8a4a5,褥
e5f2,e8a4aa,褪
e5f3,e8a4ab,褫
e5f4,e8a581,襁
e5f5,e8a584,襄
e5f6,e8a4bb,褻
e5f7,e8a4b6,褶
e5f8,e8a4b8,褸
e5f9,e8a58c,襌
e5fa,e8a49d,褝
e5fb,e8a5a0,襠
e5fc,e8a59e,襞
e640,e8a5a6,襦
e641,e8a5a4,襤
e643,e8a5aa,襪
e644,e8a5af,襯
e645,e8a5b4,襴
e646,e8a5b7,襷
e647,e8a5be,襾
e648,e8a683,覃
e649,e8a688,覈
e64a,e8a68a,覊
e64b,e8a693,覓
e64c,e8a698,覘
e64d,e8a6a1,覡
e64e,e8a6a9,覩
e64f,e8a6a6,覦
e650,e8a6ac,覬
e651,e8a6af,覯
e652,e8a6b2,覲
e653,e8a6ba,覺
e654,e8a6bd,覽
e655,e8a6bf,覿
e656,e8a780,觀
e657,e8a79a,觚
e658,e8a79c,觜
e659,e8a79d,觝
e65a,e8a7a7,觧
e65b,e8a7b4,觴
e65c,e8a7b8,觸
e65d,e8a883,訃
e65e,e8a896,訖
e65f,e8a890,訐
e660,e8a88c,訌
e661,e8a89b,訛
e662,e8a89d,訝
e663,e8a8a5,訥
e664,e8a8b6,訶
e665,e8a981,詁
e666,e8a99b,詛
e667,e8a992,詒
e668,e8a986,詆
e669,e8a988,詈
e66a,e8a9bc,詼
e66b,e8a9ad,詭
e66c,e8a9ac,詬
e66d,e8a9a2,詢
e66e,e8aa85,誅
e66f,e8aa82,誂
e670,e8aa84,誄
e671,e8aaa8,誨
e672,e8aaa1,誡
e673,e8aa91,誑
e674,e8aaa5,誥
e675,e8aaa6,誦
e676,e8aa9a,誚
e677,e8aaa3,誣
e678,e8ab84,諄
e679,e8ab8d,諍
e67a,e8ab82,諂
e67b,e8ab9a,諚
e67c,e8abab,諫
e67d,e8abb3,諳
e67e,e8aba7,諧
e680,e8aba4,諤
e681,e8abb1,諱
e682,e8ac94,謔
e683,e8aba0,諠
e684,e8aba2,諢
e685,e8abb7,諷
e686,e8ab9e,諞
e687,e8ab9b,諛
e688,e8ac8c,謌
e689,e8ac87,謇
e68a,e8ac9a,謚
e68b,e8aba1,諡
e68c,e8ac96,謖
e68d,e8ac90,謐
e68e,e8ac97,謗
e68f,e8aca0,謠
e690,e8acb3,謳
e691,e99eab,鞫
e692,e8aca6,謦
e693,e8acab,謫
e694,e8acbe,謾
e695,e8aca8,謨
e696,e8ad81,譁
e697,e8ad8c,譌
e698,e8ad8f,譏
e699,e8ad8e,譎
e69a,e8ad89,證
e69b,e8ad96,譖
e69d,e8ad9a,譚
e69e,e8adab,譫
e69f,e8ad9f,譟
e6a0,e8adac,譬
e6a1,e8adaf,譯
e6a2,e8adb4,譴
e6a3,e8adbd,譽
e6a4,e8ae80,讀
e6a5,e8ae8c,讌
e6a6,e8ae8e,讎
e6a7,e8ae92,讒
e6a8,e8ae93,讓
e6a9,e8ae96,讖
e6aa,e8ae99,讙
e6ab,e8ae9a,讚
e6ac,e8b0ba,谺
e6ad,e8b181,豁
e6ae,e8b0bf,谿
e6af,e8b188,豈
e6b0,e8b18c,豌
e6b1,e8b18e,豎
e6b2,e8b190,豐
e6b3,e8b195,豕
e6b4,e8b1a2,豢
e6b5,e8b1ac,豬
e6b6,e8b1b8,豸
e6b7,e8b1ba,豺
e6b8,e8b282,貂
e6b9,e8b289,貉
e6ba,e8b285,貅
e6bb,e8b28a,貊
e6bc,e8b28d,貍
e6bd,e8b28e,貎
e6be,e8b294,貔
e6bf,e8b1bc,豼
e6c0,e8b298,貘
e6c3,e8b2aa,貪
e6c4,e8b2bd,貽
e6c5,e8b2b2,貲
e6c6,e8b2b3,貳
e6c7,e8b2ae,貮
e6c8,e8b2b6,貶
e6c9,e8b388,賈
e6ca,e8b381,賁
e6cb,e8b3a4,賤
e6cc,e8b3a3,賣
e6cd,e8b39a,賚
e6ce,e8b3bd,賽
e6cf,e8b3ba,賺
e6d0,e8b3bb,賻
e6d1,e8b484,贄
e6d2,e8b485,贅
e6d3,e8b48a,贊
e6d4,e8b487,贇
e6d5,e8b48f,贏
e6d6,e8b48d,贍
e6d7,e8b490,贐
e6d8,e9bd8e,齎
e6d9,e8b493,贓
e6da,e8b38d,賍
e6db,e8b494,贔
e6dc,e8b496,贖
e6dd,e8b5a7,赧
e6de,e8b5ad,赭
e6df,e8b5b1,赱
e6e0,e8b5b3,赳
e6e1,e8b681,趁
e6e2,e8b699,趙
e6e3,e8b782,跂
e6e4,e8b6be,趾
e6e5,e8b6ba,趺
e6e6,e8b78f,跏
e6e7,e8b79a,跚
e6e8,e8b796,跖
e6e9,e8b78c,跌
e6ea,e8b79b,跛
e6eb,e8b78b,跋
e6ec,e8b7aa,跪
e6ed,e8b7ab,跫
e6ee,e8b79f,跟
e6ef,e8b7a3,跣
e6f0,e8b7bc,跼
e6f1,e8b888,踈
e6f2,e8b889,踉
e6f4,e8b89d,踝
e6f5,e8b89e,踞
e6f6,e8b890,踐
e6f7,e8b89f,踟
e6f8,e8b982,蹂
e6f9,e8b8b5,踵
e6fa,e8b8b0,踰
e6fb,e8b8b4,踴
e6fc,e8b98a,蹊
e740,e8b987,蹇
e741,e8b989,蹉
e742,e8b98c,蹌
e743,e8b990,蹐
e744,e8b988,蹈
e745,e8b999,蹙
e746,e8b9a4,蹤
e747,e8b9a0,蹠
e748,e8b8aa,踪
e749,e8b9a3,蹣
e74a,e8b995,蹕
e74b,e8b9b6,蹶
e74c,e8b9b2,蹲
e74d,e8b9bc,蹼
e74e,e8ba81,躁
e74f,e8ba87,躇
e750,e8ba85,躅
e751,e8ba84,躄
e752,e8ba8b,躋
e753,e8ba8a,躊
e754,e8ba93,躓
e755,e8ba91,躑
e756,e8ba94,躔
e757,e8ba99,躙
e758,e8baaa,躪
e759,e8baa1,躡
e75a,e8baac,躬
e75b,e8bab0,躰
e75c,e8bb86,軆
e75d,e8bab1,躱
e75e,e8babe,躾
e760,e8bb88,軈
e761,e8bb8b,軋
e762,e8bb9b,軛
e764,e8bbbc,軼
e765,e8bbbb,軻
e766,e8bbab,軫
e767,e8bbbe,軾
e768,e8bc8a,輊
e769,e8bc85,輅
e76a,e8bc95,輕
e76b,e8bc92,輒
e76c,e8bc99,輙
e76d,e8bc93,輓
e76e,e8bc9c,輜
e76f,e8bc9f,輟
e770,e8bc9b,輛
e771,e8bc8c,輌
e772,e8bca6,輦
e773,e8bcb3,輳
e774,e8bcbb,輻
e776,e8bd85,轅
e777,e8bd82,轂
e778,e8bcbe,輾
e779,e8bd8c,轌
e77a,e8bd89,轉
e77b,e8bd86,轆
e77c,e8bd8e,轎
e77d,e8bd97,轗
e77e,e8bd9c,轜
e780,e8bda2,轢
e781,e8bda3,轣
e782,e8bda4,轤
e783,e8be9c,辜
e784,e8be9f,辟
e785,e8bea3,辣
e786,e8bead,辭
e787,e8beaf,辯
e788,e8beb7,辷
e789,e8bf9a,迚
e78a,e8bfa5,迥
e78b,e8bfa2,迢
e78c,e8bfaa,迪
e78d,e8bfaf,迯
e78e,e98287,邇
e78f,e8bfb4,迴
e790,e98085,逅
e791,e8bfb9,迹
e792,e8bfba,迺
e793,e98091,逑
e794,e98095,逕
e795,e980a1,逡
e796,e9808d,逍
e797,e9809e,逞
e798,e98096,逖
e799,e9808b,逋
e79b,e980b6,逶
e79c,e980b5,逵
e79d,e980b9,逹
e79e,e8bfb8,迸
e79f,e9818f,遏
e7a0,e98190,遐
e7a1,e98191,遑
e7a2,e98192,遒
e7a3,e9808e,逎
e7a4,e98189,遉
e7a5,e980be,逾
e7a6,e98196,遖
e7a7,e98198,遘
e7a8,e9819e,遞
e7a9,e981a8,遨
e7aa,e981af,遯
e7ab,e981b6,遶
e7ac,e99aa8,隨
e7ad,e981b2,遲
e7ae,e98282,邂
e7af,e981bd,遽
e7b0,e98281,邁
e7b1,e98280,邀
e7b2,e9828a,邊
e7b3,e98289,邉
e7b4,e9828f,邏
e7b5,e982a8,邨
e7b6,e982af,邯
e7b7,e982b1,邱
e7b8,e982b5,邵
e7b9,e983a2,郢
e7ba,e983a4,郤
e7bb,e68988,扈
e7bc,e9839b,郛
e7bd,e98482,鄂
e7be,e98492,鄒
e7bf,e98499,鄙
e7c0,e984b2,鄲
e7c1,e984b0,鄰
e7c2,e9858a,酊
e7c3,e98596,酖
e7c4,e98598,酘
e7c5,e985a3,酣
e7c6,e985a5,酥
e7c7,e985a9,酩
e7c8,e985b3,酳
e7c9,e985b2,酲
e7ca,e9868b,醋
e7cb,e98689,醉
e7cc,e98682,醂
e7cd,e986a2,醢
e7ce,e986ab,醫
e7cf,e986af,醯
e7d0,e986aa,醪
e7d1,e986b5,醵
e7d2,e986b4,醴
e7d3,e986ba,醺
e7d4,e98780,釀
e7d5,e98781,釁
e7d6,e98789,釉
e7d7,e9878b,釋
e7d8,e98790,釐
e7da,e9879f,釟
e7db,e987a1,釡
e7dc,e9879b,釛
e7dd,e987bc,釼
e7de,e987b5,釵
e7e0,e9889e,鈞
e7e1,e987bf,釿
e7e2,e98894,鈔
e7e4,e98895,鈕
e7e5,e98891,鈑
e7e6,e9899e,鉞
e7e7,e98997,鉗
e7e8,e98985,鉅
e7e9,e98989,鉉
e7ea,e989a4,鉤
e7eb,e98988,鉈
e7ec,e98a95,銕
e7ed,e988bf,鈿
e7ee,e9898b,鉋
e7ef,e98990,鉐
e7f0,e98a9c,銜
e7f1,e98a96,銖
e7f2,e98a93,銓
e7f3,e98a9b,銛
e7f5,e98b8f,鋏
e7f6,e98ab9,銹
e7f7,e98ab7,銷
e7f8,e98ba9,鋩
e7f9,e98c8f,錏
e7fa,e98bba,鋺
e7fc,e98cae,錮
e840,e98c99,錙
e841,e98ca2,錢
e842,e98c9a,錚
e843,e98ca3,錣
e844,e98cba,錺
e845,e98cb5,錵
e846,e98cbb,錻
e847,e98d9c,鍜
e848,e98da0,鍠
e849,e98dbc,鍼
e84a,e98dae,鍮
e84c,e98eb0,鎰
e84d,e98eac,鎬
e84e,e98ead,鎭
e84f,e98e94,鎔
e850,e98eb9,鎹
e851,e98f96,鏖
e852,e98f97,鏗
e853,e98fa8,鏨
e855,e98f98,鏘
e856,e98f83,鏃
e857,e98f9d,鏝
e858,e98f90,鏐
e859,e98f88,鏈
e85a,e98fa4,鏤
e85b,e9909a,鐚
e85c,e99094,鐔
e85e,e99083,鐃
e860,e99090,鐐
e861,e990b6,鐶
e862,e990ab,鐫
e863,e990b5,鐵
e864,e990a1,鐡
e865,e990ba,鐺
e866,e99181,鑁
e867,e99192,鑒
e868,e99184,鑄
e869,e9919b,鑛
e86a,e991a0,鑠
e86b,e991a2,鑢
e86c,e9919e,鑞
e86d,e991aa,鑪
e86f,e991b0,鑰
e870,e991b5,鑵
e871,e991b7,鑷
e872,e991bd,鑽
e873,e9919a,鑚
e874,e991bc,鑼
e875,e991be,鑾
e876,e99281,钁
e877,e991bf,鑿
e878,e99682,閂
e879,e99687,閇
e87a,e9968a,閊
e87b,e99694,閔
e87c,e99696,閖
e87d,e99698,閘
e87e,e99699,閙
e880,e996a0,閠
e881,e996a8,閨
e882,e996a7,閧
e883,e996ad,閭
e884,e996bc,閼
e885,e996bb,閻
e886,e996b9,閹
e887,e996be,閾
e888,e9978a,闊
e889,e6bfb6,濶
e88a,e99783,闃
e88b,e9978d,闍
e88c,e9978c,闌
e88d,e99795,闕
e88e,e99794,闔
e88f,e99796,闖
e890,e9979c,關
e891,e997a1,闡
e892,e997a5,闥
e893,e997a2,闢
e894,e998a1,阡
e895,e998a8,阨
e896,e998ae,阮
e897,e998af,阯
e898,e99982,陂
e899,e9998c,陌
e89b,e9998b,陋
e89c,e999b7,陷
e89d,e9999c,陜
e89e,e9999e,陞
e89f,e9999d,陝
e8a0,e9999f,陟
e8a2,e999b2,陲
e8a3,e999ac,陬
e8a4,e99a8d,隍
e8a5,e99a98,隘
e8a6,e99a95,隕
e8a7,e99a97,隗
e8a8,e99aaa,險
e8a9,e99aa7,隧
e8aa,e99ab1,隱
e8ab,e99ab2,隲
e8ac,e99ab0,隰
e8ad,e99ab4,隴
e8ae,e99ab6,隶
e8af,e99ab8,隸
e8b0,e99ab9,隹
e8b1,e99b8e,雎
e8b2,e99b8b,雋
e8b3,e99b89,雉
e8b4,e99b8d,雍
e8b5,e8a58d,襍
e8b6,e99b9c,雜
e8b7,e99c8d,霍
e8b8,e99b95,雕
e8b9,e99bb9,雹
e8ba,e99c84,霄
e8bb,e99c86,霆
e8bd,e99c93,霓
e8be,e99c8e,霎
e8bf,e99c91,霑
e8c0,e99c8f,霏
e8c1,e99c96,霖
e8c2,e99c99,霙
e8c3,e99ca4,霤
e8c5,e99cb0,霰
e8c6,e99cb9,霹
e8c7,e99cbd,霽
e8c8,e99cbe,霾
e8c9,e99d84,靄
e8ca,e99d86,靆
e8cb,e99d88,靈
e8cc,e99d82,靂
e8cd,e99d89,靉
e8ce,e99d9c,靜
e8cf,e99da0,靠
e8d1,e99da6,靦
e8d2,e99da8,靨
e8d3,e58b92,勒
e8d4,e99dab,靫
e8d5,e99db1,靱
e8d6,e99db9,靹
e8d7,e99e85,鞅
e8d8,e99dbc,靼
e8d9,e99e81,鞁
e8da,e99dba,靺
e8db,e99e86,鞆
e8dc,e99e8b,鞋
e8dd,e99e8f,鞏
e8de,e99e90,鞐
e8df,e99e9c,鞜
e8e0,e99ea8,鞨
e8e1,e99ea6,鞦
e8e2,e99ea3,鞣
e8e3,e99eb3,鞳
e8e4,e99eb4,鞴
e8e5,e99f83,韃
e8e6,e99f86,韆
e8e7,e99f88,韈
e8e8,e99f8b,韋
e8e9,e99f9c,韜
e8ea,e99fad,韭
e8ec,e99fb2,韲
e8ed,e7ab9f,竟
e8ee,e99fb6,韶
e8ef,e99fb5,韵
e8f0,e9a08f,頏
e8f1,e9a08c,頌
e8f2,e9a0b8,頸
e8f3,e9a0a4,頤
e8f4,e9a0a1,頡
e8f5,e9a0b7,頷
e8f6,e9a0bd,頽
e8f7,e9a186,顆
e8f8,e9a18f,顏
e8f9,e9a18b,顋
e8fa,e9a1ab,顫
e8fb,e9a1af,顯
e8fc,e9a1b0,顰
e940,e9a1b1,顱
e941,e9a1b4,顴
e942,e9a1b3,顳
e943,e9a2aa,颪
e944,e9a2af,颯
e945,e9a2b1,颱
e946,e9a2b6,颶
e947,e9a384,飄
e948,e9a383,飃
e949,e9a386,飆
e94a,e9a3a9,飩
e94b,e9a3ab,飫
e94c,e9a483,餃
e94d,e9a489,餉
e94e,e9a492,餒
e94f,e9a494,餔
e950,e9a498,餘
e951,e9a4a1,餡
e952,e9a49d,餝
e953,e9a49e,餞
e954,e9a4a4,餤
e955,e9a4a0,餠
e956,e9a4ac,餬
e957,e9a4ae,餮
e958,e9a4bd,餽
e959,e9a4be,餾
e95a,e9a582,饂
e95b,e9a589,饉
e95c,e9a585,饅
e95d,e9a590,饐
e95e,e9a58b,饋
e95f,e9a591,饑
e960,e9a592,饒
e961,e9a58c,饌
e962,e9a595,饕
e963,e9a697,馗
e964,e9a698,馘
e965,e9a6a5,馥
e966,e9a6ad,馭
e967,e9a6ae,馮
e969,e9a79f,駟
e96a,e9a79b,駛
e96b,e9a79d,駝
e96c,e9a798,駘
e96d,e9a791,駑
e96e,e9a7ad,駭
e96f,e9a7ae,駮
e970,e9a7b1,駱
e972,e9a7bb,駻
e973,e9a7b8,駸
e974,e9a881,騁
e975,e9a88f,騏
e976,e9a885,騅
e977,e9a7a2,駢
e978,e9a899,騙
e979,e9a8ab,騫
e97a,e9a8b7,騷
e97b,e9a985,驅
e97c,e9a982,驂
e97d,e9a980,驀
e97e,e9a983,驃
e980,e9a8be,騾
e981,e9a995,驕
e982,e9a98d,驍
e983,e9a99b,驛
e984,e9a997,驗
e985,e9a99f,驟
e986,e9a9a2,驢
e987,e9a9a5,驥
e988,e9a9a4,驤
e989,e9a9a9,驩
e98a,e9a9ab,驫
e98b,e9a9aa,驪
e98c,e9aaad,骭
e98d,e9aab0,骰
e98e,e9aabc,骼
e98f,e9ab80,髀
e990,e9ab8f,髏
e991,e9ab91,髑
e992,e9ab93,髓
e993,e9ab94,體
e994,e9ab9e,髞
e995,e9ab9f,髟
e996,e9aba2,髢
e997,e9aba3,髣
e998,e9aba6,髦
e999,e9abaf,髯
e99a,e9abab,髫
e99b,e9abae,髮
e99c,e9abb4,髴
e99d,e9abb1,髱
e99e,e9abb7,髷
e99f,e9abbb,髻
e9a0,e9ac86,鬆
e9a1,e9ac98,鬘
e9a2,e9ac9a,鬚
e9a3,e9ac9f,鬟
e9a4,e9aca2,鬢
e9a5,e9aca3,鬣
e9a6,e9aca5,鬥
e9a7,e9aca7,鬧
e9a8,e9aca8,鬨
e9a9,e9aca9,鬩
e9aa,e9acaa,鬪
e9ab,e9acae,鬮
e9ac,e9acaf,鬯
e9ad,e9acb2,鬲
e9ae,e9ad84,魄
e9af,e9ad83,魃
e9b0,e9ad8f,魏
e9b1,e9ad8d,魍
e9b2,e9ad8e,魎
e9b3,e9ad91,魑
e9b4,e9ad98,魘
e9b5,e9adb4,魴
e9b6,e9ae93,鮓
e9b7,e9ae83,鮃
e9b8,e9ae91,鮑
e9ba,e9ae97,鮗
e9bb,e9ae9f,鮟
e9bc,e9aea0,鮠
e9bd,e9aea8,鮨
e9be,e9aeb4,鮴
e9bf,e9af80,鯀
e9c0,e9af8a,鯊
e9c1,e9aeb9,鮹
e9c4,e9af91,鯑
e9c5,e9af92,鯒
e9c6,e9afa3,鯣
e9c7,e9afa2,鯢
e9c8,e9afa4,鯤
e9c9,e9af94,鯔
e9ca,e9afa1,鯡
e9cb,e9b0ba,鰺
e9cd,e9afb1,鯱
e9ce,e9afb0,鯰
e9cf,e9b095,鰕
e9d0,e9b094,鰔
e9d1,e9b089,鰉
e9d2,e9b093,鰓
e9d3,e9b08c,鰌
e9d4,e9b086,鰆
e9d5,e9b088,鰈
e9d6,e9b092,鰒
e9d7,e9b08a,鰊
e9d9,e9b0ae,鰮
e9da,e9b09b,鰛
e9db,e9b0a5,鰥
e9dc,e9b0a4,鰤
e9dd,e9b0a1,鰡
e9de,e9b0b0,鰰
e9df,e9b187,鱇
e9e0,e9b0b2,鰲
e9e2,e9b0be,鰾
e9e3,e9b19a,鱚
e9e4,e9b1a0,鱠
e9e5,e9b1a7,鱧
e9e6,e9b1b6,鱶
e9e7,e9b1b8,鱸
e9e8,e9b3a7,鳧
e9e9,e9b3ac,鳬
e9ea,e9b3b0,鳰
e9eb,e9b489,鴉
e9ec,e9b488,鴈
e9ee,e9b483,鴃
e9ef,e9b486,鴆
e9f0,e9b4aa,鴪
e9f1,e9b4a6,鴦
e9f2,e9b6af,鶯
e9f3,e9b4a3,鴣
e9f4,e9b49f,鴟
e9f5,e9b584,鵄
e9f6,e9b495,鴕
e9f7,e9b492,鴒
e9f9,e9b4bf,鴿
e9fa,e9b4be,鴾
e9fb,e9b586,鵆
e9fc,e9b588,鵈
ea40,e9b59d,鵝
ea41,e9b59e,鵞
ea43,e9b591,鵑
ea44,e9b590,鵐
ea45,e9b599,鵙
ea46,e9b5b2,鵲
ea47,e9b689,鶉
ea48,e9b687,鶇
ea49,e9b6ab,鶫
ea4a,e9b5af,鵯
ea4b,e9b5ba,鵺
ea4c,e9b69a,鶚
ea4d,e9b6a4,鶤
ea4e,e9b6a9,鶩
ea4f,e9b6b2,鶲
ea50,e9b784,鷄
ea51,e9b781,鷁
ea52,e9b6bb,鶻
ea53,e9b6b8,鶸
ea54,e9b6ba,鶺
ea57,e9b782,鷂
ea58,e9b799,鷙
ea59,e9b793,鷓
ea5a,e9b7b8,鷸
ea5b,e9b7a6,鷦
ea5c,e9b7ad,鷭
ea5d,e9b7af,鷯
ea5e,e9b7bd,鷽
ea5f,e9b89a,鸚
ea60,e9b89b,鸛
ea61,e9b89e,鸞
ea62,e9b9b5,鹵
ea63,e9b9b9,鹹
ea64,e9b9bd,鹽
ea65,e9ba81,麁
ea66,e9ba88,麈
ea67,e9ba8b,麋
ea68,e9ba8c,麌
ea69,e9ba92,麒
ea6a,e9ba95,麕
ea6b,e9ba91,麑
ea6c,e9ba9d,麝
ea6d,e9baa5,麥
ea6e,e9baa9,麩
ea6f,e9bab8,麸
ea70,e9baaa,麪
ea71,e9baad,麭
ea72,e99da1,靡
ea73,e9bb8c,黌
ea74,e9bb8e,黎
ea75,e9bb8f,黏
ea76,e9bb90,黐
ea77,e9bb94,黔
ea78,e9bb9c,黜
ea79,e9bb9e,點
ea7a,e9bb9d,黝
ea7b,e9bba0,黠
ea7c,e9bba5,黥
ea7d,e9bba8,黨
ea7e,e9bbaf,黯
ea80,e9bbb4,黴
ea81,e9bbb6,黶
ea82,e9bbb7,黷
ea84,e9bbbb,黻
ea85,e9bbbc,黼
ea86,e9bbbd,黽
ea87,e9bc87,鼇
ea88,e9bc88,鼈
ea89,e79ab7,皷
ea8a,e9bc95,鼕
ea8b,e9bca1,鼡
ea8c,e9bcac,鼬
ea8d,e9bcbe,鼾
ea8e,e9bd8a,齊
ea8f,e9bd92,齒
ea90,e9bd94,齔
ea91,e9bda3,齣
ea92,e9bd9f,齟
ea93,e9bda0,齠
ea94,e9bda1,齡
ea95,e9bda6,齦
ea96,e9bda7,齧
ea97,e9bdac,齬
ea98,e9bdaa,齪
ea99,e9bdb7,齷
ea9a,e9bdb2,齲
ea9b,e9bdb6,齶
ea9c,e9be95,龕
ea9d,e9be9c,龜
ea9e,e9bea0,龠
ea9f,e5a0af,堯
eaa0,e6a787,槇
eaa1,e98199,遙
eaa2,e791a4,瑤
eaa3,e5879c,凜
eaa4,e78699,熙
fa49,e285b9,ⅹ
fa8d,e58e93,厓
fbae,e8b3b4,賴
